timestamp,scenario,ground_truth,cpu_percent,cpu_freq_mhz,memory_percent,memory_available_mb,disk_percent,disk_read_mbps,disk_write_mbps,net_sent_mb,net_recv_mb,process_count,system_id,os,cpu_count,total_ram_gb,z_cpu,z_mem,z_memavl,z_disk,rolling_mean_cpu,cpu_rate_of_change,mem_drop_rate,disk_burst_flag,pem_score,pem_status,md_score,md_status,fault_type,severity_level
26-07-2026 14:50,Idle,0,2.2,1200,67.1,5200.2,1.4,2.908,0.0,8.6,34.98,305,S1,Windows,18,15.43,-1.027170099186999,-0.3514106500254296,0.35153715017584364,-0.5915400795787135,2.2,0.0,0.0,0,0.60218967071464,NORMAL,1.3839415547430824,NORMAL,NORMAL,LOW
26-07-2026 14:50,Idle,0,5.6,1200,67.3,5174.7,1.4,0.263,3.774,8.7,47.13,303,S1,Windows,18,15.43,-0.9115404358537456,-0.3372924854268105,0.34014750851148035,-0.5681784919706022,3.9,3.3999999999999995,25.5,0,0.5563150764805833,NORMAL,1.8287110471346217,NORMAL,NORMAL,LOW
26-07-2026 14:50,Idle,0,10.3,1200,67.9,5080.6,1.4,4.332,7.833,8.95,47.57,305,S1,Windows,18,15.43,-0.7516994306577777,-0.2949379916309533,0.29811749750690864,-0.5430527145192712,6.033333333333334,4.700000000000001,94.09999999999945,0,0.48222526909185526,NORMAL,1.8482941258416905,NORMAL,NORMAL,LOW
26-07-2026 14:50,Idle,0,13.4,1200,65.2,5492.6,1.4,7.136,2.941,9.22,48.46,302,S1,Windows,18,15.43,-0.6462723846774584,-0.48553321371230823,0.48213837459387626,-0.5733348784246447,7.875,3.0999999999999996,-412.0,0,0.5506363301206342,NORMAL,2.0097352781238436,NORMAL,NORMAL,LOW
26-07-2026 14:50,Idle,0,15.0,1200,67.6,5123.9,1.4,6.643,2.632,9.41,49.54,303,S1,Windows,18,15.43,-0.5918584254618098,-0.3161152385288824,0.31745755570561146,-0.5752476316230831,9.3,1.5999999999999996,368.7000000000007,0,0.45093313666294654,NORMAL,1.150686272493368,NORMAL,NORMAL,LOW
26-07-2026 14:50,Idle,0,5.9,1200,67.1,5196.9,1.4,0.144,0.831,9.42,49.65,299,S1,Windows,18,15.43,-0.9013378185008115,-0.3514106500254296,0.35006319654869067,-0.5863960734042724,10.040000000000001,-9.1,-73.0,0,0.5631163945484648,NORMAL,1.4540847621072115,NORMAL,NORMAL,LOW
26-07-2026 14:50,Idle,0,6.4,1200,67.0,5223.0,1.4,0.453,0.45,9.43,49.67,298,S1,Windows,18,15.43,-0.8843334562459213,-0.3584697323247386,0.3617208297816274,-0.5887545166683663,10.200000000000001,0.5,-26.100000000000364,0,0.5629360258611967,NORMAL,1.9663984457027661,NORMAL,NORMAL,LOW
26-07-2026 14:50,Idle,0,4.2,1200,66.1,5361.1,1.4,0.04,0.307,9.45,49.73,298,S1,Windows,18,15.43,-0.9591526501674382,-0.4220014730185239,0.4234035558149048,-0.5896397066598766,8.98,-2.2,-138.10000000000036,0,0.616954889450745,NORMAL,1.4578671899295095,NORMAL,NORMAL,LOW
26-07-2026 14:50,Idle,0,3.3,1200,65.9,5390.6,1.4,0.346,0.229,9.46,49.74,299,S1,Windows,18,15.43,-0.9897605022262406,-0.436119637617142,0.4365798079364231,-0.5901225375643367,6.960000000000001,-0.9000000000000004,-29.5,0,0.6331045110531668,NORMAL,1.3593707001503619,NORMAL,NORMAL,LOW
26-07-2026 14:50,Idle,0,4.7,1200,65.5,5449.4,1.4,0.09,0.336,9.49,49.8,299,S1,Windows,18,15.43,-0.942148287912548,-0.46435596681438013,0.46284298165660165,-0.5894601926056543,4.9,1.4000000000000004,-58.79999999999927,0,0.6324119112705295,NORMAL,1.5354900616085467,NORMAL,NORMAL,LOW
26-07-2026 14:51,Idle,0,3.7,1200,65.5,5457.9,1.4,0.06,0.217,9.56,49.81,299,S1,Windows,18,15.43,-0.9761570124223284,-0.46435596681438013,0.4666395288780561,-0.590196819241946,4.46,-1.0,-8.5,0,0.643521163395013,NORMAL,1.6998446566241046,NORMAL,NORMAL,LOW
26-07-2026 14:51,Idle,0,3.1,1200,65.3,5487.8,1.4,0.526,0.141,9.71,49.84,294,S1,Windows,18,15.43,-0.9965622471281966,-0.4784741314129992,0.4799944420452902,-0.5906672698668046,3.8,-0.6000000000000001,-29.900000000000546,0,0.6566432559447777,NORMAL,1.5178922988325811,NORMAL,NORMAL,LOW
26-07-2026 14:51,Idle,0,2.8,1200,65.3,5485.6,1.4,0.087,0.323,9.73,49.85,296,S1,Windows,18,15.43,-1.0067648644811307,-0.4784741314129992,0.479011806293855,-0.5895406644230643,3.5200000000000005,-0.30000000000000027,2.199999999999818,0,0.6592821929116228,NORMAL,1.3825432217079612,NORMAL,NORMAL,LOW
26-07-2026 14:51,Idle,0,2.9,1200,65.2,5499.0,1.4,0.043,0.167,9.73,49.87,294,S1,Windows,18,15.43,-1.0033639920301527,-0.48553321371230823,0.48499695132532417,-0.5905063262319846,3.44,0.10000000000000009,-13.399999999999636,0,0.6617698172342001,NORMAL,1.405891063646977,NORMAL,NORMAL,LOW
26-07-2026 14:51,Idle,0,3.3,1200,65.1,5514.5,1.4,0.041,0.038,9.73,49.88,293,S1,Windows,18,15.43,-0.9897605022262406,-0.4925922960116183,0.4919200668467999,-0.5913048542662841,3.16,0.3999999999999999,-15.5,0,0.6613508236939745,NORMAL,1.4122393788599081,NORMAL,NORMAL,LOW
26-07-2026 14:51,Idle,0,4.1,1200,65.0,5531.4,1.4,0.016,0.13,9.75,49.9,293,S1,Windows,18,15.43,-0.9625535226184162,-0.4996513783109273,0.4994684960282797,-0.5907353614046131,3.2399999999999998,0.7999999999999998,-16.899999999999636,0,0.6567022417653816,NORMAL,1.341375743930854,NORMAL,NORMAL,LOW
26-07-2026 14:51,Idle,0,2.9,1200,65.0,5524.8,1.4,0.343,0.866,9.75,49.93,293,S1,Windows,18,15.43,-1.0033639920301527,-0.4996513783109273,0.49652058877397415,-0.5861794185112454,3.2,-1.1999999999999997,6.599999999999454,0,0.667444612559368,NORMAL,2.0968429980697816,NORMAL,NORMAL,LOW
26-07-2026 14:51,Idle,0,2.8,1200,65.0,5529.6,1.4,0.003,0.139,9.75,49.94,292,S1,Windows,18,15.43,-1.0067648644811307,-0.4996513783109273,0.4986645213225603,-0.5906796501464062,3.1999999999999997,-0.10000000000000009,-4.800000000000182,0,0.6697937071314107,NORMAL,1.477022691050053,NORMAL,NORMAL,LOW
26-07-2026 14:51,Idle,0,1.8,1200,65.0,5538.5,1.4,0.0,0.023,9.78,49.98,292,S1,Windows,18,15.43,-1.040773588990911,-0.4996513783109273,0.50263972958973,-0.5913977063632957,2.9799999999999995,-0.9999999999999998,-8.899999999999636,0,0.6809349773811567,NORMAL,1.9730238513262799,NORMAL,NORMAL,LOW
26-07-2026 14:51,Idle,0,2.0,1200,65.0,5525.1,1.4,0.0,0.073,9.79,50.0,292,S1,Windows,18,15.43,-1.0339718440889551,-0.4996513783109273,0.49665458455826084,-0.5910881993732572,2.7199999999999998,0.19999999999999996,13.399999999999636,0,0.6776355235062683,NORMAL,2.0694123595682252,NORMAL,NORMAL,LOW
26-07-2026 14:51,Idle,0,12.2,1200,66.9,5229.4,1.4,7.973,0.865,9.81,50.03,299,S1,Windows,18,15.43,-0.6870828540891949,-0.3655288146240476,0.36457940651307524,-0.5861856086510462,4.34,10.2,295.7000000000007,0,0.5059365036467971,NORMAL,1.195542079128028,NORMAL,NORMAL,LOW
26-07-2026 14:51,Idle,0,8.7,1200,66.5,5293.6,1.4,24.863,0.303,9.82,50.08,300,S1,Windows,18,15.43,-0.8061133898734264,-0.3937651438212858,0.39325450435041376,-0.5896644672190797,5.5,-3.5,-64.20000000000073,0,0.5565473544223124,NORMAL,1.2227568927536012,NORMAL,NORMAL,LOW
26-07-2026 14:52,Idle,0,10.9,1200,66.0,5380.3,1.4,14.941,0.473,9.83,50.23,300,S1,Windows,18,15.43,-0.7312941959519095,-0.42906055531783294,0.43197928600924884,-0.5886121434529485,7.12,2.200000000000001,-86.69999999999982,0,0.5522247112733623,NORMAL,1.7644116503487293,NORMAL,NORMAL,LOW
26-07-2026 14:52,Idle,0,9.9,1200,66.6,5277.6,1.4,9.23,0.201,9.83,50.23,302,S1,Windows,18,15.43,-0.7653029204616899,-0.38670606152197673,0.38610806252179364,-0.5902958614787585,8.74,-1.0,102.69999999999982,0,0.5408834793952104,NORMAL,1.2001285023027315,NORMAL,NORMAL,LOW
26-07-2026 14:52,Idle,0,21.2,1200,64.9,5551.8,1.4,6.271,0.739,9.87,50.33,301,S1,Windows,18,15.43,-0.38100433350117124,-0.5067104606102364,0.5085802093597706,-0.5869655662659433,12.580000000000002,11.299999999999999,-274.1999999999998,0,0.48542359335856505,NORMAL,1.2471271327425397,NORMAL,NORMAL,LOW
26-07-2026 14:52,Idle,0,17.0,1200,63.8,5713.9,1.4,2.346,0.384,9.88,50.41,306,S1,Windows,18,15.43,-0.5238409764422489,-0.5843603659026407,0.5809825981359777,-0.5891630658952172,13.540000000000001,-4.199999999999999,-162.09999999999945,0,0.5664895355097059,NORMAL,1.981445899806634,NORMAL,NORMAL,LOW
26-07-2026 14:52,Idle,0,13.6,1200,64.3,5643.5,1.4,1.704,0.261,9.89,50.43,312,S1,Windows,18,15.43,-0.6394706397755022,-0.5490649544060936,0.5495382540900494,-0.5899244530907122,14.52,-3.4000000000000004,70.39999999999964,0,0.5844532196906311,NORMAL,1.0960530456893622,NORMAL,NORMAL,LOW
26-07-2026 14:52,Idle,0,17.0,1200,64.7,5572.7,1.4,1.797,0.316,9.89,50.44,316,S1,Windows,18,15.43,-0.5238409764422489,-0.5208286252088554,0.5179152489984055,-0.5895839954016696,15.739999999999998,3.4000000000000004,70.80000000000018,0,0.5349007293753463,NORMAL,1.77764690190399,NORMAL,NORMAL,LOW
26-07-2026 14:52,Idle,0,19.4,1200,64.5,5618.4,1.4,7.859,7.496,9.91,50.5,335,S1,Windows,18,15.43,-0.442220037618776,-0.5349467898074745,0.5383272734714015,-0.5451387916321311,17.639999999999997,2.3999999999999986,-45.69999999999982,0,0.5098432612485817,NORMAL,1.8407472570852137,NORMAL,NORMAL,LOW
26-07-2026 14:52,Idle,0,31.3,1200,65.4,5469.5,1.4,23.821,4.591,10.07,51.3,327,S1,Windows,18,15.43,-0.037516215952389034,-0.4714150491136892,0.4718206992038058,-0.563121147753372,19.66,11.900000000000002,148.89999999999964,0,0.359667748911259,NORMAL,0.7741430853945684,NORMAL,NORMAL,LOW
26-07-2026 14:52,Idle,0,23.5,1200,70.5,4666.9,1.4,8.539,2.273,10.14,51.55,323,S1,Windows,18,15.43,-0.30278426712867623,-0.11140185184890837,0.11333731097564974,-0.57746989181156,20.96,-7.800000000000001,802.6000000000004,0,0.2624172762507173,NORMAL,1.170457755490285,NORMAL,NORMAL,LOW
26-07-2026 14:52,Idle,0,14.0,1200,69.2,4863.8,1.4,4.423,0.489,10.14,51.58,318,S1,Windows,18,15.43,-0.6258671499715902,-0.20316992173993084,0.20128321072910613,-0.5885131012161362,21.04,-9.5,-196.90000000000055,0,0.4066703839025048,NORMAL,1.4119007867628257,NORMAL,NORMAL,LOW
26-07-2026 14:52,Idle,0,23.5,1200,66.1,5356.7,1.4,4.873,0.888,10.28,51.66,322,S1,Windows,18,15.43,-0.30278426712867623,-0.4220014730185239,0.421438284312034,-0.5860432354356284,22.339999999999996,9.5,-492.89999999999964,0,0.41893202599369256,NORMAL,0.8889488626953244,NORMAL,NORMAL,LOW
26-07-2026 14:52,Idle,0,14.9,1200,66.6,5273.9,1.4,3.203,5.127,10.29,51.67,324,S1,Windows,18,15.43,-0.5952592979127879,-0.38670606152197673,0.38445544784892494,-0.5598032328201585,21.44,-8.6,82.80000000000018,0,0.4834413439642461,NORMAL,1.5143086475373921,NORMAL,NORMAL,LOW
26-07-2026 14:53,Idle,0,14.5,1200,66.4,5316.4,1.4,2.108,2.613,10.32,51.76,328,S1,Windows,18,15.43,-0.6088627877167,-0.4008242261205948,0.40343818395619707,-0.5753652442792978,18.080000000000002,-0.40000000000000036,-42.5,0,0.4986667897982874,NORMAL,1.5809965857164117,NORMAL,NORMAL,LOW
26-07-2026 14:53,Idle,0,16.2,1200,66.6,5286.7,1.4,20.19,10.893,10.37,51.81,331,S1,Windows,18,15.43,-0.5510479560500733,-0.38670606152197673,0.3901726013118211,-0.5241108867289106,16.619999999999997,1.6999999999999993,29.699999999999818,0,0.4641829028797614,NORMAL,1.8784790266895013,NORMAL,NORMAL,LOW
26-07-2026 14:53,Idle,0,23.1,1200,67.2,5176.6,1.4,2.999,0.595,10.39,51.83,333,S1,Windows,18,15.43,-0.31638775693258836,-0.3443515677261195,0.34099614847862925,-0.5878569463972545,18.44,6.900000000000002,110.09999999999945,0,0.38399241637278914,NORMAL,1.8686566435860692,NORMAL,NORMAL,LOW
26-07-2026 14:53,Idle,0,3.8,1200,66.6,5278.9,1.4,0.136,0.327,10.41,51.85,328,S1,Windows,18,15.43,-0.9727561399713504,-0.38670606152197673,0.3866887109203687,-0.5895159038638612,14.5,-19.3,-102.29999999999927,0,0.6030795834048441,NORMAL,1.3338830003639401,NORMAL,NORMAL,LOW
26-07-2026 14:53,Idle,0,3.7,1200,64.9,5541.2,1.4,0.298,0.197,10.41,51.88,317,S1,Windows,18,15.43,-0.9761570124223284,-0.5067104606102364,0.5038456916483096,-0.5903206220379614,12.26,-0.09999999999999964,-262.3000000000002,0,0.6636935046470237,NORMAL,1.9860678228998099,NORMAL,NORMAL,LOW
26-07-2026 14:53,Idle,0,2.5,1200,64.9,5546.6,1.4,0.01,0.026,10.43,51.9,317,S1,Windows,18,15.43,-1.0169674818340648,-0.5067104606102364,0.5062576157654691,-0.5913791359438934,9.86,-1.2000000000000002,-5.400000000000546,0,0.6766307330751629,NORMAL,1.411862888064571,NORMAL,NORMAL,LOW
26-07-2026 14:53,Idle,0,5.4,1200,64.9,5553.6,1.4,2.889,2.807,10.56,61.28,319,S1,Windows,18,15.43,-0.9183421807557017,-0.5067104606102364,0.5093841840654905,-0.5741643571579481,7.7,2.9000000000000004,-7.0,0,0.6442255006544692,NORMAL,1.7831254366473253,NORMAL,NORMAL,LOW
26-07-2026 14:53,Idle,0,10.8,1200,68.7,4946.0,1.4,138.355,13.532,10.59,62.99,315,S1,Windows,18,15.43,-0.7346950684028875,-0.238465333236478,0.23799805562364182,-0.5077751077946749,5.24,5.4,607.6000000000004,0,0.441102753175473,NORMAL,1.088893437596699,NORMAL,NORMAL,LOW
26-07-2026 14:53,Idle,0,7.9,1200,71.9,4444.9,1.4,2.449,134.043,10.61,63.01,314,S1,Windows,18,15.43,-0.8333203694812507,-0.01257469965857588,0.014180430603545797,0.2382048297360865,6.0600000000000005,-2.9000000000000004,501.10000000000036,0,0.3042455728098744,NORMAL,1.1731621623363813,NORMAL,DISK,LOW
26-07-2026 14:53,Idle,0,7.1,1200,72.4,4357.1,1.4,3.201,0.27,10.61,63.02,312,S1,Windows,18,15.43,-0.8605273490890749,0.022720711837971298,-0.025035668931006696,-0.5898687418325052,6.74,-0.8000000000000007,87.79999999999927,0,0.3879553004308162,NORMAL,1.748175528524264,NORMAL,NORMAL,LOW
26-07-2026 14:53,Idle,0,6.9,1200,72.4,4360.2,1.4,1.417,0.167,10.61,63.04,312,S1,Windows,18,15.43,-0.8673290939910311,0.022720711837971298,-0.023651045826711795,-0.5905063262319846,7.62,-0.1999999999999993,-3.0999999999994543,0,0.38984641616043997,NORMAL,1.3857325169067023,NORMAL,NORMAL,LOW
26-07-2026 14:53,Idle,0,7.4,1200,72.2,4393.3,1.4,1.607,0.178,10.63,63.07,310,S1,Windows,18,15.43,-0.8503247317361409,0.008602547239352226,-0.008866844293753794,-0.5904382346941761,8.02,0.5,-33.100000000000364,0,0.3775391994902339,NORMAL,1.2789322219690844,NORMAL,NORMAL,LOW
26-07-2026 14:54,Idle,0,17.4,1200,65.4,5464.3,1.4,11.231,158.787,10.81,66.1,306,S1,Windows,18,15.43,-0.5102374866383368,-0.4714150491136892,0.4694981056095044,0.3913736489663739,9.34,9.999999999999998,-1071.0,0,0.4666701116407834,NORMAL,1.1282491729151785,NORMAL,DISK,LOW
26-07-2026 14:54,Idle,0,13.4,1200,67.2,5185.6,1.4,44.965,126.895,10.92,69.51,305,S1,Windows,18,15.43,-0.6462723846774584,-0.3443515677261195,0.34501602200722803,0.19395771044017254,10.44,-3.9999999999999982,278.6999999999998,0,0.40498193221055345,NORMAL,0.7366262609507255,NORMAL,DISK,LOW
26-07-2026 14:54,Idle,0,12.2,1200,67.2,5182.5,1.4,9.266,23.05,10.93,70.98,308,S1,Windows,18,15.43,-0.6870828540891949,-0.3443515677261195,0.3436313989029327,-0.44885735717093284,11.459999999999999,-1.200000000000001,3.100000000000364,0,0.46792807775936746,NORMAL,1.0483047246681994,NORMAL,NORMAL,LOW
26-07-2026 14:54,Idle,0,14.0,1200,65.3,5476.9,1.4,6.28,11.341,10.98,71.66,310,S1,Windows,18,15.43,-0.6258671499715902,-0.4784741314129992,0.4751259285495425,-0.521337704098165,12.879999999999999,1.8000000000000007,-294.39999999999964,0,0.5305951109449183,NORMAL,1.9570146479931916,NORMAL,NORMAL,LOW
26-07-2026 14:54,Idle,0,8.5,1200,65.2,5500.9,1.4,1.287,0.619,11.05,71.71,309,S1,Windows,18,15.43,-0.8129151347753825,-0.48553321371230823,0.4858455912924726,-0.587708383042036,13.1,-5.5,-24.0,0,0.6042452994132089,NORMAL,1.2026845165741147,NORMAL,NORMAL,LOW
26-07-2026 14:54,Idle,0,14.0,1200,65.5,5449.6,1.4,5.491,4.34,11.08,71.82,311,S1,Windows,18,15.43,-0.6258671499715902,-0.46435596681438013,0.46293231217945974,-0.5646748728433656,12.42,5.5,51.29999999999927,0,0.5325883720403561,NORMAL,1.2722968471722005,NORMAL,NORMAL,LOW
26-07-2026 14:54,Idle,0,8.9,1200,65.4,5462.2,1.4,2.247,3.11,11.08,71.82,308,S1,Windows,18,15.43,-0.7993116449714703,-0.4714150491136892,0.46856013511949784,-0.5722887447983144,11.52,-5.1,-12.599999999999454,0,0.5893877842091103,NORMAL,1.8663922544876805,NORMAL,NORMAL,LOW
26-07-2026 14:54,Idle,0,14.9,1200,65.6,5438.8,1.4,44.119,9.657,11.08,71.84,310,S1,Windows,18,15.43,-0.5952592979127879,-0.4572968845150711,0.4581084639451411,-0.5317618995226641,12.059999999999999,6.0,23.399999999999636,0,0.5137409274219187,NORMAL,1.0364208158936357,NORMAL,NORMAL,LOW
26-07-2026 14:54,Idle,0,10.4,1200,65.6,5433.1,1.4,0.296,0.18,11.09,71.86,308,S1,Windows,18,15.43,-0.7482985582067997,-0.4572968845150711,0.4555625440436953,-0.5904258544145745,11.34,-4.5,5.699999999999818,0,0.5708763125082151,NORMAL,1.4581007031063136,NORMAL,NORMAL,LOW
26-07-2026 14:54,Idle,0,11.3,1200,65.2,5497.9,1.4,5.33,17.331,11.1,72.85,308,S1,Windows,18,15.43,-0.7176907061479972,-0.48553321371230823,0.48450563344960634,-0.4842587666915444,11.9,0.9000000000000004,-64.79999999999927,0,0.5547200559863218,NORMAL,1.1824690816853618,NORMAL,NORMAL,LOW
26-07-2026 14:54,Idle,0,16.7,1200,66.1,5359.2,1.4,10.408,6.462,11.28,77.47,311,S1,Windows,18,15.43,-0.5340435937951831,-0.4220014730185239,0.4225549158477559,-0.5515393961861287,12.440000000000001,5.399999999999999,138.69999999999982,0,0.481632382450889,NORMAL,0.9643542321876343,NORMAL,NORMAL,LOW
26-07-2026 14:54,Idle,0,5.2,1200,65.8,5405.4,1.4,0.645,0.627,11.31,79.0,307,S1,Windows,18,15.43,-0.9251439256576578,-0.443178719916452,0.4431902666278964,-0.5876588619236298,11.7,-11.5,-46.19999999999982,0,0.6166666193825382,NORMAL,1.2920039735293853,NORMAL,NORMAL,LOW
26-07-2026 14:55,Idle,0,10.3,1200,66.8,5239.5,1.4,16.768,0.866,11.41,79.74,307,S1,Windows,18,15.43,-0.7516994306577777,-0.3725878969233577,0.36909059791739185,-0.5861794185112454,10.780000000000001,5.1000000000000005,165.89999999999964,0,0.5283402015600681,NORMAL,2.095395094685354,NORMAL,NORMAL,LOW
26-07-2026 14:55,Idle,0,14.5,1200,68.7,4947.0,1.4,30.245,2.315,11.64,87.99,308,S1,Windows,18,15.43,-0.6088627877167,-0.238465333236478,0.23844470823793057,-0.5772099059399277,11.6,4.199999999999999,292.5,0,0.4173293591215251,NORMAL,0.996810186783888,NORMAL,NORMAL,LOW
26-07-2026 14:55,Idle,0,13.7,1200,67.8,5094.8,1.4,43.853,0.717,11.66,88.58,306,S1,Windows,18,15.43,-0.6360697673245242,-0.3019970739302633,0.30445996462980884,-0.5871017493415603,12.08,-0.8000000000000007,-147.80000000000018,0,0.4597323951707101,NORMAL,1.535803603404629,NORMAL,NORMAL,LOW
26-07-2026 14:55,Idle,0,12.1,1200,67.9,5068.4,1.4,54.275,0.276,11.67,88.6,306,S1,Windows,18,15.43,-0.6904837265401729,-0.2949379916309533,0.29266833561258543,-0.5898316009937006,11.16,-1.5999999999999996,26.400000000000546,0,0.47212650277259505,NORMAL,1.5860401581993078,NORMAL,NORMAL,LOW
26-07-2026 14:55,Idle,0,28.8,1200,67.9,5076.4,1.4,67.717,8.095,11.67,88.61,308,S1,Windows,18,15.43,-0.12253802722684005,-0.2949379916309533,0.2962415565268955,-0.541430897891469,15.88,16.700000000000003,-8.0,0,0.2927772965410109,NORMAL,0.8886840277812498,NORMAL,NORMAL,LOW
26-07-2026 14:55,Idle,0,20.2,1200,68.0,5064.8,1.4,45.776,5.814,11.67,88.62,306,S1,Windows,18,15.43,-0.4150130580109516,-0.2878789093316443,0.29106038620114616,-0.5555506067770286,17.86,-8.600000000000001,11.599999999999454,0,0.3801897887984137,NORMAL,1.7127596702734231,NORMAL,NORMAL,LOW
26-07-2026 14:55,Idle,0,9.2,1200,67.3,5167.7,1.4,37.825,5.002,11.67,88.64,306,S1,Windows,18,15.43,-0.7891090276185362,-0.3372924854268105,0.33702094021145906,-0.5605770002952549,16.8,-11.0,-102.89999999999964,0,0.5174400420149468,NORMAL,1.1576608774133037,NORMAL,NORMAL,LOW
26-07-2026 14:55,Idle,0,9.1,1200,67.5,5132.0,1.4,29.908,2.72,11.7,88.66,305,S1,Windows,18,15.43,-0.7925099000695142,-0.3231743208281914,0.3210754418813505,-0.5747028993206152,15.879999999999999,-0.09999999999999964,35.69999999999982,0,0.5138609345097048,NORMAL,1.5833791654265048,NORMAL,NORMAL,LOW
26-07-2026 14:55,Idle,0,7.0,1200,67.4,5145.2,1.4,27.348,0.389,11.74,88.72,305,S1,Windows,18,15.43,-0.863928221540053,-0.3302334031275005,0.32697125638996205,-0.5891321151962133,14.86,-2.0999999999999996,-13.199999999999818,0,0.5414691617175011,NORMAL,2.0602971874644216,NORMAL,NORMAL,LOW
26-07-2026 14:55,Idle,0,8.0,1200,67.4,5152.7,1.4,34.217,1.245,11.81,88.77,305,S1,Windows,18,15.43,-0.8299194970302726,-0.3302334031275005,0.3303211509971277,-0.583833355526753,10.7,1.0,-7.5,0,0.5308767713521081,NORMAL,1.1955438334187478,NORMAL,NORMAL,LOW
26-07-2026 14:55,Idle,0,6.4,1200,67.4,5158.6,1.4,48.631,1.939,11.83,88.8,305,S1,Windows,18,15.43,-0.8843334562459213,-0.3302334031275005,0.3329564014214316,-0.5795373985050177,7.9399999999999995,-1.5999999999999996,-5.900000000000546,0,0.5468688177973164,NORMAL,1.7705321751255578,NORMAL,NORMAL,LOW
26-07-2026 14:55,Idle,0,5.4,1200,65.9,5386.7,1.4,21.015,0.794,11.84,88.82,303,S1,Windows,18,15.43,-0.9183421807557017,-0.436119637617142,0.43483786274069675,-0.586625108576901,7.18,-1.0,-228.09999999999945,0,0.6106311397753726,NORMAL,1.4564496321344338,NORMAL,NORMAL,LOW
26-07-2026 14:56,Idle,0,2.6,1200,65.1,5516.7,1.4,0.052,0.217,11.84,88.83,303,S1,Windows,18,15.43,-1.0135666093830868,-0.4925922960116183,0.49290270259823504,-0.590196819241946,5.88,-2.8000000000000003,-130.0,0,0.6684675759864478,NORMAL,1.3793330357923446,NORMAL,NORMAL,LOW
26-07-2026 14:56,Idle,0,1.9,1200,65.1,5516.7,1.4,0.003,0.016,11.84,88.84,303,S1,Windows,18,15.43,-1.0373727165399331,-0.4925922960116183,0.49290270259823504,-0.591441037341901,4.859999999999999,-0.7000000000000002,0.0,0,0.6758582517534927,NORMAL,1.401680707188522,NORMAL,NORMAL,LOW
26-07-2026 14:56,Idle,0,2.4,1200,65.1,5520.7,1.4,0.006,0.112,11.87,88.86,303,S1,Windows,18,15.43,-1.020368354285043,-0.4925922960116183,0.4946893130553901,-0.5908467839210271,3.7399999999999998,0.5,-4.0,0,0.6709954144842818,NORMAL,1.6802799611443007,NORMAL,NORMAL,LOW
26-07-2026 14:56,Idle,0,2.9,1200,65.1,5520.5,1.4,0.031,0.083,11.87,88.88,301,S1,Windows,18,15.43,-1.0033639920301527,-0.4925922960116183,0.4945999825325324,-0.5910262979752494,3.04,0.5,0.1999999999998181,0,0.6659121425140877,NORMAL,1.6435166327699393,NORMAL,NORMAL,LOW
26-07-2026 14:56,Idle,0,2.9,1200,65.1,5521.4,1.4,0.003,0.071,11.89,88.9,301,S1,Windows,18,15.43,-1.0033639920301527,-0.4925922960116183,0.49500196988539213,-0.5911005796528587,2.54,0.0,-0.8999999999996362,0,0.6660073963201816,NORMAL,1.7595802998072616,NORMAL,NORMAL,LOW
26-07-2026 14:56,Idle,0,4.3,1200,65.5,5457.8,1.4,0.031,0.091,11.92,89.84,301,S1,Windows,18,15.43,-0.9557517777164601,-0.46435596681438013,0.46659486361662744,-0.5909767768568432,2.88,1.4,63.599999999999454,0,0.6375466514539463,NORMAL,1.672741939718387,NORMAL,NORMAL,LOW
26-07-2026 14:56,Idle,0,4.4,1200,65.5,5457.5,1.4,1.497,3.301,11.94,90.43,301,S1,Windows,18,15.43,-0.9523509052654822,-0.46435596681438013,0.46646086783234075,-0.571106428096367,3.38,0.10000000000000053,0.3000000000001819,0,0.6325255208097003,NORMAL,1.6207246367624744,NORMAL,NORMAL,LOW
26-07-2026 14:56,Idle,0,10.5,1200,66.6,5275.3,1.4,0.832,0.338,12.09,97.2,301,S1,Windows,18,15.43,-0.7448976857558216,-0.38670606152197673,0.3850807615089294,-0.5894478123260527,5.0,6.1,182.19999999999982,0,0.5343868389503359,NORMAL,1.414749507078019,NORMAL,NORMAL,LOW
26-07-2026 14:56,Idle,0,4.3,1200,66.4,5305.1,1.4,0.025,0.126,12.1,97.84,301,S1,Windows,18,15.43,-0.9557517777164601,-0.4008242261205948,0.39839100941473443,-0.5907601219638162,5.28,-6.2,-29.800000000000182,0,0.6048030274268267,NORMAL,1.8169484027548168,NORMAL,NORMAL,LOW
26-07-2026 14:56,Idle,0,5.0,1200,65.6,5443.0,1.4,0.009,0.068,12.1,97.85,300,S1,Windows,18,15.43,-0.9319456705596139,-0.4572968845150711,0.4599844049251538,-0.591119150072261,5.7,0.7000000000000002,-137.89999999999964,0,0.6269934775218885,NORMAL,1.7992665595285076,NORMAL,NORMAL,LOW
26-07-2026 14:56,Idle,0,8.6,1200,67.5,5138.9,1.4,0.226,0.52,12.21,101.01,298,S1,Windows,18,15.43,-0.8095142623244044,-0.3231743208281914,0.3241573449199428,-0.5883212068823124,6.56,3.5999999999999996,304.10000000000036,0,0.5223022853062298,NORMAL,1.2513660772213433,NORMAL,NORMAL,LOW
26-07-2026 14:56,Idle,0,5.1,1200,66.8,5254.6,1.4,11.249,0.276,12.22,101.03,301,S1,Windows,18,15.43,-0.9285447981086358,-0.3725878969233577,0.37583505239315224,-0.5898316009937006,6.7,-3.5,-115.70000000000073,0,0.5834731391869686,NORMAL,1.9907924439557847,NORMAL,NORMAL,LOW
26-07-2026 14:57,Idle,0,4.8,1200,67.3,5168.9,1.4,0.758,0.426,12.26,101.7,300,S1,Windows,18,15.43,-0.9387474154615699,-0.3372924854268105,0.3375569233486055,-0.5889030800235848,5.56,-0.2999999999999998,85.70000000000073,0,0.5681039709409522,NORMAL,1.3005305703656036,NORMAL,NORMAL,LOW
26-07-2026 14:57,Idle,0,6.8,1200,67.4,5158.8,1.4,0.195,0.829,12.34,103.54,299,S1,Windows,18,15.43,-0.8707299664420091,-0.3302334031275005,0.33304573194428927,-0.586408453683874,6.06,2.0,10.099999999999454,0,0.5441798479964854,NORMAL,1.7965634422276513,NORMAL,NORMAL,LOW
26-07-2026 14:57,Idle,0,14.7,1200,68.9,4915.9,1.4,1.63,0.652,12.59,106.49,305,S1,Windows,18,15.43,-0.6020610428147439,-0.22434716863785895,0.2245538119335501,-0.5875041084286104,8.0,7.8999999999999995,242.90000000000055,0,0.4103340475082129,NORMAL,0.998143376202935,NORMAL,NORMAL,LOW
26-07-2026 14:57,Idle,0,12.1,1200,69.1,4890.2,1.4,1.177,1.156,12.8,109.75,308,S1,Windows,18,15.43,-0.6904837265401729,-0.21022900403924086,0.21307483974632913,-0.5843842779690217,8.7,-2.5999999999999996,25.699999999999818,0,0.42970564271689426,NORMAL,1.7048175188307209,NORMAL,NORMAL,LOW
26-07-2026 14:57,Idle,0,12.6,1200,69.2,4870.9,1.4,4.552,12.88,12.9,112.24,309,S1,Windows,18,15.43,-0.6734793642852827,-0.20316992173993084,0.20445444429055606,-0.511811078944778,10.2,0.5,19.300000000000182,0,0.40624789045463083,NORMAL,1.1514673640603788,NORMAL,NORMAL,LOW
26-07-2026 14:57,Idle,0,10.8,1200,70.5,4667.6,1.4,46.954,7.807,12.91,112.41,312,S1,Windows,18,15.43,-0.7346950684028875,-0.11140185184890837,0.11364996780565219,-0.5432136581540912,11.4,-1.799999999999999,203.29999999999927,0,0.3852018012674874,NORMAL,1.5043606710086481,NORMAL,NORMAL,LOW
26-07-2026 14:57,Idle,0,15.5,1200,72.8,4304.9,1.4,6.437,8.921,12.96,113.08,313,S1,Windows,18,15.43,-0.5748540632069196,0.050957041035208435,-0.04835093539688011,-0.5363178424160319,13.14,4.699999999999999,362.7000000000007,0,0.3046770868352208,NORMAL,1.5561019539506498,NORMAL,NORMAL,LOW
26-07-2026 14:57,Idle,0,10.0,1200,69.3,4857.2,1.4,5.228,62.636,12.97,113.63,306,S1,Windows,18,15.43,-0.7619020480107118,-0.1961108394406218,0.19833530347480016,-0.20381448301759642,12.2,-5.5,-552.3000000000002,0,0.3678338235338794,NORMAL,1.3724505287322308,NORMAL,NORMAL,LOW
26-07-2026 14:57,Idle,0,4.8,1200,66.9,5235.7,1.4,0.176,0.42,13.02,114.7,306,S1,Windows,18,15.43,-0.9387474154615699,-0.3655288146240476,0.3673933179830945,-0.5889402208623894,10.739999999999998,-5.2,-378.5,0,0.582549576794782,NORMAL,1.5483613978565796,NORMAL,NORMAL,LOW
26-07-2026 14:57,Idle,0,4.1,1200,66.7,5269.9,1.4,0.135,0.218,13.02,114.71,305,S1,Windows,18,15.43,-0.9625535226184162,-0.3796469792226667,0.3826688373917699,-0.5901906291021453,9.04,-0.7000000000000002,-34.19999999999982,0,0.5972320438511078,NORMAL,1.9296284365350567,NORMAL,NORMAL,LOW
26-07-2026 14:57,Idle,0,7.8,1200,66.9,5226.7,1.4,0.075,0.229,13.05,116.03,305,S1,Windows,18,15.43,-0.8367212419322286,-0.3655288146240476,0.3633734444544957,-0.5901225375643367,8.440000000000001,3.7,43.19999999999982,0,0.5513742133706494,NORMAL,1.642306996689169,NORMAL,NORMAL,LOW
26-07-2026 14:57,Idle,0,6.9,1200,66.3,5324.3,1.4,0.232,0.305,13.05,116.03,303,S1,Windows,18,15.43,-0.8673290939910311,-0.40788330841990483,0.4069667396090785,-0.5896520869394781,6.720000000000001,-0.8999999999999995,-97.60000000000036,0,0.5818874860329921,NORMAL,1.3385567733897064,NORMAL,NORMAL,LOW
26-07-2026 14:58,Idle,0,8.9,1200,66.7,5266.4,1.4,0.4,0.137,13.09,116.77,303,S1,Windows,18,15.43,-0.7993116449714703,-0.3796469792226667,0.3811055532417592,-0.5906920304260077,6.5,2.0,57.900000000000546,0,0.5480471039917945,NORMAL,1.3427375173150558,NORMAL,NORMAL,LOW
26-07-2026 14:58,Idle,0,12.2,1200,67.4,5160.4,1.4,10.946,0.138,13.12,117.51,303,S1,Windows,18,15.43,-0.6870828540891949,-0.3302334031275005,0.33376037612715104,-0.590685840286207,7.9799999999999995,3.299999999999999,106.0,0,0.4900841204476802,NORMAL,1.9761653063180782,NORMAL,NORMAL,LOW
26-07-2026 14:58,Idle,0,9.3,1200,67.6,5125.2,1.4,3.117,0.134,13.14,118.17,302,S1,Windows,18,15.43,-0.7857081551675581,-0.3161152385288824,0.31803820410418693,-0.59071060084541,9.02,-2.8999999999999986,35.19999999999982,0,0.5122967790988515,NORMAL,1.4528970149545415,NORMAL,NORMAL,LOW
26-07-2026 14:58,Idle,0,11.1,1200,67.6,5113.6,1.4,2.736,0.345,13.22,119.18,302,S1,Windows,18,15.43,-0.7244924510499533,-0.3161152385288824,0.3128570337784376,-0.5894044813474473,9.68,1.799999999999999,11.599999999999454,0,0.4926346098988277,NORMAL,1.9841602333203576,NORMAL,NORMAL,LOW
26-07-2026 14:58,Idle,0,13.3,1200,67.9,5078.0,1.4,2.42,0.963,13.42,123.97,300,S1,Windows,18,15.43,-0.6496732571284364,-0.2949379916309533,0.2969562007097577,-0.5855789749505707,10.96,2.200000000000001,35.600000000000364,0,0.4598904097598826,NORMAL,1.3896001751278315,NORMAL,NORMAL,LOW
26-07-2026 14:58,Idle,0,8.3,1200,67.7,5112.6,1.4,2.773,0.504,13.43,124.25,300,S1,Windows,18,15.43,-0.8197168796773384,-0.3090561562295724,0.3124103811641488,-0.5884202491191246,10.84,-5.0,-34.600000000000364,0,0.5187980368287279,NORMAL,1.9697813827072599,NORMAL,NORMAL,LOW
26-07-2026 14:58,Idle,0,9.3,1200,66.9,5228.5,1.4,1.495,0.36,13.47,125.73,300,S1,Windows,18,15.43,-0.7857081551675581,-0.3655288146240476,0.3641774191602155,-0.5893116292504358,10.260000000000002,1.0,-115.89999999999964,0,0.536068900619612,NORMAL,1.3671338256964913,NORMAL,NORMAL,LOW
26-07-2026 14:58,Idle,0,8.8,1200,66.7,5270.6,1.4,3.207,0.413,13.49,126.38,301,S1,Windows,18,15.43,-0.8027125174224483,-0.3796469792226667,0.38298149422177236,-0.5889835518409948,10.16,-0.5,-42.100000000000364,0,0.5491008582060879,NORMAL,1.9558009784197044,NORMAL,NORMAL,LOW
26-07-2026 14:58,Idle,0,4.7,1200,66.1,5353.3,1.4,0.075,0.321,13.49,126.39,301,S1,Windows,18,15.43,-0.942148287912548,-0.4220014730185239,0.41991966542345244,-0.5895530447026658,8.88,-4.1000000000000005,-82.69999999999982,0,0.6111394703045452,NORMAL,1.6940318842161952,NORMAL,NORMAL,LOW
26-07-2026 14:58,Idle,0,6.6,1200,66.2,5335.1,1.4,0.009,0.119,13.5,126.41,301,S1,Windows,18,15.43,-0.8775317113439651,-0.4149423907192139,0.4117905878433971,-0.5908034529424216,7.540000000000001,1.8999999999999995,18.199999999999818,0,0.5882610387761175,NORMAL,2.0284033676213893,NORMAL,NORMAL,LOW
26-07-2026 14:58,Idle,0,8.2,1200,67.2,5191.7,1.4,0.264,0.426,13.6,128.46,301,S1,Windows,18,15.43,-0.8231177521283165,-0.3443515677261195,0.3477406029543892,-0.5889030800235848,7.5200000000000005,1.5999999999999996,143.40000000000055,0,0.5375695325519256,NORMAL,1.9859605178119117,NORMAL,NORMAL,LOW
26-07-2026 14:59,Idle,0,9.4,1200,67.6,5118.5,1.4,0.209,0.526,13.78,133.75,301,S1,Windows,18,15.43,-0.7823072827165801,-0.3161152385288824,0.31504563158845234,-0.5882840660435077,7.539999999999999,1.200000000000001,73.19999999999982,0,0.5101926959000308,NORMAL,1.2944398189417536,NORMAL,NORMAL,LOW
26-07-2026 14:59,Idle,0,7.3,1200,67.9,5079.1,1.4,0.108,0.14,13.83,135.04,301,S1,Windows,18,15.43,-0.8537256041871188,-0.2949379916309533,0.29744751858547547,-0.5906734600066055,7.24,-2.1000000000000005,39.399999999999636,0,0.5222232744638378,NORMAL,1.6833908592797635,NORMAL,NORMAL,LOW
26-07-2026 14:59,Idle,0,4.3,1200,67.4,5153.2,1.4,0.013,0.106,13.85,136.01,300,S1,Windows,18,15.43,-0.9557517777164601,-0.3302334031275005,0.3305444773042721,-0.5908839247598316,7.159999999999999,-3.0,-74.09999999999945,0,0.5700812346660089,NORMAL,1.3191103015552528,NORMAL,NORMAL,LOW
26-07-2026 14:59,Idle,0,4.3,1200,66.4,5312.0,1.4,0.016,0.004,13.88,137.21,299,S1,Windows,18,15.43,-0.9557517777164601,-0.4008242261205948,0.40147291245332667,-0.5915153190195103,6.7,0.0,-158.80000000000018,0,0.6055704474456839,NORMAL,1.3415090172390247,NORMAL,NORMAL,LOW
26-07-2026 14:59,Idle,0,4.6,1200,65.9,5397.0,1.4,0.842,2.025,13.9,137.77,299,S1,Windows,18,15.43,-0.945549160363526,-0.436119637617142,0.439438384667871,-0.5790050464821513,5.9799999999999995,0.2999999999999998,-85.0,0,0.6181893256242048,NORMAL,2.0252826442862455,NORMAL,NORMAL,LOW
26-07-2026 14:59,Idle,0,3.8,1200,65.8,5401.8,1.4,0.034,0.177,13.9,137.78,298,S1,Windows,18,15.43,-0.9727561399713504,-0.443178719916452,0.44158231721645713,-0.5904444248339769,4.86,-0.7999999999999998,-4.800000000000182,0,0.6311858063764275,NORMAL,1.579754956002977,NORMAL,NORMAL,LOW
26-07-2026 14:59,Idle,0,4.2,1200,65.8,5406.4,1.4,0.006,0.051,13.91,137.79,298,S1,Windows,18,15.43,-0.9591526501674382,-0.443178719916452,0.4436369192421851,-0.5912243824488741,4.24,0.40000000000000036,-4.599999999999454,0,0.627671671363379,NORMAL,1.3330080483928208,NORMAL,NORMAL,LOW
26-07-2026 14:59,Idle,0,5.3,1200,66.1,5361.5,1.4,0.031,0.198,13.92,137.81,300,S1,Windows,18,15.43,-0.9217430532066797,-0.4220014730185239,0.42358221686062014,-0.5903144318981608,4.4399999999999995,1.0999999999999996,44.899999999999636,0,0.6059026876193172,NORMAL,1.4678012600093544,NORMAL,NORMAL,LOW
26-07-2026 14:59,Idle,0,5.5,1200,66.1,5356.6,1.4,0.131,0.149,13.92,137.83,298,S1,Windows,18,15.43,-0.9149413083047236,-0.4220014730185239,0.4213936190506054,-0.5906177487483985,4.68,0.20000000000000018,4.899999999999636,0,0.603485107956775,NORMAL,1.331691675166518,NORMAL,NORMAL,LOW
26-07-2026 14:59,Idle,0,4.2,1200,66.0,5369.7,1.4,0.0,0.03,13.92,137.83,297,S1,Windows,18,15.43,-0.9591526501674382,-0.42906055531783294,0.42724476829778785,-0.5913543753846903,4.6,-1.2999999999999998,-13.099999999999454,0,0.620183790382077,NORMAL,1.628822084132766,NORMAL,NORMAL,LOW
26-07-2026 14:59,Idle,0,4.4,1200,66.0,5380.7,1.4,0.387,0.609,13.93,137.85,299,S1,Windows,18,15.43,-0.9523509052654822,-0.42906055531783294,0.4321579470549642,-0.5877702844400436,4.720000000000001,0.20000000000000018,-11.0,0,0.618409084473996,NORMAL,1.9512810753304677,NORMAL,NORMAL,LOW
26-07-2026 14:59,Idle,0,5.2,1200,66.0,5370.8,1.4,0.15,0.794,13.93,137.93,299,S1,Windows,18,15.43,-0.9251439256576578,-0.42906055531783294,0.42773608617350567,-0.586625108576901,4.92,0.7999999999999998,9.899999999999636,0,0.6091335832427285,NORMAL,1.4712981316998206,NORMAL,NORMAL,LOW
26-07-2026 15:00,Idle,0,9.8,1200,67.1,5205.3,1.4,0.038,0.207,14.08,142.28,299,S1,Windows,18,15.43,-0.7687037929126679,-0.3514106500254296,0.35381507850871646,-0.5902587206399538,5.82,4.6000000000000005,165.5,0,0.5248490927111633,NORMAL,1.5955230766102002,NORMAL,NORMAL,LOW
26-07-2026 15:00,Idle,0,7.4,1200,66.5,5302.1,1.4,0.04,0.202,14.14,145.7,299,S1,Windows,18,15.43,-0.8503247317361409,-0.3937651438212858,0.39705105157186815,-0.5902896713389576,6.2,-2.4000000000000004,-96.80000000000018,0,0.5706951072493931,NORMAL,1.9630448493168258,NORMAL,NORMAL,LOW
26-07-2026 15:00,Idle,0,5.1,1200,66.4,5309.5,1.4,0.1,0.3,14.14,145.71,298,S1,Windows,18,15.43,-0.9285447981086358,-0.4008242261205948,0.4003562809176048,-0.5896830376384821,6.380000000000001,-2.3000000000000007,-7.399999999999636,0,0.5968185709799865,NORMAL,1.3248398733156541,NORMAL,NORMAL,LOW
26-07-2026 15:00,Idle,0,5.1,1200,66.6,5279.1,1.4,0.006,0.048,14.15,145.73,297,S1,Windows,18,15.43,-0.9285447981086358,-0.38670606152197673,0.38677804144322675,-0.5912429528682764,6.5200000000000005,0.0,30.399999999999636,0,0.5901794567514844,NORMAL,1.2927261797683307,NORMAL,NORMAL,LOW
26-07-2026 15:00,Idle,0,3.1,1200,66.5,5291.3,1.4,0.04,0.134,14.15,145.74,297,S1,Windows,18,15.43,-0.9965622471281966,-0.3937651438212858,0.3922272033375495,-0.59071060084541,6.1,-1.9999999999999996,-12.199999999999818,0,0.6136857781214367,NORMAL,1.5817740272381442,NORMAL,NORMAL,LOW
26-07-2026 15:00,Idle,0,3.5,1200,65.7,5419.7,1.4,0.222,0.173,14.16,145.76,295,S1,Windows,18,15.43,-0.9829587573242845,-0.45023780221576104,0.4495773990122257,-0.5904691853931799,4.84,0.3999999999999999,-128.39999999999964,0,0.6379682847430947,NORMAL,1.4002409573967451,NORMAL,NORMAL,LOW
26-07-2026 15:00,Idle,0,1.9,1200,65.5,5448.1,1.4,0.0,0.07,14.16,145.77,295,S1,Windows,18,15.43,-1.0373727165399331,-0.46435596681438013,0.4622623332580266,-0.5911067697926595,3.7399999999999993,-1.6,-28.400000000000546,0,0.6611924256164312,NORMAL,1.7700714713878214,NORMAL,NORMAL,LOW
26-07-2026 15:00,Idle,0,3.3,1200,65.5,5450.3,1.4,0.014,0.064,14.16,145.78,294,S1,Windows,18,15.43,-0.9897605022262406,-0.46435596681438013,0.46324496900946177,-0.5911439106314641,3.38,1.4,-2.199999999999818,0,0.6471127166403714,NORMAL,1.4834290747876673,NORMAL,NORMAL,LOW
26-07-2026 15:00,Idle,0,3.4,1200,66.0,5367.3,1.4,0.034,0.115,14.16,145.79,294,S1,Windows,18,15.43,-0.9863596297752626,-0.42906055531783294,0.426172802023495,-0.5908282135016247,3.04,0.10000000000000009,83.0,0,0.6280262586329526,NORMAL,1.9962475629379353,NORMAL,NORMAL,LOW
26-07-2026 15:00,Idle,0,4.0,1200,65.7,5415.2,1.4,0.0,0.076,14.16,145.8,294,S1,Windows,18,15.43,-0.9659543950693943,-0.45023780221576104,0.44756746224792626,-0.5910696289538548,3.22,0.6000000000000001,-47.899999999999636,0,0.6325850774259028,NORMAL,1.9072551496093748,NORMAL,NORMAL,LOW
26-07-2026 15:00,Idle,0,4.8,1200,65.6,5433.3,1.4,0.025,0.079,14.17,145.81,294,S1,Windows,18,15.43,-0.9387474154615699,-0.4572968845150711,0.45565187456655293,-0.5910510585344525,3.4799999999999995,0.7999999999999998,-18.100000000000364,0,0.6281538766131933,NORMAL,1.5678853010640967,NORMAL,NORMAL,LOW
26-07-2026 15:00,Idle,0,3.7,1200,65.5,5450.5,1.4,0.019,0.109,14.17,145.82,292,S1,Windows,18,15.43,-0.9761570124223284,-0.46435596681438013,0.46333429953231947,-0.5908653543404294,3.84,-1.0999999999999996,-17.199999999999818,0,0.6429938245455624,NORMAL,1.4544892636128064,NORMAL,NORMAL,LOW
26-07-2026 15:01,Idle,0,9.0,1200,66.1,5353.7,1.4,0.015,0.062,14.25,146.93,291,S1,Windows,18,15.43,-0.7959107725204922,-0.4220014730185239,0.4200983264691678,-0.5911562909110656,4.9799999999999995,5.3,96.80000000000018,0,0.5676245971377515,NORMAL,1.5380477035816302,NORMAL,NORMAL,LOW
26-07-2026 15:01,Idle,0,8.6,1200,66.9,5237.7,1.4,0.05,0.238,14.44,153.8,291,S1,Windows,18,15.43,-0.8095142623244044,-0.3655288146240476,0.368286623211672,-0.5900668263061298,6.0200000000000005,-0.40000000000000036,116.0,0,0.5441836129880959,NORMAL,1.7434874406920091,NORMAL,NORMAL,LOW
26-07-2026 15:01,Idle,0,4.3,1200,66.6,5278.6,1.4,0.019,0.204,14.45,154.85,291,S1,Windows,18,15.43,-0.9557517777164601,-0.38670606152197673,0.3865547151360824,-0.5902772910593561,6.08,-4.3,-40.900000000000546,0,0.5981037530106188,NORMAL,1.324032069884443,NORMAL,NORMAL,LOW
26-07-2026 15:01,Idle,0,4.9,1200,65.9,5395.2,1.4,0.006,0.078,14.48,155.76,291,S1,Windows,18,15.43,-0.935346543010592,-0.436119637617142,0.43863440996215114,-0.5910572486742532,6.1,0.6000000000000005,-116.59999999999945,0,0.6173781859156011,NORMAL,1.7428220248436386,NORMAL,NORMAL,LOW
26-07-2026 15:01,Idle,0,4.0,1200,65.6,5438.8,1.4,0.0,0.04,14.49,156.41,291,S1,Windows,18,15.43,-0.9659543950693943,-0.4572968845150711,0.4581084639451411,-0.5912924739866825,6.16,-0.9000000000000004,-43.600000000000364,0,0.6368555714617044,NORMAL,1.3711870850777,NORMAL,NORMAL,LOW
26-07-2026 15:01,Idle,0,4.8,1200,66.0,5373.6,1.4,0.0,0.064,14.49,156.99,291,S1,Windows,18,15.43,-0.9387474154615699,-0.42906055531783294,0.42898671349351425,-0.5911439106314641,5.32,0.7999999999999998,65.19999999999982,0,0.6143685160588166,NORMAL,1.3080919060468341,NORMAL,NORMAL,LOW
26-07-2026 15:03,Memory Stress,1,22.0,1200,94.0,951.3,1.4,0.0,0.0,15.5,162.33,301,S1,Windows,18,15.43,-0.3537973538933469,1.547482488488809,-1.5462451426756536,-0.5915400795787135,8.0,17.2,4422.3,0,0.9979409971655201,NORMAL,2.0349250269649604,NORMAL,MEMORY,LOW
26-07-2026 15:03,Memory Stress,1,16.2,1200,98.0,320.2,1.4,3.281,33.496,15.5,162.34,301,S1,Windows,18,15.43,-0.5510479560500733,1.8298457804611863,-1.828127607553288,-0.38419515681207483,10.38,-5.800000000000001,631.0999999999999,0,1.1567326738264505,NORMAL,2.4206526091090175,NORMAL,MEMORY,LOW
26-07-2026 15:04,Memory Stress,1,19.5,1200,83.9,2548.5,1.4,2.062,0.539,15.6,163.21,301,S1,Windows,18,15.43,-0.4388191651677979,0.8345151762585563,-0.8328515871336518,-0.5882035942260977,13.3,3.3000000000000007,-2228.3,0,0.6662113386998562,NORMAL,1.5637372399631055,NORMAL,MEMORY,LOW
26-07-2026 15:04,Memory Stress,1,15.1,1200,92.3,1210.4,1.4,2.047,1.309,15.76,166.73,299,S1,Windows,18,15.43,-0.5884575530108317,1.4274780894005483,-1.4305174503134368,-0.5834371865795037,15.520000000000001,-4.4,1338.1,0,1.0075716201020022,NORMAL,2.5290202102073263,NORMAL,MEMORY,LOW
26-07-2026 15:04,Memory Stress,1,19.2,1200,82.9,2701.0,1.4,1.797,0.587,16.12,174.68,299,S1,Windows,18,15.43,-0.44902178252073205,0.763924353265462,-0.7647370634546165,-0.5879064675156606,18.4,4.1,-1490.6,0,0.6344125469299136,NORMAL,1.3981912235443026,NORMAL,MEMORY,LOW
26-07-2026 15:04,Memory Stress,1,13.5,1200,88.7,1789.0,1.4,1.018,0.422,16.17,176.76,299,S1,Windows,18,15.43,-0.6428715122264803,1.173351126625409,-1.1720842476859623,-0.5889278405827879,16.7,-5.699999999999999,912.0,0,0.8970692093093169,NORMAL,1.89898406555971,NORMAL,MEMORY,LOW
26-07-2026 15:04,Memory Stress,1,12.1,1200,85.7,2255.0,1.4,0.166,0.101,16.19,177.96,299,S1,Windows,18,15.43,-0.6904837265401729,0.961578657646126,-0.9639441294274018,-0.5909148754588355,15.88,-1.4000000000000004,-466.0,0,0.8065905162331372,NORMAL,2.0736579492433345,NORMAL,MEMORY,LOW
26-07-2026 15:04,Memory Stress,1,16.1,1200,92.8,1130.3,1.4,0.286,0.153,16.21,178.75,299,S1,Windows,18,15.43,-0.5544488285010513,1.4627735008970955,-1.466294324717966,-0.5905929881891954,15.2,4.000000000000002,1124.7,0,1.0165441614008763,NORMAL,2.687287636306247,NORMAL,MEMORY,LOW
26-07-2026 15:04,Memory Stress,1,17.6,1200,89.0,1738.1,1.4,0.242,0.033,16.23,179.4,299,S1,Windows,18,15.43,-0.5034357417363806,1.1945283735233372,-1.1948188657532601,-0.5913358049652879,15.7,1.5,-607.8,0,0.866620168721625,NORMAL,1.7439590605818465,NORMAL,MEMORY,LOW
26-07-2026 15:04,Memory Stress,1,17.0,1200,95.5,713.2,1.4,0.471,1.452,16.44,185.1,299,S1,Windows,18,15.43,-0.5238409764422489,1.6533687229784504,-1.6525931301378067,-0.5825519965879934,15.260000000000002,-0.6000000000000014,1024.8999999999999,0,1.1001919351713698,NORMAL,2.1914976151095313,NORMAL,MEMORY,LOW
26-07-2026 15:04,Memory Stress,1,17.5,1200,99.9,23.5,1.4,0.962,1.008,16.52,186.87,299,S1,Windows,18,15.43,-0.5068366141873587,1.963968344148066,-1.960649438212762,-0.5853004186595359,16.060000000000002,0.5,689.7,0,1.250431458875087,NORMAL,2.9080657717308647,WARNING,MEMORY,WARNING
26-07-2026 15:04,Memory Stress,1,19.2,1200,79.1,3308.2,1.4,5.593,44.209,16.54,188.04,299,S1,Windows,18,15.43,-0.44902178252073205,0.49567922589170266,-0.4935295960584836,-0.31788018912641086,17.48,1.6999999999999993,-3284.7,0,0.44569225956070935,NORMAL,1.3876113223857733,NORMAL,NORMAL,LOW
26-07-2026 15:04,Memory Stress,1,14.5,1200,85.8,2245.7,1.4,4.412,0.132,16.56,189.08,299,S1,Windows,18,15.43,-0.6088627877167,0.968637739945435,-0.9680979987402873,-0.5907229811250115,17.16,-4.699999999999999,1062.5,0,0.7850143542717003,NORMAL,1.6292037672005044,NORMAL,MEMORY,LOW
26-07-2026 15:04,Memory Stress,1,14.1,1200,88.3,1852.3,1.4,5.221,0.186,16.58,189.95,297,S1,Windows,18,15.43,-0.6224662775206121,1.145114797428171,-1.143811137201484,-0.5903887135757699,16.46,-0.40000000000000036,393.39999999999986,0,0.8771142926400858,NORMAL,1.8665453157180483,NORMAL,MEMORY,LOW
26-07-2026 15:05,Memory Stress,1,13.3,1200,83.8,2555.7,1.4,0.403,0.329,16.6,190.63,297,S1,Windows,18,15.43,-0.6496732571284364,0.8274560939592464,-0.8296356883107728,-0.5895035235842597,15.720000000000002,-0.7999999999999989,-703.3999999999999,0,0.7269666477053114,NORMAL,1.904671229988456,NORMAL,MEMORY,LOW
26-07-2026 15:05,Memory Stress,1,13.4,1200,89.6,1650.3,1.4,1.535,0.142,16.6,190.64,297,S1,Windows,18,15.43,-0.6462723846774584,1.2368828673191934,-1.2340349652878129,-0.5906610797270039,14.9,0.09999999999999964,905.3999999999999,0,0.9298857846019589,NORMAL,2.294489960134483,NORMAL,MEMORY,LOW
26-07-2026 15:05,Memory Stress,1,14.2,1200,94.1,931.5,1.4,0.954,59.913,16.6,190.65,297,S1,Windows,18,15.43,-0.6190654050696341,1.554541570788118,-1.555088864438571,-0.22067023369509695,13.9,0.7999999999999989,718.8,0,1.0072339123840592,NORMAL,2.0411444770282356,NORMAL,MEMORY,LOW
26-07-2026 15:05,Memory Stress,1,13.9,1200,94.7,845.1,1.4,0.239,6.495,16.6,190.65,297,S1,Windows,18,15.43,-0.6292680224225683,1.5968960645839751,-1.5936796503131196,-0.5513351215727033,13.779999999999998,-0.29999999999999893,86.39999999999998,0,1.0968521804791278,NORMAL,2.643529288956777,NORMAL,MEMORY,LOW
26-07-2026 15:05,Memory Stress,1,14.1,1200,87.0,2056.4,1.4,1.016,0.217,16.6,190.66,297,S1,Windows,18,15.43,-0.6224662775206121,1.0533467275371484,-1.0526493386251488,-0.590196819241946,13.780000000000001,0.1999999999999993,-1211.3000000000002,0,0.8313131330907471,NORMAL,1.7207497883663876,NORMAL,MEMORY,LOW
26-07-2026 15:05,Memory Stress,1,13.5,1200,93.2,1077.7,1.4,0.771,0.789,16.62,190.7,297,S1,Windows,18,15.43,-0.6428715122264803,1.4910098300943337,-1.489788252229555,-0.5866560592759048,13.819999999999999,-0.5999999999999996,978.7,0,1.0554532649973363,NORMAL,2.1668081117205147,NORMAL,MEMORY,LOW
26-07-2026 15:05,Memory Stress,1,17.3,1200,82.2,2811.1,1.4,0.69,2.004,16.64,190.76,297,S1,Windows,18,15.43,-0.5136383590893148,0.7145107771702958,-0.7155606106214244,-0.5791350394179675,14.6,3.8000000000000007,-1733.3999999999999,0,0.6273838708857615,NORMAL,1.4470381661470748,NORMAL,MEMORY,LOW
26-07-2026 15:05,Memory Stress,1,14.1,1200,81.9,2857.5,1.4,0.872,0.268,16.64,190.77,296,S1,Windows,18,15.43,-0.6224662775206121,0.6933335302723677,-0.6948359293184261,-0.5898811221121067,14.579999999999998,-3.200000000000001,-46.40000000000009,0,0.6516833526240005,NORMAL,1.6200737556714162,NORMAL,MEMORY,LOW
26-07-2026 15:05,Memory Stress,1,17.4,1200,88.9,1754.0,1.4,1.069,1.015,16.86,196.07,296,S1,Windows,18,15.43,-0.5102374866383368,1.1874692912240281,-1.1877170891860689,-0.5852570876809304,15.280000000000001,3.299999999999999,1103.5,0,0.8639068687321093,NORMAL,1.7372402685706705,NORMAL,MEMORY,LOW
26-07-2026 15:05,Memory Stress,1,19.3,1200,95.7,686.4,1.4,15.694,1.872,17.04,201.5,296,S1,Windows,18,15.43,-0.44562091006975396,1.6674868875770694,-1.664563420200745,-0.5799521378716694,16.32,1.9000000000000021,1067.6,0,1.08283545090853,NORMAL,2.527996367978962,NORMAL,MEMORY,LOW
26-07-2026 15:05,Memory Stress,1,14.5,1200,96.8,504.5,1.4,14.353,1.118,17.06,203.06,296,S1,Windows,18,15.43,-0.6088627877167,1.745136792869473,-1.74580953073987,-0.5846195032814511,16.520000000000003,-4.800000000000001,181.89999999999998,0,1.1722856809801163,NORMAL,2.3487322594236577,NORMAL,MEMORY,LOW
26-07-2026 15:05,Memory Stress,1,14.0,1200,87.6,1962.7,1.4,1.318,0.997,17.09,204.37,296,S1,Windows,18,15.43,-0.6258671499715902,1.0957012213330046,-1.0945006885840054,-0.5853685101973444,15.860000000000003,-0.5,-1458.2,0,0.8524443511476484,NORMAL,1.8111885385365227,NORMAL,MEMORY,LOW
26-07-2026 15:06,Memory Stress,1,16.6,1200,94.4,882.8,1.4,1.287,1.404,17.2,204.57,296,S1,Windows,18,15.43,-0.537444466246161,1.575718817686047,-1.5768408467544335,-0.5828491232984304,16.36,2.6000000000000014,1079.9,0,1.0658869791902352,NORMAL,2.1913616531598596,NORMAL,MEMORY,LOW
26-07-2026 15:06,Memory Stress,1,18.7,1200,96.8,511.6,1.4,21.85,0.818,17.31,208.92,299,S1,Windows,18,15.43,-0.46602614477562226,1.745136792869473,-1.74263829717842,-0.5864765452216825,16.62,2.099999999999998,371.19999999999993,0,1.129171849773549,NORMAL,2.5025099019556936,NORMAL,MEMORY,LOW
26-07-2026 15:06,Memory Stress,1,13.8,1200,82.5,2761.5,1.4,21.255,0.591,17.35,210.19,299,S1,Windows,18,15.43,-0.6326688948735462,0.7356880240682239,-0.7377145802901467,-0.5878817069564576,15.52,-4.899999999999999,-2249.9,0,0.6756263331318519,NORMAL,1.7909950639308152,NORMAL,MEMORY,LOW
26-07-2026 15:06,Memory Stress,1,8.3,1200,87.3,2005.0,1.4,0.266,0.111,17.38,210.82,299,S1,Windows,18,15.43,-0.8197168796773384,1.0745239744350765,-1.0756072829995909,-0.5908529740608278,14.280000000000001,-5.5,756.5,0,0.9015643076458082,NORMAL,1.9718388531284197,NORMAL,MEMORY,LOW
26-07-2026 15:06,Memory Stress,1,7.2,1200,93.0,1098.9,1.4,0.516,0.281,17.42,212.38,299,S1,Windows,18,15.43,-0.8571264766380969,1.4768916654957145,-1.4803192168066333,-0.5898006502946966,12.919999999999998,-1.1000000000000005,906.0999999999999,0,1.1142294160604094,NORMAL,2.8486854444719167,WARNING,MEMORY,WARNING
26-07-2026 15:06,Memory Stress,1,8.3,1200,95.7,678.0,1.4,0.105,0.099,17.42,212.7,299,S1,Windows,18,15.43,-0.8197168796773384,1.6674868875770694,-1.6683153021607708,-0.5909272557384371,11.260000000000002,1.1000000000000005,420.9000000000001,0,1.1980096417561639,NORMAL,2.444676365072168,NORMAL,MEMORY,LOW
26-07-2026 15:06,Memory Stress,1,8.9,1200,82.3,2793.8,1.4,0.524,0.058,17.47,214.61,298,S1,Windows,18,15.43,-0.7993116449714703,0.7215698594696048,-0.7232877008486198,-0.5911810514702687,9.3,0.5999999999999996,-2115.8,0,0.7191582017961002,NORMAL,1.8286113104910442,NORMAL,MEMORY,LOW
26-07-2026 15:06,Memory Stress,1,8.1,1200,88.2,1867.3,1.4,0.669,0.223,17.47,214.62,298,S1,Windows,18,15.43,-0.8265186245792945,1.138055715128862,-1.1371113479871526,-0.5901596784031414,8.16,-0.8000000000000007,926.5000000000002,0,0.9348265071905058,NORMAL,1.9757824403217084,NORMAL,MEMORY,LOW
26-07-2026 15:06,Memory Stress,1,7.7,1200,93.9,959.9,1.4,2.162,0.107,17.48,214.63,298,S1,Windows,18,15.43,-0.8401221143832067,1.5404234061895,-1.5424039301927703,-0.5908777346200309,8.040000000000001,-0.39999999999999947,907.4,0,1.1408199891343722,NORMAL,2.5211925267267183,NORMAL,MEMORY,LOW
26-07-2026 15:06,Memory Stress,1,6.6,1200,95.9,651.2,1.4,0.03,0.005,17.48,214.64,298,S1,Windows,18,15.43,-0.8775317113439651,1.6816050521756887,-1.6802855922237094,-0.5915091288797096,7.919999999999999,-1.1000000000000005,308.69999999999993,0,1.2220999732765798,NORMAL,2.5202158721022205,NORMAL,MEMORY,LOW
26-07-2026 15:06,Memory Stress,1,8.5,1200,97.9,335.8,1.4,1.695,0.607,17.48,214.65,298,S1,Windows,18,15.43,-0.8129151347753825,1.8227866981618772,-1.8211598267703832,-0.5877826647196452,7.959999999999999,1.9000000000000004,315.40000000000003,0,1.2724990481791836,NORMAL,2.6355805938222323,NORMAL,MEMORY,LOW
26-07-2026 15:06,Memory Stress,1,8.3,1200,77.3,3586.9,1.4,3.879,0.061,17.48,214.66,298,S1,Windows,18,15.43,-0.8197168796773384,0.36861574450413304,-0.36904751245620704,-0.5911624810508663,7.840000000000001,-0.1999999999999993,-3251.1,0,0.5485417859558561,NORMAL,1.4123249512092948,NORMAL,NORMAL,LOW
26-07-2026 15:07,Memory Stress,1,7.3,1200,81.9,2854.8,1.4,4.701,0.044,17.48,214.67,298,S1,Windows,18,15.43,-0.8537256041871188,0.6933335302723677,-0.6960418913770057,-0.5912677134274795,7.68,-1.0000000000000009,732.0999999999999,0,0.721579661298743,NORMAL,2.132690490760819,NORMAL,MEMORY,LOW
26-07-2026 15:07,Memory Stress,1,6.8,1200,84.2,2491.4,1.4,0.505,0.05,17.48,214.68,297,S1,Windows,18,15.43,-0.8707299664420091,0.8556924231564844,-0.8583554514095397,-0.5912305725886748,7.5,-0.5,363.4000000000001,0,0.8078439216791911,NORMAL,2.2223147114176927,NORMAL,MEMORY,LOW
26-07-2026 15:07,Memory Stress,1,8.0,1200,88.0,1899.7,1.4,1.091,0.473,17.49,214.69,295,S1,Windows,18,15.43,-0.8299194970302726,1.1239375505302427,-1.122639803284197,-0.5886121434529485,7.779999999999999,1.2000000000000002,591.7,0,0.9284075036155837,NORMAL,2.0075566482618528,NORMAL,MEMORY,LOW
26-07-2026 15:07,Memory Stress,1,6.2,1200,91.7,1304.2,1.4,0.445,0.094,17.49,214.7,294,S1,Windows,18,15.43,-0.8911352011478774,1.3851235956046921,-1.3886214350931516,-0.590958206437441,7.32,-1.7999999999999998,595.5,0,1.0787935673318894,NORMAL,2.8288525005663145,WARNING,MEMORY,WARNING
26-07-2026 15:07,Memory Stress,1,11.0,1200,77.3,3591.3,1.4,13.395,0.052,17.5,214.72,294,S1,Windows,18,15.43,-0.7278933235009314,0.36861574450413304,-0.36708224095333647,-0.5912181923090732,7.859999999999999,4.8,-2287.1000000000004,0,0.5206128070540013,NORMAL,1.4661535575392803,NORMAL,NORMAL,LOW
26-07-2026 15:07,Memory Stress,1,6.9,1200,81.4,2947.6,1.4,0.472,0.039,17.5,214.73,294,S1,Windows,18,15.43,-0.8673290939910311,0.6580381187758205,-0.6545925287710092,-0.5912986641264834,7.779999999999999,-4.1,643.7000000000003,0,0.706788402409554,NORMAL,2.274402677010328,NORMAL,MEMORY,LOW
26-07-2026 15:07,Memory Stress,1,6.2,1200,83.4,2616.5,1.4,0.209,0.018,17.5,214.74,294,S1,Windows,18,15.43,-0.8911352011478774,0.7992197647620092,-0.8024792093620163,-0.5914286570622995,7.660000000000001,-0.7000000000000002,331.0999999999999,0,0.7858880630578292,NORMAL,2.395340203225511,NORMAL,MEMORY,LOW
26-07-2026 15:07,Memory Stress,1,6.4,1200,89.1,1726.1,1.4,0.958,0.034,17.5,214.75,294,S1,Windows,18,15.43,-0.8843334562459213,1.2015874558226463,-1.2001786971247252,-0.5913296148254872,7.340000000000001,0.20000000000000018,890.4000000000001,0,0.9840779360106128,NORMAL,2.1297362805770086,NORMAL,MEMORY,LOW
26-07-2026 15:07,Memory Stress,1,6.6,1200,94.6,861.3,1.4,2.963,0.066,17.5,214.76,294,S1,Windows,18,15.43,-0.8775317113439651,1.5898369822846652,-1.5864438779616417,-0.5911315303518625,7.42,0.1999999999999993,864.8,0,1.17572568975129,NORMAL,2.8491562918030944,WARNING,MEMORY,WARNING
26-07-2026 15:07,Memory Stress,1,7.7,1200,96.7,525.6,1.4,0.274,0.011,17.5,214.76,294,S1,Windows,18,15.43,-0.8401221143832067,1.738077710570164,-1.7363851605783773,-0.591471988040905,6.76,1.1000000000000005,335.69999999999993,0,1.2390313772098676,NORMAL,2.5897175693629304,NORMAL,MEMORY,LOW
26-07-2026 15:07,Memory Stress,1,11.8,1200,81.1,2991.0,1.4,3.927,0.141,17.52,214.8,294,S1,Windows,18,15.43,-0.700686343893107,0.6368608718778913,-0.6352078053108771,-0.5906672698668046,7.74,4.1000000000000005,-2465.4,0,0.6464391797668358,NORMAL,1.6194994699228387,NORMAL,MEMORY,LOW
26-07-2026 15:07,Memory Stress,1,8.0,1200,83.0,2687.1,1.4,5.8,0.089,17.52,214.81,295,S1,Windows,18,15.43,-0.8299194970302726,0.770983435564771,-0.7709455347932302,-0.5909891571364448,8.1,-3.8000000000000007,303.9000000000001,0,0.7526578181644482,NORMAL,1.6533754088748414,NORMAL,MEMORY,LOW
26-07-2026 15:08,Memory Stress,1,8.6,1200,87.9,1919.7,1.4,4.193,0.085,17.52,214.81,295,S1,Windows,18,15.43,-0.8095142623244044,1.1168784682309338,-1.113706750998422,-0.5910139176956479,8.540000000000001,0.5999999999999996,767.3999999999999,0,0.9188619529054155,NORMAL,2.409479600443969,NORMAL,MEMORY,LOW
26-07-2026 15:08,Memory Stress,1,9.3,1200,93.3,1054.3,1.4,61.99,0.031,17.53,214.84,295,S1,Windows,18,15.43,-0.7857081551675581,1.4980689123936426,-1.5002399234039117,-0.5913481852448895,9.08,0.7000000000000011,865.4000000000001,0,1.1034507419981205,NORMAL,2.4882352331688256,NORMAL,MEMORY,LOW
26-07-2026 15:08,Memory Stress,1,8.1,1200,95.6,695.6,1.4,0.155,0.108,17.57,217.01,295,S1,Windows,18,15.43,-0.8265186245792945,1.6604278052777595,-1.6604542161492888,-0.59087154448023,9.16,-1.200000000000001,358.69999999999993,0,1.19634908108302,NORMAL,2.398062942036297,NORMAL,MEMORY,LOW
26-07-2026 15:08,Memory Stress,1,8.8,1200,76.3,3747.2,1.4,0.643,0.277,17.57,217.02,295,S1,Windows,18,15.43,-0.8027125174224483,0.29802492151103865,-0.29744909838571953,-0.5898254108538997,8.559999999999999,0.7000000000000011,-3051.6,0,0.5076761335279699,NORMAL,1.3482056715016655,NORMAL,NORMAL,LOW
26-07-2026 15:08,Memory Stress,1,7.9,1200,81.1,2990.9,1.4,2.446,0.196,17.57,217.03,294,S1,Windows,18,15.43,-0.8333203694812507,0.6368608718778913,-0.6352524705723059,-0.5903268121777623,8.540000000000001,-0.9000000000000004,756.2999999999997,0,0.6861702289577563,NORMAL,1.7171944164537274,NORMAL,MEMORY,LOW
26-07-2026 15:08,Memory Stress,1,7.5,1200,86.7,2098.2,1.4,0.323,0.006,17.57,217.04,294,S1,Windows,18,15.43,-0.8469238592851628,1.0321694806392203,-1.033979259347879,-0.5915029387399088,8.32,-0.40000000000000036,892.7000000000003,0,0.8888244415948726,NORMAL,2.0968917545937114,NORMAL,MEMORY,LOW
26-07-2026 15:08,Memory Stress,1,8.1,1200,88.3,1854.7,1.4,0.122,0.153,17.58,217.05,294,S1,Windows,18,15.43,-0.8265186245792945,1.145114797428171,-1.1427391709271912,-0.5905929881891954,8.080000000000002,0.5999999999999996,243.49999999999977,0,0.9381564584255169,NORMAL,2.2262051756963195,NORMAL,MEMORY,LOW
26-07-2026 15:08,Memory Stress,1,13.2,1200,88.0,1904.0,1.4,1.214,0.098,17.58,217.06,293,S1,Windows,18,15.43,-0.6530741295794145,1.1239375505302427,-1.1207191970427555,-0.5909334458782378,9.1,5.1,-49.299999999999955,0,0.8754340326170958,NORMAL,2.3312742206196195,NORMAL,MEMORY,LOW
26-07-2026 15:08,Memory Stress,1,8.5,1200,75.4,3895.9,1.4,0.635,0.05,17.58,217.07,292,S1,Windows,18,15.43,-0.8129151347753825,0.23449318081725434,-0.2310318546409813,-0.5912305725886748,9.040000000000001,-4.699999999999999,-1991.9,0,0.4786749801237223,NORMAL,2.0842534189371573,NORMAL,NORMAL,LOW
26-07-2026 15:08,Memory Stress,1,7.3,1200,80.3,3111.3,1.4,0.323,0.197,17.58,217.07,292,S1,Windows,18,15.43,-0.8537256041871188,0.5803882134834161,-0.5814754958119396,-0.5903206220379614,8.919999999999998,-1.2000000000000002,784.5999999999999,0,0.6645933688711406,NORMAL,1.6547402646701541,NORMAL,MEMORY,LOW
26-07-2026 15:08,Memory Stress,1,7.8,1200,82.3,2793.4,1.4,0.061,0.052,17.58,217.09,292,S1,Windows,18,15.43,-0.8367212419322286,0.7215698594696048,-0.7234663618943353,-0.5912181923090732,8.98,0.5,317.9000000000001,0,0.7304242412612317,NORMAL,1.9026619797133266,NORMAL,MEMORY,LOW
26-07-2026 15:08,Memory Stress,1,7.5,1200,84.8,2407.1,1.4,0.346,0.029,17.58,217.1,292,S1,Windows,18,15.43,-0.8469238592851628,0.8980469169523406,-0.896008266794082,-0.5913605655244911,8.86,-0.2999999999999998,386.3000000000002,0,0.8209649993349658,NORMAL,1.9900152317106776,NORMAL,MEMORY,LOW
26-07-2026 15:09,Memory Stress,1,7.4,1200,89.3,1689.4,1.4,0.157,0.087,17.58,217.11,292,S1,Windows,18,15.43,-0.8503247317361409,1.2157056204212653,-1.2165708480691224,-0.5910015374160463,7.7,-0.09999999999999964,717.6999999999998,0,0.9813235827442556,NORMAL,2.0816338763080577,NORMAL,MEMORY,LOW
26-07-2026 15:09,Memory Stress,1,9.7,1200,72.2,4394.6,1.4,0.405,72.153,17.58,217.12,293,S1,Windows,18,15.43,-0.772104665363646,0.008602547239352226,-0.008286195895178329,-0.14490292253365503,7.94,2.299999999999999,-2705.2000000000003,0,0.2648499874666661,NORMAL,0.9182037491602422,NORMAL,NORMAL,LOW
26-07-2026 15:09,Memory Stress,1,7.8,1200,75.5,3870.0,1.4,0.437,0.032,17.59,217.14,293,S1,Windows,18,15.43,-0.8367212419322286,0.2415522631165634,-0.24260015735106014,-0.5913419951050888,8.040000000000001,-1.8999999999999995,524.6000000000004,0,0.49027048200586737,NORMAL,1.4570655689157412,NORMAL,NORMAL,LOW
26-07-2026 15:09,Memory Stress,1,6.9,1200,77.6,3547.2,1.4,0.066,0.005,17.59,217.15,293,S1,Windows,18,15.43,-0.8673290939910311,0.38979299140206114,-0.3867796212434708,-0.5915091288797096,7.859999999999999,-0.8999999999999995,322.8000000000002,0,0.5727943756425637,NORMAL,2.0099452656666075,NORMAL,NORMAL,LOW
26-07-2026 15:09,Memory Stress,1,7.3,1200,80.6,3069.3,1.4,0.192,0.078,17.6,217.16,293,S1,Windows,18,15.43,-0.8537256041871188,0.6015654603813442,-0.6002349056120674,-0.5910572486742532,7.8199999999999985,0.39999999999999947,477.89999999999964,0,0.674845750227803,NORMAL,1.6615178114052993,NORMAL,MEMORY,LOW
26-07-2026 15:09,Memory Stress,1,7.2,1200,85.3,2329.9,1.4,0.087,0.021,17.6,217.18,293,S1,Windows,18,15.43,-0.8571264766380969,0.9333423284488879,-0.930489848617174,-0.5914100866428972,7.779999999999999,-0.09999999999999964,739.4000000000001,0,0.8415206285781097,NORMAL,2.2308812373391613,NORMAL,MEMORY,LOW
26-07-2026 15:09,Memory Stress,1,7.5,1200,90.4,1519.0,1.4,0.154,0.004,17.6,217.19,293,S1,Windows,18,15.43,-0.8469238592851628,1.2933555257136697,-1.2926804535439267,-0.5915153190195103,7.340000000000001,0.2999999999999998,810.9000000000001,0,1.0189229700123372,NORMAL,2.101874223036498,NORMAL,MEMORY,LOW
26-07-2026 15:09,Memory Stress,1,7.4,1200,91.8,1295.5,1.4,0.074,0.083,17.6,217.2,292,S1,Windows,18,15.43,-0.8503247317361409,1.3921826779040012,-1.3925073128374637,-0.5910262979752494,7.26,-0.09999999999999964,223.5,0,1.0694589450545853,NORMAL,2.1866215554989608,NORMAL,MEMORY,LOW
26-07-2026 15:09,Memory Stress,1,7.6,1200,75.1,3929.0,1.4,0.059,0.076,17.6,217.21,292,S1,Windows,18,15.43,-0.8435229868341847,0.21331593391932524,-0.2162476531080235,-0.5910696289538548,7.4,0.1999999999999993,-2633.5,0,0.4785151326384286,NORMAL,2.001544277522211,NORMAL,NORMAL,LOW
26-07-2026 15:09,Memory Stress,1,6.9,1200,80.3,3121.0,1.4,0.371,0.014,17.6,217.22,292,S1,Windows,18,15.43,-0.8673290939910311,0.5803882134834161,-0.5771429654533388,-0.5914534176215026,7.32,-0.6999999999999993,808.0,0,0.6680344688573024,NORMAL,2.169658649935861,NORMAL,MEMORY,LOW
26-07-2026 15:09,Memory Stress,1,7.7,1200,85.6,2277.8,1.4,0.336,0.18,17.61,217.31,292,S1,Windows,18,15.43,-0.8401221143832067,0.954519575346816,-0.9537604498216181,-0.5904258544145745,7.42,0.7999999999999998,843.1999999999998,0,0.8472297677662453,NORMAL,1.8251178236496217,NORMAL,MEMORY,LOW
26-07-2026 15:09,Memory Stress,1,7.3,1200,87.7,1947.2,1.4,0.022,0.065,17.61,217.32,292,S1,Windows,18,15.43,-0.8537256041871188,1.1027603036323146,-1.1014238041054811,-0.5911377204916634,7.38,-0.40000000000000036,330.60000000000014,0,0.925458077265259,NORMAL,2.0165911470781115,NORMAL,MEMORY,LOW
26-07-2026 15:10,Memory Stress,1,7.3,1200,90.1,1568.6,1.4,0.006,0.017,17.61,217.33,292,S1,Windows,18,15.43,-0.8537256041871188,1.2721782788157405,-1.2705264838752044,-0.5914348472021004,7.359999999999999,0.0,378.60000000000014,0,1.0101634311163188,NORMAL,2.1991246894728977,NORMAL,MEMORY,LOW
26-07-2026 15:10,Memory Stress,1,7.4,1200,92.6,1164.7,1.4,0.248,0.02,17.61,217.34,292,S1,Windows,18,15.43,-0.8503247317361409,1.4486553362984764,-1.4509294747864332,-0.591416276782698,7.32,0.10000000000000053,403.89999999999986,0,1.0981631707242114,NORMAL,2.5179642083689795,NORMAL,MEMORY,LOW
26-07-2026 15:10,Memory Stress,1,7.9,1200,70.5,4659.8,1.4,0.017,0.083,17.61,217.35,292,S1,Windows,18,15.43,-0.8333203694812507,-0.11140185184890837,0.1101660774141998,-0.5910262979752494,7.5200000000000005,0.5,-3495.1000000000004,0,0.42365514147693756,NORMAL,1.3905934377973372,NORMAL,NORMAL,LOW
26-07-2026 15:10,Memory Stress,1,6.6,1200,77.4,3573.1,1.4,0.33,0.036,17.61,217.36,292,S1,Windows,18,15.43,-0.8775317113439651,0.37567482680344305,-0.37521131853339196,-0.5913172345458857,7.3,-1.3000000000000007,1086.7000000000003,0,0.569267672060078,NORMAL,1.4533323055463014,NORMAL,NORMAL,LOW
26-07-2026 15:10,Memory Stress,1,6.3,1200,79.7,3212.4,1.4,0.033,0.005,17.61,217.38,292,S1,Windows,18,15.43,-0.8877343286968993,0.5380337196875599,-0.5363189165073463,-0.5915091288797096,7.1,-0.2999999999999998,360.6999999999998,0,0.6532960235927489,NORMAL,1.728109651553642,NORMAL,NORMAL,LOW
26-07-2026 15:10,Memory Stress,1,6.2,1200,82.9,2695.3,1.4,0.046,0.024,17.61,217.38,292,S1,Windows,18,15.43,-0.8911352011478774,0.763924353265462,-0.7672829833560623,-0.591391516223495,6.880000000000001,-0.09999999999999964,517.0999999999999,0,0.7682527662399132,NORMAL,2.410834853162304,NORMAL,MEMORY,LOW
26-07-2026 15:10,Memory Stress,1,8.5,1200,87.3,2010.0,1.4,0.162,0.096,17.63,217.41,292,S1,Windows,18,15.43,-0.8129151347753825,1.0745239744350765,-1.0733740199281472,-0.5909458261578393,7.1,2.3,685.3000000000002,0,0.899095701980335,NORMAL,1.9364976702665722,NORMAL,MEMORY,LOW
26-07-2026 15:10,Memory Stress,1,8.2,1200,77.0,3638.4,1.4,0.033,0.039,17.63,217.42,292,S1,Windows,18,15.43,-0.8231177521283165,0.34743849760620493,-0.3460449028203361,-0.5912986641264834,7.159999999999999,-0.3000000000000007,-1628.4,0,0.5386355883097202,NORMAL,1.506910396362094,NORMAL,NORMAL,LOW
26-07-2026 15:10,Memory Stress,1,7.8,1200,78.5,3390.6,1.4,0.023,0.042,17.63,217.43,292,S1,Windows,18,15.43,-0.8367212419322286,0.45332473209584645,-0.45672542064109,-0.591280093707081,7.4,-0.39999999999999947,247.80000000000018,0,0.5966148950780567,NORMAL,2.2516376600259953,NORMAL,NORMAL,LOW
26-07-2026 15:10,Memory Stress,1,7.7,1200,84.1,2515.6,1.4,0.038,0.021,17.63,217.44,292,S1,Windows,18,15.43,-0.8401221143832067,0.8486333408571745,-0.847546458143752,-0.5914100866428972,7.68,-0.09999999999999964,875.0,0,0.7944179455294442,NORMAL,1.779926008728635,NORMAL,MEMORY,LOW
26-07-2026 15:10,Memory Stress,1,10.5,1200,89.8,1617.3,1.4,0.009,0.07,17.63,217.45,292,S1,Windows,18,15.43,-0.7448976857558216,1.2510010319178124,-1.2487745015593417,-0.5911067697926595,8.540000000000001,2.8,898.3,0,0.9667458695724904,NORMAL,2.213187443501513,NORMAL,MEMORY,LOW
26-07-2026 15:10,Memory Stress,1,8.0,1200,91.7,1313.7,1.4,0.089,0.005,17.63,217.45,292,S1,Windows,18,15.43,-0.8299194970302726,1.3851235956046921,-1.3843782352574083,-0.5915091288797096,8.440000000000001,-2.5,303.5999999999999,0,1.0596904006179129,NORMAL,2.1716778862022363,NORMAL,MEMORY,LOW
26-07-2026 15:11,Memory Stress,1,12.3,1200,77.7,3522.2,1.4,0.247,0.099,17.64,217.52,292,S1,Windows,18,15.43,-0.6836819816382168,0.39685207370137116,-0.3979459366006897,-0.5909272557384371,9.26,4.300000000000001,-2208.5,0,0.5219348550697017,NORMAL,1.4046944854638184,NORMAL,NORMAL,LOW
26-07-2026 15:11,Memory Stress,1,10.6,1200,82.4,2774.9,1.4,0.325,0.2,17.65,217.52,291,S1,Windows,18,15.43,-0.7414968133048435,0.7286289417689148,-0.7317294352586773,-0.5903020516185591,9.82,-1.700000000000001,747.2999999999997,0,0.7054440238975748,NORMAL,2.2049724307719116,NORMAL,MEMORY,LOW
26-07-2026 15:11,Memory Stress,1,12.2,1200,87.7,1944.3,1.4,0.101,0.096,17.65,217.54,291,S1,Windows,18,15.43,-0.6870828540891949,1.1027603036323146,-1.1027190966869185,-0.5909458261578393,10.72,1.5999999999999996,830.6000000000001,0,0.8756859318854044,NORMAL,1.7933255681229552,NORMAL,MEMORY,LOW
26-07-2026 15:11,Memory Stress,1,10.9,1200,91.1,1412.6,1.4,0.265,0.167,17.67,217.59,291,S1,Windows,18,15.43,-0.7312941959519095,1.3427691018088348,-1.3402042917042503,-0.5905063262319846,10.8,-1.299999999999999,531.7,0,1.0083611129154701,NORMAL,2.3532868968524023,NORMAL,MEMORY,LOW
26-07-2026 15:11,Memory Stress,1,12.9,1200,91.4,1355.3,1.4,3.258,0.371,17.77,218.7,291,S1,Windows,18,15.43,-0.6632767469323486,1.363946348706764,-1.365797486502996,-0.5892435377126273,11.78,2.0,57.299999999999955,0,0.9991751335348584,NORMAL,2.2241054991757423,NORMAL,MEMORY,LOW
26-07-2026 15:11,Memory Stress,1,14.7,1200,82.6,2743.9,1.4,0.955,0.309,17.96,227.24,291,S1,Windows,18,15.43,-0.6020610428147439,0.7427471063675329,-0.7455756663016287,-0.589627326380275,12.26,1.799999999999999,-1388.6000000000001,0,0.6704830432910638,NORMAL,2.030335637497423,NORMAL,MEMORY,LOW
26-07-2026 15:11,Memory Stress,1,16.2,1200,89.9,1588.6,1.4,2.888,1.257,18.16,231.13,291,S1,Windows,18,15.43,-0.5510479560500733,1.2580601142171224,-1.2615934315894293,-0.5837590738491437,13.38,1.5,1155.3000000000002,0,0.9118029221678734,NORMAL,2.5488085086216103,NORMAL,MEMORY,LOW
26-07-2026 15:11,Memory Stress,1,10.3,1200,95.6,687.7,1.4,1.673,6.411,18.16,231.29,291,S1,Windows,18,15.43,-0.7516994306577777,1.6604278052777595,-1.66398277180217,-0.551855093315968,13.0,-5.899999999999999,900.8999999999999,0,1.1668057438042887,NORMAL,2.939458894868279,WARNING,MEMORY,WARNING
26-07-2026 15:11,Memory Stress,1,11.3,1200,74.7,3995.8,1.4,3.174,0.149,18.24,237.22,292,S1,Windows,18,15.43,-0.7176907061479972,0.18507960472208812,-0.18641125847353449,-0.5906177487483985,13.080000000000002,1.0,-3308.1000000000004,0,0.4262368947054122,NORMAL,1.3934552238216198,NORMAL,NORMAL,LOW
26-07-2026 15:11,Memory Stress,1,11.9,1200,81.1,2982.6,1.4,3.713,0.329,18.3,237.54,292,S1,Windows,18,15.43,-0.697285471442129,0.6368608718778913,-0.6389596872709027,-0.5895035235842597,12.88,0.5999999999999996,1013.2000000000003,0,0.6459365451670386,NORMAL,1.8014012991381958,NORMAL,MEMORY,LOW
26-07-2026 15:11,Memory Stress,1,12.8,1200,83.1,2666.8,1.4,2.259,0.281,18.32,239.37,293,S1,Windows,18,15.43,-0.6666776193833266,0.7780425178640801,-0.7800125828632919,-0.5898006502946966,12.5,0.9000000000000004,315.7999999999997,0,0.7073786878058197,NORMAL,1.826923321900493,NORMAL,MEMORY,LOW
26-07-2026 15:12,Memory Stress,1,9.3,1200,84.8,2395.7,1.4,0.048,0.032,18.32,239.37,293,S1,Windows,18,15.43,-0.7857081551675581,0.8980469169523406,-0.9011001065969739,-0.5913419951050888,11.120000000000001,-3.5,271.10000000000036,0,0.8036149419763823,NORMAL,2.310728641337745,NORMAL,MEMORY,LOW
26-07-2026 15:12,Memory Stress,1,8.8,1200,87.9,1916.3,1.4,0.474,0.07,18.35,242.08,293,S1,Windows,18,15.43,-0.8027125174224483,1.1168784682309338,-1.1152253698870036,-0.5911067697926595,10.82,-0.5,479.39999999999986,0,0.9171437236319473,NORMAL,2.037185243364323,NORMAL,MEMORY,LOW
26-07-2026 15:12,Memory Stress,1,10.1,1200,89.0,1746.1,1.4,0.249,0.082,18.36,243.29,293,S1,Windows,18,15.43,-0.7585011755597337,1.1945283735233372,-1.1912456448389501,-0.5910324881150503,10.580000000000002,1.299999999999999,170.20000000000005,0,0.9423644913157214,NORMAL,2.461699618598071,NORMAL,MEMORY,LOW
26-07-2026 15:12,Memory Stress,1,9.1,1200,78.3,3427.1,1.4,1.742,0.263,18.37,243.3,293,S1,Windows,18,15.43,-0.7925099000695142,0.43920656749722736,-0.44042260021955043,-0.5899120728111106,10.02,-1.0,-1681.0,0,0.5755818748761546,NORMAL,1.54505178789878,NORMAL,NORMAL,LOW
26-07-2026 15:12,Memory Stress,1,8.5,1200,79.7,3210.4,1.4,1.67,0.185,18.4,246.08,293,S1,Windows,18,15.43,-0.8129151347753825,0.5380337196875599,-0.5372122217359239,-0.5903949037155707,9.16,-0.5999999999999996,216.69999999999982,0,0.6308060814291816,NORMAL,1.5145836750080117,NORMAL,NORMAL,LOW
26-07-2026 15:12,Memory Stress,1,9.4,1200,83.3,2645.3,1.4,0.131,0.185,18.43,248.86,293,S1,Windows,18,15.43,-0.7823072827165801,0.7921606824626991,-0.7896156140705001,-0.5903949037155707,9.180000000000001,0.9000000000000004,565.0999999999999,0,0.748342493110998,NORMAL,2.0034990481527633,NORMAL,MEMORY,LOW
26-07-2026 15:12,Memory Stress,1,8.3,1200,86.8,2088.0,1.4,0.358,0.009,18.45,250.89,293,S1,Windows,18,15.43,-0.8197168796773384,1.0392285629385294,-1.0385351160136242,-0.5914843683205064,9.08,-1.0999999999999996,557.3000000000002,0,0.8836875296515865,NORMAL,1.8700192655837022,NORMAL,MEMORY,LOW
26-07-2026 15:12,Memory Stress,1,9.1,1200,91.7,1313.4,1.4,0.263,0.05,18.48,253.68,293,S1,Windows,18,15.43,-0.7925099000695142,1.3851235956046921,-1.3845122310416949,-0.5912305725886748,8.879999999999999,0.7999999999999989,774.5999999999999,0,1.0484386094283358,NORMAL,2.134188159530086,NORMAL,MEMORY,LOW
26-07-2026 15:12,Memory Stress,1,11.1,1200,94.0,946.5,1.4,5.404,0.143,18.51,257.36,293,S1,Windows,18,15.43,-0.7244924510499533,1.547482488488809,-1.5483890752242397,-0.5906548895872031,9.280000000000001,2.0,366.9000000000001,0,1.1094012748239173,NORMAL,2.273930601677217,NORMAL,MEMORY,LOW
26-07-2026 15:12,Memory Stress,1,14.9,1200,78.1,3460.6,1.4,6.637,0.195,18.51,257.36,302,S1,Windows,18,15.43,-0.5952592979127879,0.42508840289860833,-0.4254597376408771,-0.590333002317563,10.56,3.8000000000000007,-2514.1,0,0.5092628582351069,NORMAL,1.2316964188500539,NORMAL,NORMAL,LOW
26-07-2026 15:12,Memory Stress,1,11.3,1200,79.7,3202.1,1.4,0.479,0.069,18.51,257.38,300,S1,Windows,18,15.43,-0.7176907061479972,0.5380337196875599,-0.5409194384345206,-0.5911129599324602,10.940000000000001,-3.5999999999999996,258.5,0,0.6031238074240632,NORMAL,2.0229633416073436,NORMAL,NORMAL,LOW
26-07-2026 15:12,Memory Stress,1,11.3,1200,84.3,2484.4,1.4,0.153,0.348,18.52,257.39,300,S1,Windows,18,15.43,-0.7176907061479972,0.8627515054557935,-0.8614820197095611,-0.589385910928045,11.540000000000001,0.0,717.6999999999998,0,0.7643062496086585,NORMAL,1.713097043450743,NORMAL,MEMORY,LOW
26-07-2026 15:13,Memory Stress,1,11.9,1200,89.5,1661.2,1.4,1.941,0.042,18.52,257.4,296,S1,Windows,18,15.43,-0.697285471442129,1.2298237850198843,-1.2291664517920655,-0.591280093707081,12.1,0.5999999999999996,823.2,0,0.9422220860384333,NORMAL,1.9269673667001208,NORMAL,MEMORY,LOW
26-07-2026 15:13,Memory Stress,1,9.0,1200,91.0,1422.2,1.4,0.297,0.241,18.53,257.43,296,S1,Windows,18,15.43,-0.7959107725204922,1.335710019509526,-1.3359164266070782,-0.5900482558867275,11.680000000000001,-2.9000000000000004,239.0,0,1.0246791741077665,NORMAL,2.087789931035219,NORMAL,MEMORY,LOW
26-07-2026 15:13,Memory Stress,1,8.5,1200,91.9,1284.9,1.4,0.015,0.065,18.53,257.44,296,S1,Windows,18,15.43,-0.8129151347753825,1.3992417602033111,-1.3972418305489245,-0.5911377204916634,10.4,-0.5,137.29999999999995,0,1.0613229787017258,NORMAL,2.332440493891819,NORMAL,MEMORY,LOW
26-07-2026 15:13,Memory Stress,1,9.4,1200,81.5,2924.6,1.4,0.136,0.189,18.53,257.46,296,S1,Windows,18,15.43,-0.7823072827165801,0.6650972010751295,-0.6648655388996505,-0.5903701431563677,10.02,0.9000000000000004,-1639.6999999999998,0,0.6852684815487166,NORMAL,1.534320025854471,NORMAL,MEMORY,LOW
26-07-2026 15:13,Memory Stress,1,9.3,1200,84.9,2379.4,1.4,0.078,0.041,18.53,257.46,296,S1,Windows,18,15.43,-0.7857081551675581,0.9051059992516507,-0.9083805442098805,-0.5912862838468819,9.620000000000001,-0.09999999999999964,545.1999999999998,0,0.8071776119371151,NORMAL,2.3885414633421687,NORMAL,MEMORY,LOW
26-07-2026 15:13,Memory Stress,1,9.2,1200,90.0,1579.0,1.4,0.043,0.028,18.59,263.67,295,S1,Windows,18,15.43,-0.7891090276185362,1.2651191965164315,-1.2658812966866013,-0.5913667556642918,9.08,-0.10000000000000142,800.4000000000001,0,0.9877180777106689,NORMAL,2.062257951604472,NORMAL,MEMORY,LOW
26-07-2026 15:13,Memory Stress,1,9.6,1200,92.1,1244.7,1.4,0.167,0.187,18.62,267.34,295,S1,Windows,18,15.43,-0.775505537814624,1.4133599248019293,-1.4151972656433325,-0.5903825234359692,9.2,0.40000000000000036,334.29999999999995,0,1.0577755966008262,NORMAL,2.341516911310591,NORMAL,MEMORY,LOW
26-07-2026 15:13,Memory Stress,1,11.5,1200,79.3,3269.1,1.4,0.344,0.03,18.63,267.81,295,S1,Windows,18,15.43,-0.7108889612460412,0.5097973904903217,-0.5109937132771739,-0.5913543753846903,9.8,1.9000000000000004,-2024.3999999999999,0,0.5866755232532816,NORMAL,1.5111239822081273,NORMAL,NORMAL,LOW
26-07-2026 15:13,Memory Stress,1,9.5,1200,79.1,3311.0,1.4,0.08,0.031,18.67,272.82,295,S1,Windows,18,15.43,-0.778906410265602,0.49567922589170266,-0.492278968738475,-0.5913481852448895,9.82,-2.0,-41.90000000000009,0,0.5991011216438642,NORMAL,2.1313929694498492,NORMAL,NORMAL,LOW
26-07-2026 15:13,Memory Stress,1,12.7,1200,83.9,2540.6,1.4,0.4,0.898,18.69,275.22,293,S1,Windows,18,15.43,-0.6700784918343047,0.8345151762585563,-0.836380142786533,-0.5859813340376208,10.5,3.1999999999999993,770.4000000000001,0,0.735850395792689,NORMAL,1.8360331430365355,NORMAL,MEMORY,LOW
26-07-2026 15:13,Memory Stress,1,9.5,1200,89.5,1662.8,1.4,0.058,0.072,18.69,275.24,293,S1,Windows,18,15.43,-0.778906410265602,1.2298237850198843,-1.2284518076092033,-0.5910943895130579,10.559999999999999,-3.1999999999999993,877.8,0,0.9665282980100982,NORMAL,2.0643326749342417,NORMAL,MEMORY,LOW
26-07-2026 15:13,Memory Stress,1,9.1,1200,92.4,1196.4,1.4,0.027,0.038,18.7,275.24,293,S1,Windows,18,15.43,-0.7925099000695142,1.4345371716998583,-1.4367705869134795,-0.5913048542662841,10.459999999999999,-0.40000000000000036,466.39999999999986,0,1.0737292097667646,NORMAL,2.456394831589465,NORMAL,MEMORY,LOW
26-07-2026 15:14,Memory Stress,1,9.6,1200,94.2,911.1,1.4,0.098,0.2,18.7,275.25,293,S1,Windows,18,15.43,-0.775505537814624,1.561600653087428,-1.5642005777700616,-0.5903020516185591,10.08,0.5,285.30000000000007,0,1.1320323831483396,NORMAL,2.6320057573857865,NORMAL,MEMORY,LOW
26-07-2026 15:14,Memory Stress,1,8.1,1200,79.8,3193.9,1.4,0.012,0.027,18.7,275.26,293,S1,Windows,18,15.43,-0.8265186245792945,0.5450928019868689,-0.5445819898716884,-0.5913729458040926,9.8,-1.5,-2282.8,0,0.6386744151050053,NORMAL,1.5063519551516744,NORMAL,NORMAL,LOW
26-07-2026 15:14,Memory Stress,1,11.8,1200,81.8,2876.0,1.4,26.665,0.088,18.71,275.28,294,S1,Windows,18,15.43,-0.700686343893107,0.6862744479730576,-0.686572855954084,-0.5909953472762456,9.62,3.700000000000001,317.9000000000001,0,0.6716018782059153,NORMAL,1.4905356523554567,NORMAL,MEMORY,LOW
26-07-2026 15:14,Memory Stress,1,8.2,1200,87.5,1976.8,1.4,0.047,0.051,18.71,275.29,293,S1,Windows,18,15.43,-0.8231177521283165,1.0886421390336956,-1.0882028867225337,-0.5912243824488741,9.36,-3.6000000000000014,899.2,0,0.909413421182885,NORMAL,1.8992566632552377,NORMAL,MEMORY,LOW
26-07-2026 15:14,Memory Stress,1,9.4,1200,88.7,1779.8,1.4,0.36,0.188,18.71,275.3,293,S1,Windows,18,15.43,-0.7823072827165801,1.173351126625409,-1.1761934517374188,-0.5903763332961685,9.42,1.200000000000001,197.0,0,0.9400114798093143,NORMAL,2.4160766984625717,NORMAL,MEMORY,LOW
26-07-2026 15:14,Memory Stress,1,10.2,1200,76.9,3647.7,1.4,0.063,0.202,18.71,275.32,293,S1,Windows,18,15.43,-0.7551003031087558,0.34037941530689586,-0.34189103350745076,-0.5902896713389576,9.540000000000001,0.7999999999999989,-1867.8999999999999,0,0.5150800564939771,NORMAL,1.53323989256287,NORMAL,NORMAL,LOW
26-07-2026 15:14,Memory Stress,1,11.2,1200,80.3,3117.4,1.4,0.042,0.051,18.71,275.33,294,S1,Windows,18,15.43,-0.7210915785989753,0.5803882134834161,-0.5787509148647783,-0.5912243824488741,10.16,1.0,530.2999999999997,0,0.624438997087448,NORMAL,1.5982901615332004,NORMAL,MEMORY,LOW
26-07-2026 15:14,Memory Stress,1,10.0,1200,84.0,2529.3,1.4,0.018,0.048,18.71,275.34,293,S1,Windows,18,15.43,-0.7619020480107118,0.8415742585578654,-0.8414273173279958,-0.5912429528682764,9.8,-1.1999999999999993,588.0999999999999,0,0.7675769460098276,NORMAL,1.644820517698106,NORMAL,MEMORY,LOW
26-07-2026 15:14,Memory Stress,1,8.8,1200,90.8,1450.4,1.4,0.054,0.064,18.71,275.34,292,S1,Windows,18,15.43,-0.8027125174224483,1.3215918549109067,-1.3233208228841353,-0.5911439106314641,9.919999999999998,-1.1999999999999993,1078.9,0,1.0201842584031264,NORMAL,2.2662960558856153,NORMAL,MEMORY,LOW
26-07-2026 15:14,Memory Stress,1,10.7,1200,93.0,1104.8,1.4,0.098,0.197,18.71,275.35,292,S1,Windows,18,15.43,-0.7380959408538655,1.4768916654957145,-1.4776839663823294,-0.5903206220379614,10.18,1.8999999999999986,345.60000000000014,0,1.0780971995889321,NORMAL,2.2089864112797146,NORMAL,MEMORY,LOW
26-07-2026 15:14,Memory Stress,1,12.9,1200,77.3,3593.7,1.4,0.218,0.276,18.76,280.12,292,S1,Windows,18,15.43,-0.6632767469323486,0.36861574450413304,-0.3660102746790436,-0.5898316009937006,10.72,2.200000000000001,-2488.8999999999996,0,0.5007361225654934,NORMAL,1.7273567022279444,NORMAL,NORMAL,LOW
26-07-2026 15:14,Memory Stress,1,8.9,1200,80.7,3057.1,1.4,0.04,0.081,18.76,280.13,292,S1,Windows,18,15.43,-0.7993116449714703,0.6086245426806542,-0.6056840675063904,-0.5910386782548509,10.26,-4.0,536.5999999999999,0,0.6617254054478857,NORMAL,2.0362041622214524,NORMAL,MEMORY,LOW
26-07-2026 15:15,Memory Stress,1,12.2,1200,88.2,1871.3,1.4,0.226,0.197,18.77,280.14,292,S1,Windows,18,15.43,-0.6870828540891949,1.138055715128862,-1.1353247375299975,-0.5903206220379614,10.7,3.299999999999999,1185.8,0,0.8926706426790088,NORMAL,2.2173459892521903,NORMAL,MEMORY,LOW
26-07-2026 15:15,Memory Stress,1,9.2,1200,90.1,1571.7,1.4,0.013,0.045,18.77,280.15,292,S1,Windows,18,15.43,-0.7891090276185362,1.2721782788157405,-1.2691418607709093,-0.5912615232876787,10.780000000000001,-3.0,299.5999999999999,0,0.9904668687420006,NORMAL,2.4630340704831,NORMAL,MEMORY,LOW
26-07-2026 15:15,Memory Stress,1,10.3,1200,92.1,1240.9,1.4,0.048,0.058,18.77,280.16,292,S1,Windows,18,15.43,-0.7516994306577777,1.4133599248019293,-1.4168945455776298,-0.5911810514702687,10.7,1.1000000000000014,330.79999999999995,0,1.0511329260474918,NORMAL,2.7716252001172768,WARNING,MEMORY,WARNING
26-07-2026 15:15,Memory Stress,1,10.7,1200,94.6,846.5,1.4,0.188,0.173,18.8,283.42,292,S1,Windows,18,15.43,-0.7380959408538655,1.5898369822846652,-1.5930543366531154,-0.5904691853931799,10.26,0.3999999999999986,394.4000000000001,0,1.1350845813508184,NORMAL,2.794453417579563,WARNING,MEMORY,WARNING
26-07-2026 15:15,Memory Stress,1,11.0,1200,74.3,4068.3,1.4,0.153,0.057,18.82,285.81,292,S1,Windows,18,15.43,-0.7278933235009314,0.15684327552484997,-0.15402894393759964,-0.5911872416100694,10.679999999999998,0.3000000000000007,-3221.8,0,0.4144642168172682,NORMAL,1.7722454225627855,NORMAL,NORMAL,LOW
26-07-2026 15:15,Memory Stress,1,9.1,1200,79.8,3188.3,1.4,0.168,0.058,18.84,288.02,292,S1,Windows,18,15.43,-0.7925099000695142,0.5450928019868689,-0.5470832445117053,-0.5911810514702687,10.059999999999999,-1.9000000000000004,880.0,0,0.6289336698133097,NORMAL,1.7930293411652714,NORMAL,NORMAL,LOW
26-07-2026 15:15,Memory Stress,1,10.0,1200,81.7,2893.2,1.4,0.019,0.04,18.88,293.04,292,S1,Windows,18,15.43,-0.7619020480107118,0.6792153656737486,-0.6788904309883176,-0.5912924739866825,10.219999999999999,0.9000000000000004,295.10000000000036,0,0.6863718051003381,NORMAL,1.5282978195546657,NORMAL,MEMORY,LOW
26-07-2026 15:15,Memory Stress,1,9.5,1200,85.1,2359.0,1.4,0.045,0.036,18.9,295.03,292,S1,Windows,18,15.43,-0.778906410265602,0.9192241638502687,-0.9174922575413712,-0.5913172345458857,10.059999999999999,-0.5,534.1999999999998,0,0.8112010706522126,NORMAL,1.8864129000715535,NORMAL,MEMORY,LOW
26-07-2026 15:15,Memory Stress,1,9.0,1200,88.4,1836.9,1.4,0.135,0.1,18.9,295.04,292,S1,Windows,18,15.43,-0.7959107725204922,1.152173879727481,-1.1506895874615308,-0.5909210655986363,9.719999999999999,-0.5,522.0999999999999,0,0.9327475262864253,NORMAL,2.0314408468206233,NORMAL,MEMORY,LOW
26-07-2026 15:15,Memory Stress,1,7.3,1200,74.1,4101.4,1.4,0.094,0.109,18.9,295.05,292,S1,Windows,18,15.43,-0.8537256041871188,0.14272511092623089,-0.13924474240464205,-0.5908653543404294,8.98,-1.7000000000000002,-2264.4999999999995,0,0.44495723388301917,NORMAL,2.0916793668313445,NORMAL,NORMAL,LOW
26-07-2026 15:15,Memory Stress,1,7.6,1200,76.7,3687.3,1.4,0.032,0.1,18.9,295.06,292,S1,Windows,18,15.43,-0.8435229868341847,0.32626125070827683,-0.32420358998161586,-0.5909210655986363,8.68,0.2999999999999998,414.09999999999945,0,0.5339602023787888,NORMAL,1.671514688159555,NORMAL,NORMAL,LOW
26-07-2026 15:15,Memory Stress,1,9.8,1200,79.5,3238.8,1.4,2.548,0.103,18.9,295.07,291,S1,Windows,18,15.43,-0.7687037929126679,0.5239155550889408,-0.5245272874901231,-0.590902495179234,8.64,2.200000000000001,448.5,0,0.610871760934354,NORMAL,1.4732689958448342,NORMAL,NORMAL,LOW
26-07-2026 15:16,Memory Stress,1,10.9,1200,81.6,2904.6,1.4,0.133,0.015,18.9,295.08,291,S1,Windows,18,15.43,-0.7312941959519095,0.6721562833744386,-0.6737985911854256,-0.5914472274817019,8.92,1.0999999999999996,334.2000000000003,0,0.6740843075313299,NORMAL,1.7258636189439807,NORMAL,MEMORY,LOW
26-07-2026 15:16,Memory Stress,1,8.3,1200,86.0,2206.4,1.4,0.022,0.04,18.9,295.08,291,S1,Windows,18,15.43,-0.8197168796773384,0.9827559045440541,-0.9856514464818353,-0.5912924739866825,8.780000000000001,-2.5999999999999996,698.1999999999998,0,0.8561306193601214,NORMAL,2.3341299399216653,NORMAL,MEMORY,LOW
26-07-2026 15:16,Memory Stress,1,8.5,1200,90.2,1555.5,1.4,1.285,0.315,18.9,295.09,291,S1,Windows,18,15.43,-0.8129151347753825,1.2792373611150505,-1.276377633122387,-0.5895901855414705,9.02,0.1999999999999993,650.9000000000001,0,1.0008393124999015,NORMAL,2.4352440013386705,NORMAL,MEMORY,LOW
26-07-2026 15:16,Memory Stress,1,8.0,1200,91.7,1313.0,1.4,0.91,0.016,18.9,295.1,290,S1,Windows,18,15.43,-0.8299194970302726,1.3851235956046921,-1.3846908920874104,-0.591441037341901,9.100000000000001,-0.5,242.5,0,1.0597393136763515,NORMAL,2.1565121794279882,NORMAL,MEMORY,LOW
26-07-2026 15:16,Memory Stress,1,7.4,1200,93.3,1051.1,1.4,0.031,0.032,18.91,295.11,290,S1,Windows,18,15.43,-0.8503247317361409,1.4980689123936426,-1.5016692117696357,-0.5913419951050888,8.620000000000001,-0.5999999999999996,261.9000000000001,0,1.12312033461388,NORMAL,2.911912570368071,WARNING,MEMORY,WARNING
26-07-2026 15:16,Memory Stress,1,9.1,1200,77.2,3604.0,1.4,0.181,0.074,18.91,295.13,290,S1,Windows,18,15.43,-0.7925099000695142,0.36155666220482396,-0.3614097527518694,-0.5910820092334563,8.260000000000002,1.6999999999999993,-2552.9,0,0.5367183210793666,NORMAL,1.3549878162424642,NORMAL,NORMAL,LOW
26-07-2026 15:16,Memory Stress,1,7.1,1200,77.2,3600.3,1.4,0.069,0.082,18.91,295.14,290,S1,Windows,18,15.43,-0.8605273490890749,0.36155666220482396,-0.3630623674247377,-0.5910324881150503,8.02,-2.0,3.699999999999818,0,0.5574441744961272,NORMAL,1.6306547550687953,NORMAL,NORMAL,LOW
26-07-2026 15:16,Memory Stress,1,8.3,1200,82.1,2826.3,1.4,0.676,0.07,18.93,295.15,290,S1,Windows,18,15.43,-0.8197168796773384,0.7074516948709857,-0.7087714908842352,-0.5911067697926595,7.9799999999999995,1.200000000000001,774.0,0,0.7181262244998762,NORMAL,1.7488686016561479,NORMAL,MEMORY,LOW
26-07-2026 15:16,Memory Stress,1,8.1,1200,86.9,2066.2,1.4,0.102,0.109,18.93,295.16,290,S1,Windows,18,15.43,-0.8265186245792945,1.0462876452378393,-1.0482721430051192,-0.5908653543404294,8.0,-0.20000000000000107,760.1000000000004,0,0.8896693804142499,NORMAL,2.1309342838442746,NORMAL,MEMORY,LOW
26-07-2026 15:16,Memory Stress,1,12.1,1200,90.0,1577.8,1.4,0.749,0.091,18.95,295.4,290,S1,Windows,18,15.43,-0.6904837265401729,1.2651191965164315,-1.2664172798237476,-0.5909767768568432,8.940000000000001,4.0,488.39999999999986,0,0.9581596882530994,NORMAL,2.058374409364245,NORMAL,MEMORY,LOW
26-07-2026 15:17,Recovery,0,2.6,1200,44.2,8822.2,1.4,0.0,0.0,18.96,295.46,291,S1,Windows,18,15.43,-1.0135666093830868,-1.9679404965672898,1.96931291912972,-0.5915400795787135,7.639999999999999,-9.5,-7244.400000000001,0,1.4066227315267996,WARNING,2.2652231344018046,NORMAL,NORMAL,WARNING
26-07-2026 15:17,Recovery,0,3.7,1200,44.5,8765.0,1.4,2.552,0.207,18.98,295.5,291,S1,Windows,18,15.43,-0.9761570124223284,-1.9467632496693617,1.9437643895924028,-0.5902587206399538,6.959999999999999,1.1,57.20000000000073,0,1.3836807006739784,WARNING,2.634910111524809,NORMAL,NORMAL,WARNING
26-07-2026 15:17,Recovery,0,8.1,1200,46.7,8426.8,1.4,35.133,0.501,19.04,295.65,293,S1,Windows,18,15.43,-0.8265186245792945,-1.7914634390845539,1.792706475439945,-0.588438819538527,6.92,4.3999999999999995,338.2000000000007,0,1.2616236780948489,NORMAL,2.0540982605460547,NORMAL,NORMAL,LOW
26-07-2026 15:17,Recovery,0,5.1,1200,46.8,8406.0,1.4,6.574,0.251,19.07,295.67,292,S1,Windows,18,15.43,-0.9285447981086358,-1.7844043567852448,1.7834161010627392,-0.5899863544887198,6.319999999999999,-3.0,20.799999999999272,0,1.288565237578456,NORMAL,2.0758033897833963,NORMAL,NORMAL,LOW
26-07-2026 15:17,Recovery,0,5.6,1200,45.8,8573.5,1.4,11.215,0.284,19.08,295.69,291,S1,Windows,18,15.43,-0.9115404358537456,-1.854995179778339,1.8582304139561059,-0.5897820798752943,5.0200000000000005,0.5,-167.5,0,1.3195631834559052,WARNING,2.555975813044282,NORMAL,NORMAL,WARNING
26-07-2026 15:17,Recovery,0,2.8,1200,45.8,8574.0,1.4,0.143,0.083,19.08,295.7,291,S1,Windows,18,15.43,-1.0067648644811307,-1.854995179778339,1.8584537402632504,-0.5910262979752494,5.06,-2.8,-0.5,0,1.3484240209255407,WARNING,2.644848879128303,NORMAL,NORMAL,WARNING
26-07-2026 15:17,Recovery,0,6.3,1200,47.2,8345.5,1.4,0.611,0.32,19.13,295.82,293,S1,Windows,18,15.43,-0.8877343286968993,-1.7561680275880065,1.7563936178982695,-0.5895592348424666,5.58,3.5,228.5,0,1.262361277433619,NORMAL,1.9688403350050105,NORMAL,NORMAL,LOW
26-07-2026 15:17,Recovery,0,8.0,1200,47.1,8365.3,1.4,3.056,0.17,19.16,295.84,291,S1,Windows,18,15.43,-0.8299194970302726,-1.7632271098873162,1.7652373396611865,-0.5904877558125823,5.56,1.7000000000000002,-19.799999999999272,0,1.2490890011700302,NORMAL,2.163840095759346,NORMAL,NORMAL,LOW
26-07-2026 15:17,Recovery,0,3.0,1200,46.4,8474.0,1.4,0.709,0.101,19.17,295.86,292,S1,Windows,18,15.43,-0.9999631195791747,-1.8126406859824824,1.8137884788343746,-0.5909148754588355,5.14,-5.0,-108.70000000000073,0,1.3247218125271392,WARNING,2.111296501550641,NORMAL,NORMAL,WARNING
26-07-2026 15:18,Recovery,0,7.1,1200,48.8,8088.2,1.4,0.948,0.35,19.22,296.0,294,S1,Windows,18,15.43,-0.8605273490890749,-1.643222710799056,1.6414699002417723,-0.5893735306484434,5.44,4.1,385.8000000000002,0,1.1972937041444824,NORMAL,2.078566073138778,NORMAL,NORMAL,LOW
26-07-2026 15:18,Recovery,0,5.4,1200,48.3,8172.1,1.4,0.567,0.393,19.25,296.1,292,S1,Windows,18,15.43,-0.9183421807557017,-1.6785181222956032,1.6789440545805991,-0.5891073546370102,5.96,-1.6999999999999993,-83.90000000000055,0,1.2326683727589134,NORMAL,1.9215793096407126,NORMAL,NORMAL,LOW
26-07-2026 15:18,Recovery,0,5.3,1200,46.8,8401.3,1.4,0.168,0.272,19.28,296.13,291,S1,Windows,18,15.43,-0.9217430532066797,-1.7844043567852448,1.7813168337755818,-0.5898563615529036,5.76,-0.10000000000000053,-229.1999999999989,0,1.2860788620632746,NORMAL,2.539436378173663,NORMAL,NORMAL,LOW
26-07-2026 15:18,Recovery,0,5.4,1200,46.6,8434.6,1.4,1.076,0.095,19.29,296.14,292,S1,Windows,18,15.43,-0.9183421807557017,-1.7985225213838634,1.7961903658313978,-0.5909520162976402,5.24,0.10000000000000053,-33.30000000000109,0,1.292487887067677,NORMAL,2.340574370586504,NORMAL,NORMAL,LOW
26-07-2026 15:18,Recovery,0,5.3,1200,47.7,8264.3,1.4,0.367,0.161,19.32,296.25,293,S1,Windows,18,15.43,-0.9217430532066797,-1.7208726160914594,1.720125425618022,-0.5905434670707892,5.7,-0.10000000000000053,170.3000000000011,0,1.254918479327204,NORMAL,1.99653818810724,NORMAL,NORMAL,LOW
26-07-2026 15:18,Recovery,0,5.5,1200,48.0,8218.2,1.4,0.303,0.271,19.35,296.27,294,S1,Windows,18,15.43,-0.9149413083047236,-1.6996953691935313,1.699534740099311,-0.5898625516927044,5.38,0.20000000000000018,46.099999999998545,0,1.2422704616078797,NORMAL,1.936606176755157,NORMAL,NORMAL,LOW
26-07-2026 15:18,Recovery,0,5.5,1200,46.9,8388.6,1.4,0.408,0.159,19.37,296.28,293,S1,Windows,18,15.43,-0.9149413083047236,-1.7773452744859353,1.775644345574115,-0.5905558473503908,5.4,0.0,-170.39999999999964,0,1.280926013422099,NORMAL,2.1827472309376885,NORMAL,NORMAL,LOW
26-07-2026 15:18,Recovery,0,2.8,1200,46.8,8408.5,1.4,0.703,0.223,19.39,296.31,292,S1,Windows,18,15.43,-1.0067648644811307,-1.7844043567852448,1.784532732598461,-0.5901596784031414,4.9,-2.7,-19.899999999999636,0,1.312289248580233,NORMAL,2.0314921779957005,NORMAL,NORMAL,LOW
26-07-2026 15:18,Recovery,0,2.8,1200,46.8,8415.6,1.4,0.082,0.04,19.4,296.32,293,S1,Windows,18,15.43,-1.0067648644811307,-1.7844043567852448,1.7877039661599115,-0.5912924739866825,4.38,0.0,-7.100000000000364,0,1.3131500544092314,NORMAL,2.5531639957607886,NORMAL,NORMAL,LOW
26-07-2026 15:18,Recovery,0,6.8,1200,48.4,8148.5,1.4,0.387,0.361,19.44,296.44,294,S1,Windows,18,15.43,-0.8707299664420091,-1.6714590399962936,1.6684030528833844,-0.5893054391106349,4.68,4.0,267.10000000000036,0,1.2141984003302946,NORMAL,2.444956916188197,NORMAL,NORMAL,LOW
26-07-2026 15:18,Recovery,0,3.2,1200,46.8,8402.6,1.4,0.409,0.423,19.46,296.46,293,S1,Windows,18,15.43,-0.9931613746772187,-1.7844043567852448,1.7818974821741576,-0.5889216504429872,4.220000000000001,-3.5999999999999996,-254.10000000000036,0,1.307433545962168,NORMAL,2.397100883126117,NORMAL,NORMAL,LOW
26-07-2026 15:18,Recovery,0,9.7,1200,47.7,8260.2,1.4,1.111,1.045,19.61,299.53,292,S1,Windows,18,15.43,-0.772104665363646,-1.7208726160914594,1.7182941498994388,-0.5850713834869073,5.06,6.499999999999999,142.39999999999964,0,1.2085662911138007,NORMAL,2.311543531124137,NORMAL,NORMAL,LOW
26-07-2026 15:19,Recovery,0,7.2,1200,48.0,8217.6,1.4,0.277,0.521,19.66,302.95,293,S1,Windows,18,15.43,-0.8571264766380969,-1.6996953691935313,1.6992667485307376,-0.5883150167425115,5.9399999999999995,-2.499999999999999,42.600000000000364,0,1.2245629068041382,NORMAL,1.930471245635481,NORMAL,NORMAL,LOW
26-07-2026 15:19,Recovery,0,5.9,1200,48.5,8139.8,1.4,0.051,0.131,19.69,302.99,293,S1,Windows,18,15.43,-0.9013378185008115,-1.6643999576969841,1.6645171751390724,-0.5907291712648124,6.56,-1.2999999999999998,77.80000000000018,0,1.2207706021401155,NORMAL,1.8994700684187185,NORMAL,NORMAL,LOW
26-07-2026 15:19,Recovery,0,4.7,1200,47.7,8272.8,1.4,0.04,0.152,19.71,304.01,293,S1,Windows,18,15.43,-0.942148287912548,-1.7208726160914594,1.7239219728394766,-0.5905991783289962,6.140000000000001,-1.2000000000000002,-132.9999999999991,0,1.2618105014348968,NORMAL,2.42214312840986,NORMAL,NORMAL,LOW
26-07-2026 15:19,Recovery,0,3.7,1200,47.6,8281.0,1.4,1.175,0.053,19.72,304.84,293,S1,Windows,18,15.43,-0.9761570124223284,-1.7279316983907689,1.7275845242766446,-0.5912120021692726,6.24,-1.0,-8.200000000000728,0,1.2749859185331127,NORMAL,1.9897641156447554,NORMAL,NORMAL,LOW
26-07-2026 15:19,Recovery,0,3.9,1200,47.6,8275.3,1.4,0.025,0.033,19.73,306.04,293,S1,Windows,18,15.43,-0.9693552675203724,-1.7279316983907689,1.7250386043751984,-0.5913358049652879,5.08,0.19999999999999973,5.700000000000728,0,1.2724609716414397,NORMAL,2.460718390293004,NORMAL,NORMAL,LOW
26-07-2026 15:19,Recovery,0,5.3,1200,47.7,8259.2,1.4,0.006,0.135,19.76,307.86,293,S1,Windows,18,15.43,-0.9217430532066797,-1.7208726160914594,1.71784749728515,-0.5907044107056093,4.7,1.4,16.099999999998545,0,1.2544950823875936,NORMAL,2.480977438926589,NORMAL,NORMAL,LOW
26-07-2026 15:19,Recovery,0,3.5,1200,47.4,8309.9,1.4,0.0,0.045,19.77,309.14,292,S1,Windows,18,15.43,-0.9829587573242845,-1.7420498629893881,1.7404927848295895,-0.5912615232876787,4.220000000000001,-1.7999999999999998,-50.69999999999891,0,1.2838534477175554,NORMAL,2.15190732346862,NORMAL,NORMAL,LOW
26-07-2026 15:19,Recovery,0,4.3,1200,47.4,8309.8,1.4,0.404,0.074,19.91,310.41,292,S1,Windows,18,15.43,-0.9557517777164601,-1.7420498629893881,1.7404481195681605,-0.5910820092334563,4.14,0.7999999999999998,0.1000000000003638,0,1.275646517972078,NORMAL,2.1508701660465372,NORMAL,NORMAL,LOW
26-07-2026 15:19,Recovery,0,4.6,1200,47.4,8305.8,1.4,1.026,0.198,19.94,311.78,292,S1,Windows,18,15.43,-0.945549160363526,-1.7420498629893881,1.7386615091110056,-0.5903144318981608,4.319999999999999,0.2999999999999998,4.0,0,1.2720748952077077,NORMAL,2.6130329193491484,NORMAL,NORMAL,LOW
26-07-2026 15:19,Recovery,0,4.1,1200,47.5,8297.0,1.4,0.025,0.103,19.96,313.73,292,S1,Windows,18,15.43,-0.9625535226184162,-1.7349907806900784,1.7347309661052648,-0.590902495179234,4.36,-0.5,8.799999999999272,0,1.274389983249448,NORMAL,1.985690291951803,NORMAL,NORMAL,LOW
26-07-2026 15:19,Recovery,0,5.3,1200,47.6,8287.6,1.4,0.859,0.437,19.99,315.49,292,S1,Windows,18,15.43,-0.9217430532066797,-1.7279316983907689,1.7305324315309507,-0.5888349884857763,4.359999999999999,1.2000000000000002,9.399999999999636,0,1.25877590948258,NORMAL,2.298809586476369,NORMAL,NORMAL,LOW
26-07-2026 15:19,Recovery,0,4.7,1200,47.7,8262.7,1.4,0.617,0.299,20.02,317.08,292,S1,Windows,18,15.43,-0.942148287912548,-1.7208726160914594,1.7194107814351607,-0.5896892277782827,4.6,-0.5999999999999996,24.899999999999636,0,1.2607262730438908,NORMAL,2.1044190584388085,NORMAL,NORMAL,LOW
26-07-2026 15:20,Recovery,0,3.5,1200,47.7,8265.4,1.4,0.135,0.215,20.02,317.08,292,S1,Windows,18,15.43,-0.9829587573242845,-1.7208726160914594,1.7206167434937398,-0.5902091995215476,4.4399999999999995,-1.2000000000000002,-2.6999999999989086,0,1.2733146006277807,NORMAL,1.9817449017374478,NORMAL,NORMAL,LOW
26-07-2026 15:20,Recovery,0,4.0,1200,47.8,8255.3,1.4,0.054,0.069,20.05,318.58,292,S1,Windows,18,15.43,-0.9659543950693943,-1.7138135337921503,1.7161055520894233,-0.5911129599324602,4.32,0.5,10.100000000000364,0,1.26537408106284,NORMAL,2.2277727426253415,NORMAL,NORMAL,LOW
26-07-2026 15:20,Recovery,0,6.1,1200,48.0,8218.9,1.4,1.097,0.349,20.07,319.46,292,S1,Windows,18,15.43,-0.8945360735988553,-1.6996953691935313,1.6998473969293126,-0.5893797207882442,4.72,2.0999999999999996,36.399999999999636,0,1.2361148563812274,NORMAL,1.9246590087302435,NORMAL,NORMAL,LOW
26-07-2026 15:20,Recovery,0,3.0,1200,47.8,8246.7,1.4,0.063,0.064,20.07,319.47,292,S1,Windows,18,15.43,-0.9999631195791747,-1.7138135337921503,1.7122643396065407,-0.5911439106314641,4.26,-3.0999999999999996,-27.80000000000109,0,1.2748146460589984,NORMAL,2.1363233526367726,NORMAL,NORMAL,LOW
26-07-2026 15:20,Recovery,0,3.4,1200,47.7,8268.3,1.4,0.106,0.023,20.07,319.48,292,S1,Windows,18,15.43,-0.9863596297752626,-1.7208726160914594,1.7219120360751772,-0.5913977063632957,4.0,0.3999999999999999,-21.599999999998545,0,1.2748316222477112,NORMAL,2.024501708936976,NORMAL,NORMAL,LOW
26-07-2026 15:20,Recovery,0,4.6,1200,47.6,8274.9,1.4,0.025,0.015,20.08,319.5,292,S1,Windows,18,15.43,-0.945549160363526,-1.7279316983907689,1.7248599433294831,-0.5914472274817019,4.22,1.1999999999999997,-6.600000000000364,0,1.2653056917885255,NORMAL,2.506582520018428,NORMAL,NORMAL,LOW
26-07-2026 15:20,Recovery,0,6.3,1200,48.4,8159.1,1.4,0.07,0.1,20.11,319.78,292,S1,Windows,18,15.43,-0.8877343286968993,-1.6714590399962936,1.6731375705948455,-0.5909210655986363,4.68,1.7000000000000002,115.79999999999927,0,1.2205697378466542,NORMAL,2.046386182149805,NORMAL,NORMAL,LOW
26-07-2026 15:20,Recovery,0,5.9,1200,48.7,8113.8,1.4,0.138,0.138,20.12,319.8,292,S1,Windows,18,15.43,-0.9013378185008115,-1.650281793098365,1.6529042071675646,-0.590685840286207,4.64,-0.39999999999999947,45.30000000000018,0,1.2142038929705072,NORMAL,2.2471350330495143,NORMAL,NORMAL,LOW
26-07-2026 15:20,Recovery,0,7.9,1200,50.0,7902.8,1.4,0.688,0.436,20.2,320.84,292,S1,Windows,18,15.43,-0.8333203694812507,-1.5585137232073427,1.558660505552637,-0.588841178625577,5.62,2.0,211.0,0,1.1470505646422207,NORMAL,1.7916145988821102,NORMAL,NORMAL,LOW
26-07-2026 15:20,Recovery,0,11.3,1200,50.2,7875.5,1.4,0.3,0.525,20.51,328.18,292,S1,Windows,18,15.43,-0.7176907061479972,-1.5443955586087235,1.546466889182554,-0.5882902561833084,7.2,3.4000000000000004,27.300000000000182,0,1.1055773085001885,NORMAL,1.9877032815079618,NORMAL,NORMAL,LOW
26-07-2026 15:20,Recovery,0,4.2,1200,48.6,8125.3,1.4,0.296,0.585,20.56,330.84,292,S1,Windows,18,15.43,-0.9591526501674382,-1.6573408753976746,1.6580407122318854,-0.5879188477952622,7.12,-7.1000000000000005,-249.80000000000018,0,1.2341399696749633,NORMAL,1.9343881817060609,NORMAL,NORMAL,LOW
26-07-2026 15:20,Recovery,0,4.0,1200,47.9,8239.3,1.4,0.023,0.091,20.58,330.86,292,S1,Windows,18,15.43,-0.9659543950693943,-1.7067544514928408,1.7089591102608033,-0.5909767768568432,6.660000000000001,-0.20000000000000018,-113.99999999999909,0,1.2617998313921999,NORMAL,2.2029770043512173,NORMAL,NORMAL,LOW
26-07-2026 15:21,Recovery,0,4.6,1200,47.8,8254.3,1.4,0.057,0.097,20.58,330.87,292,S1,Windows,18,15.43,-0.945549160363526,-1.7138135337921503,1.7156588994751345,-0.5909396360180387,6.4,0.5999999999999996,-15.0,0,1.2591285153453373,NORMAL,2.1266108032209985,NORMAL,NORMAL,LOW
26-07-2026 15:21,Recovery,0,5.9,1200,48.0,8214.9,1.4,0.082,0.268,20.59,330.88,292,S1,Windows,18,15.43,-0.9013378185008115,-1.6996953691935313,1.6980607864721577,-0.5898811221121067,6.0,1.3000000000000007,39.399999999999636,0,1.2378983380251558,NORMAL,2.1080952204647376,NORMAL,NORMAL,LOW
26-07-2026 15:21,Recovery,0,9.9,1200,49.2,8034.0,1.4,0.191,0.264,20.8,336.79,292,S1,Windows,18,15.43,-0.7653029204616899,-1.614986381601818,1.6172613285473219,-0.5899058826713098,5.720000000000001,4.0,180.89999999999964,0,1.1555202328627787,NORMAL,2.098826168465498,NORMAL,NORMAL,LOW
26-07-2026 15:21,Recovery,0,8.1,1200,49.3,8013.9,1.4,0.17,0.164,20.94,341.18,292,S1,Windows,18,15.43,-0.8265186245792945,-1.6079272993025089,1.6082836110001177,-0.590524896651387,6.5,-1.8000000000000007,20.100000000000364,0,1.1700954786948419,NORMAL,1.8329314088028867,NORMAL,NORMAL,LOW
26-07-2026 15:21,Recovery,0,8.0,1200,49.1,8047.6,1.4,0.172,0.315,21.08,345.79,292,S1,Windows,18,15.43,-0.8299194970302726,-1.6220454639011275,1.623335804101649,-0.5895901855414705,7.3,-0.09999999999999964,-33.70000000000073,0,1.178174686208044,NORMAL,1.9277862498968044,NORMAL,NORMAL,LOW
26-07-2026 15:21,Recovery,0,7.1,1200,49.2,8032.6,1.4,0.237,0.758,21.15,348.01,292,S1,Windows,18,15.43,-0.8605273490890749,-1.614986381601818,1.6166360148873178,-0.5868479536097287,7.8,-0.9000000000000004,15.0,0,1.1833509129066773,NORMAL,1.9894825775328078,NORMAL,NORMAL,LOW
26-07-2026 15:21,Recovery,0,4.0,1200,48.9,8082.2,1.4,0.018,0.078,21.16,348.03,292,S1,Windows,18,15.43,-0.9659543950693943,-1.6361636284997465,1.6387899845560399,-0.5910572486742532,7.42,-3.0999999999999996,-49.599999999999454,0,1.2266048537168008,NORMAL,2.2586353267727244,NORMAL,NORMAL,LOW
26-07-2026 15:21,Recovery,0,3.6,1200,48.0,8221.4,1.4,0.002,0.075,21.18,349.25,292,S1,Windows,18,15.43,-0.9795578848733064,-1.6996953691935313,1.7009640284650347,-0.5910758190936556,6.16,-0.3999999999999999,-139.19999999999982,0,1.2621839457317896,NORMAL,2.0335971030139897,NORMAL,NORMAL,LOW
26-07-2026 15:21,Recovery,0,4.1,1200,47.9,8241.3,1.4,0.056,0.201,21.2,350.53,292,S1,Windows,18,15.43,-0.9625535226184162,-1.7067544514928408,1.7098524154893806,-0.5902958614787585,5.36,0.49999999999999956,-19.899999999999636,0,1.2608220476270047,NORMAL,2.4327349436716554,NORMAL,NORMAL,LOW
26-07-2026 15:21,Recovery,0,6.4,1200,48.1,8199.8,1.4,0.175,0.185,21.22,350.54,292,S1,Windows,18,15.43,-0.8843334562459213,-1.6926362868942217,1.6913163319963973,-0.5903949037155707,5.039999999999999,2.3000000000000007,41.5,0,1.2294331700844365,NORMAL,2.0402266096503485,NORMAL,NORMAL,LOW
26-07-2026 15:21,Recovery,0,7.8,1200,48.9,8080.6,1.4,0.804,0.13,21.22,350.58,292,S1,Windows,18,15.43,-0.8367212419322286,-1.6361636284997465,1.638075340373178,-0.5907353614046131,5.18,1.3999999999999995,119.19999999999891,0,1.1876276014851508,NORMAL,2.050663913416074,NORMAL,NORMAL,LOW
26-07-2026 15:21,Recovery,0,9.3,1200,49.6,7971.1,1.4,0.264,0.262,21.36,354.24,292,S1,Windows,18,15.43,-0.7857081551675581,-1.5867500524045803,1.5891668791085591,-0.5899182629509113,6.24,1.5000000000000009,109.5,0,1.1475544906835355,NORMAL,2.119507495908173,NORMAL,NORMAL,LOW
26-07-2026 15:22,Recovery,0,8.3,1200,48.6,8118.1,1.4,0.901,0.357,21.41,355.15,292,S1,Windows,18,15.43,-0.8197168796773384,-1.6573408753976746,1.6548248134090064,-0.589330199669838,7.18,-1.0,-147.0,0,1.1919483291382726,NORMAL,2.2643297330930072,NORMAL,NORMAL,LOW
26-07-2026 15:22,Recovery,0,5.4,1200,48.8,8088.8,1.4,0.176,0.41,21.47,357.38,292,S1,Windows,18,15.43,-0.9183421807557017,-1.643222710799056,1.6417378918103458,-0.5890021222603972,7.44,-2.9000000000000004,29.300000000000182,0,1.2146174702805759,NORMAL,2.0438122292769347,NORMAL,NORMAL,LOW
26-07-2026 15:22,Recovery,0,9.2,1200,49.7,7947.2,1.4,12.636,0.134,21.58,357.73,296,S1,Windows,18,15.43,-0.7891090276185362,-1.5796909701052708,1.5784918816270577,-0.59071060084541,8.0,3.799999999999999,141.60000000000036,0,1.1444804958116355,NORMAL,1.9055510124007973,NORMAL,NORMAL,LOW
26-07-2026 15:22,Recovery,0,13.2,1200,50.4,7836.1,1.4,5.26,4.067,22.02,359.28,297,S1,Windows,18,15.43,-0.6530741295794145,-1.5302773940101049,1.5288687761795772,-0.5663647810089761,9.08,4.0,111.09999999999945,0,1.0740521685145663,NORMAL,1.8579008055075292,NORMAL,NORMAL,LOW
26-07-2026 15:22,Recovery,0,4.1,1200,50.1,7881.4,1.4,0.866,1.169,22.05,359.41,297,S1,Windows,18,15.43,-0.9625535226184162,-1.551454640908033,1.5491021396068574,-0.5843038061516117,8.040000000000001,-9.1,-45.29999999999927,0,1.1808836382096284,NORMAL,2.1949421901682173,NORMAL,NORMAL,LOW
26-07-2026 15:22,Recovery,0,5.6,1200,50.7,7796.8,1.4,1.792,0.993,22.1,360.59,296,S1,Windows,18,15.43,-0.9115404358537456,-1.5091001471121763,1.511315328438029,-0.5853932707565475,7.5,1.5,84.59999999999945,0,1.145533894728692,NORMAL,2.052757003357754,NORMAL,NORMAL,LOW
26-07-2026 15:22,Recovery,0,10.3,1200,51.5,7668.7,1.4,0.775,1.38,22.24,364.5,296,S1,Windows,18,15.43,-0.7516994306577777,-1.452627488717701,1.454099128547639,-0.5829976866536489,8.48,4.700000000000001,128.10000000000036,0,1.068717438852901,NORMAL,1.8033631463862911,NORMAL,NORMAL,LOW
26-07-2026 15:22,Recovery,0,8.1,1200,50.7,7796.7,1.4,0.589,0.151,22.36,368.08,295,S1,Windows,18,15.43,-0.8265186245792945,-1.5091001471121763,1.5112706631765997,-0.590605368468797,8.26,-2.200000000000001,-128.0,0,1.1210608378365206,NORMAL,2.016515428246455,NORMAL,NORMAL,LOW
26-07-2026 15:22,Recovery,0,10.4,1200,52.0,7586.4,1.4,0.366,0.532,22.47,370.51,295,S1,Windows,18,15.43,-0.7482985582067997,-1.417332077221154,1.4173396183916742,-0.5882469252047031,7.7,2.3000000000000007,210.30000000000018,0,1.0508064993476616,NORMAL,1.6525397399166735,NORMAL,NORMAL,LOW
26-07-2026 15:22,Recovery,0,8.8,1200,52.4,7519.4,1.4,0.901,0.595,22.53,370.66,298,S1,Windows,18,15.43,-0.8027125174224483,-1.3890957480239163,1.3874138932343276,-0.5878569463972545,8.64,-1.5999999999999996,67.0,0,1.0525966475602258,NORMAL,1.8684590063838125,NORMAL,NORMAL,LOW
26-07-2026 15:22,Recovery,0,6.6,1200,51.3,7699.1,1.4,4.352,5.029,22.56,370.92,295,S1,Windows,18,15.43,-0.8775317113439651,-1.4667456533163201,1.4676773680220174,-0.5604098665206341,8.84,-2.200000000000001,-179.70000000000073,0,1.108900656306616,NORMAL,1.7692592998473824,NORMAL,NORMAL,LOW
26-07-2026 15:23,Recovery,0,3.4,1200,50.1,7885.2,1.4,0.128,0.192,22.59,370.95,295,S1,Windows,18,15.43,-0.9863596297752626,-1.551454640908033,1.5507994195411547,-0.5903515727369654,7.460000000000001,-3.1999999999999997,-186.09999999999945,0,1.1895744796606127,NORMAL,1.8859425541178743,NORMAL,NORMAL,LOW
26-07-2026 15:23,Recovery,0,3.8,1200,49.3,8010.6,1.4,0.018,0.075,22.59,370.95,295,S1,Windows,18,15.43,-0.9727561399713504,-1.6079272993025089,1.606809657372965,-0.5910758190936556,6.6,0.3999999999999999,-125.40000000000055,0,1.2137821270754818,NORMAL,1.9781908484270818,NORMAL,NORMAL,LOW
26-07-2026 15:23,Recovery,0,3.6,1200,49.1,8042.6,1.4,0.048,0.25,22.59,370.96,294,S1,Windows,18,15.43,-0.9795578848733064,-1.6220454639011275,1.6211025410302053,-0.5899925446285206,5.24,-0.19999999999999973,-32.0,0,1.2227000217640753,NORMAL,1.9662341190960977,NORMAL,NORMAL,LOW
26-07-2026 15:23,Recovery,0,2.5,1200,49.1,8047.2,1.4,0.037,0.202,22.59,370.97,294,S1,Windows,18,15.43,-1.0169674818340648,-1.6220454639011275,1.6231571430559333,-0.5902896713389576,3.9799999999999995,-1.1,-4.599999999999454,0,1.2343932465995358,NORMAL,1.9712108372602268,NORMAL,NORMAL,LOW
26-07-2026 15:23,Recovery,0,3.3,1200,49.1,8052.6,1.4,0.122,0.095,22.6,370.99,295,S1,Windows,18,15.43,-0.9897605022262406,-1.6220454639011275,1.625569067173093,-0.5909520162976402,3.3200000000000003,0.7999999999999998,-5.400000000000546,0,1.226846006532357,NORMAL,2.5201055991866603,NORMAL,NORMAL,LOW
26-07-2026 15:23,Recovery,0,3.1,1200,49.1,8046.3,1.4,0.623,0.051,22.6,371.0,295,S1,Windows,18,15.43,-0.9965622471281966,-1.6220454639011275,1.6227551557030735,-0.5912243824488741,3.2600000000000002,-0.19999999999999973,6.300000000000182,0,1.2283782209391867,NORMAL,1.924896982332377,NORMAL,NORMAL,LOW
26-07-2026 15:23,Recovery,0,3.8,1200,49.6,7971.6,1.4,0.05,0.023,22.63,371.08,295,S1,Windows,18,15.43,-0.9727561399713504,-1.5867500524045803,1.5893902054157036,-0.5913977063632957,3.2600000000000002,0.6999999999999997,74.69999999999982,0,1.204009440068579,NORMAL,2.2334015435841805,NORMAL,NORMAL,LOW
26-07-2026 15:23,Recovery,0,6.8,1200,50.1,7892.3,1.4,0.073,0.251,22.69,374.87,295,S1,Windows,18,15.43,-0.8707299664420091,-1.551454640908033,1.5539706531026052,-0.5899863544887198,3.9,3.0,79.30000000000018,0,1.1554467837232776,NORMAL,2.145061958575606,NORMAL,NORMAL,LOW
26-07-2026 15:23,Recovery,0,8.6,1200,50.0,7905.1,1.4,0.347,0.759,22.7,374.89,294,S1,Windows,18,15.43,-0.8095142623244044,-1.5585137232073427,1.5596878065655013,-0.5868417634699279,5.119999999999999,1.7999999999999998,-12.800000000000182,0,1.1397143096666098,NORMAL,1.8554401160843905,NORMAL,NORMAL,LOW
26-07-2026 15:23,Recovery,0,7.4,1200,49.8,7936.1,1.4,0.059,0.108,22.71,374.9,294,S1,Windows,18,15.43,-0.8503247317361409,-1.5726318878059617,1.5735340376084528,-0.59087154448023,5.9399999999999995,-1.1999999999999993,-31.0,0,1.1597681022803674,NORMAL,1.8492616729472475,NORMAL,NORMAL,LOW
26-07-2026 15:23,Recovery,0,6.4,1200,49.7,7950.1,1.4,0.006,0.046,22.71,374.91,294,S1,Windows,18,15.43,-0.8843334562459213,-1.5796909701052708,1.5797871742084952,-0.5912553331478779,6.6,-1.0,-14.0,0,1.1734158293766324,NORMAL,1.8275049734943416,NORMAL,NORMAL,LOW
26-07-2026 15:23,Recovery,0,5.6,1200,50.1,7891.4,1.4,6.244,0.208,22.73,374.94,297,S1,Windows,18,15.43,-0.9115404358537456,-1.551454640908033,1.553568665749745,-0.590252530500153,6.959999999999999,-0.8000000000000007,58.70000000000073,0,1.167662762278513,NORMAL,2.0586326103959367,NORMAL,NORMAL,LOW
26-07-2026 15:24,Recovery,0,4.7,1200,50.1,7888.3,1.4,1.746,0.134,22.73,374.95,296,S1,Windows,18,15.43,-0.942148287912548,-1.551454640908033,1.55218404264545,-0.59071060084541,6.540000000000001,-0.8999999999999995,3.0999999999994543,0,1.1766598073443464,NORMAL,1.8520879021672183,NORMAL,NORMAL,LOW
26-07-2026 15:24,Recovery,0,3.8,1200,50.1,7884.0,1.4,0.0,0.064,22.73,374.96,296,S1,Windows,18,15.43,-0.9727561399713504,-1.551454640908033,1.5502634364040084,-0.5911439106314641,5.58,-0.9000000000000004,4.300000000000182,0,1.1855447036709095,NORMAL,1.9500765179451618,NORMAL,NORMAL,LOW
26-07-2026 15:24,Recovery,0,2.9,1200,50.1,7885.0,1.4,0.006,0.1,22.73,374.97,296,S1,Windows,18,15.43,-1.0033639920301527,-1.551454640908033,1.550710089018297,-0.5909210655986363,4.680000000000001,-0.8999999999999999,-1.0,0,1.1947718208048423,NORMAL,1.9029246350807973,NORMAL,NORMAL,LOW
26-07-2026 15:24,Recovery,0,9.4,1200,50.3,7860.2,1.4,0.157,0.056,22.73,374.98,296,S1,Windows,18,15.43,-0.7823072827165801,-1.5373364763094146,1.539633104183936,-0.5911934317498703,5.279999999999999,6.5,24.800000000000182,0,1.1220584348945597,NORMAL,2.0545437750847277,NORMAL,NORMAL,LOW
26-07-2026 15:24,Recovery,0,6.1,1200,50.2,7867.9,1.4,0.026,0.023,22.73,374.99,296,S1,Windows,18,15.43,-0.8945360735988553,-1.5443955586087235,1.5430723293139592,-0.5913977063632957,5.38,-3.3000000000000007,-7.699999999999818,0,1.1585734967977246,NORMAL,1.9367568858045887,NORMAL,NORMAL,LOW
26-07-2026 15:24,Recovery,0,5.4,1200,50.0,7905.8,1.4,0.027,0.126,22.73,374.99,295,S1,Windows,18,15.43,-0.9183421807557017,-1.5585137232073427,1.5600004633955034,-0.5907601219638162,5.5200000000000005,-0.6999999999999993,-37.900000000000546,0,1.1732088882607772,NORMAL,1.9412901073981703,NORMAL,NORMAL,LOW
26-07-2026 15:24,Recovery,0,7.7,1200,50.3,7854.1,1.4,0.022,0.182,22.73,375.0,295,S1,Windows,18,15.43,-0.8401221143832067,-1.5373364763094146,1.5369085232367747,-0.590413474134973,6.300000000000001,2.3,51.69999999999982,0,1.138701976682136,NORMAL,1.798009536330164,NORMAL,NORMAL,LOW
26-07-2026 15:24,Recovery,0,4.2,1200,50.3,7862.7,1.4,0.035,0.215,22.75,375.02,295,S1,Windows,18,15.43,-0.9591526501674382,-1.5373364763094146,1.5407497357196578,-0.5902091995215476,6.56,-3.5,-8.599999999999454,0,1.175138524991297,NORMAL,2.4279007165934647,NORMAL,NORMAL,LOW
26-07-2026 15:24,Recovery,0,3.8,1200,49.9,7913.5,1.4,0.005,0.035,22.75,375.03,295,S1,Windows,18,15.43,-0.9727561399713504,-1.5655728055066522,1.5634396885255266,-0.5913234246856864,5.44,-0.40000000000000036,-50.80000000000018,0,1.1924513062856434,NORMAL,2.1540400255594156,NORMAL,NORMAL,LOW
26-07-2026 15:24,Recovery,0,6.0,1200,49.9,7910.9,1.4,0.06,0.111,22.75,375.04,295,S1,Windows,18,15.43,-0.8979369460498334,-1.5655728055066522,1.5622783917283758,-0.5908529740608278,5.42,2.2,2.600000000000364,0,1.1696791986247865,NORMAL,2.4668457710343366,NORMAL,NORMAL,LOW
26-07-2026 15:24,Recovery,0,5.9,1200,50.0,7909.1,1.4,0.08,0.025,22.75,375.05,295,S1,Windows,18,15.43,-0.9013378185008115,-1.5585137232073427,1.5614744170226562,-0.5913853260836941,5.5200000000000005,-0.09999999999999964,1.7999999999992724,0,1.1685274111337163,NORMAL,2.283666419038491,NORMAL,NORMAL,LOW
26-07-2026 15:24,Recovery,0,5.5,1200,50.2,7877.7,1.4,0.242,0.065,22.76,375.14,294,S1,Windows,18,15.43,-0.9149413083047236,-1.5443955586087235,1.547449524933989,-0.5911377204916634,5.08,-0.40000000000000036,31.400000000000546,0,1.1655185091591647,NORMAL,2.306946564105928,NORMAL,NORMAL,LOW
26-07-2026 15:25,Recovery,0,6.5,1200,50.2,7876.8,1.4,0.076,0.106,22.76,375.15,294,S1,Windows,18,15.43,-0.8809325837949432,-1.5443955586087235,1.5470475375811295,-0.5908839247598316,5.54,1.0,0.8999999999996362,0,1.1551847351892923,NORMAL,2.180642009687703,NORMAL,NORMAL,LOW
26-07-2026 15:25,Recovery,0,3.9,1200,50.1,7883.8,1.4,0.016,0.111,22.77,375.18,294,S1,Windows,18,15.43,-0.9693552675203724,-1.551454640908033,1.5501741058811507,-0.5908529740608278,5.5600000000000005,-2.6,-7.0,0,1.1844483885169172,NORMAL,1.9632696425500182,NORMAL,NORMAL,LOW
26-07-2026 15:25,Recovery,0,3.4,1200,50.1,7880.1,1.4,0.003,0.042,22.79,375.85,294,S1,Windows,18,15.43,-0.9863596297752626,-1.551454640908033,1.5485214912082823,-0.591280093707081,5.04,-0.5,3.699999999999818,0,1.1893045981880612,NORMAL,2.3734834189809675,NORMAL,NORMAL,LOW
26-07-2026 15:25,Recovery,0,3.5,1200,50.1,7880.4,1.4,0.002,0.082,22.8,376.46,294,S1,Windows,18,15.43,-0.9829587573242845,-1.551454640908033,1.5486554869925686,-0.5910324881150503,4.5600000000000005,0.10000000000000009,-0.2999999999992724,0,1.188261614491219,NORMAL,2.331738458804769,NORMAL,NORMAL,LOW
26-07-2026 15:25,Recovery,0,4.9,1200,50.1,7883.8,1.4,0.003,0.038,22.8,376.96,294,S1,Windows,18,15.43,-0.935346543010592,-1.551454640908033,1.5501741058811507,-0.5913048542662841,4.44,1.4000000000000004,-3.4000000000005457,0,1.1743361472050742,NORMAL,1.949820892826655,NORMAL,NORMAL,LOW
26-07-2026 15:25,Recovery,0,3.1,1200,50.2,7878.3,1.4,0.084,0.014,22.81,377.64,294,S1,Windows,18,15.43,-0.9965622471281966,-1.5443955586087235,1.5477175165025625,-0.5914534176215026,3.7600000000000002,-1.8000000000000003,5.5,0,1.190121528545889,NORMAL,2.41503632214096,NORMAL,NORMAL,LOW
26-07-2026 15:25,Recovery,0,3.9,1200,50.1,7883.2,1.4,0.002,0.053,22.82,378.35,294,S1,Windows,18,15.43,-0.9693552675203724,-1.551454640908033,1.5499061143125772,-0.5912120021692726,3.7600000000000002,0.7999999999999998,-4.899999999999636,0,1.1844665958248914,NORMAL,2.0126723505812354,NORMAL,NORMAL,LOW
26-07-2026 15:25,Recovery,0,7.2,1200,50.2,7872.9,1.4,0.006,0.048,22.83,378.36,294,S1,Windows,18,15.43,-0.8571264766380969,-1.5443955586087235,1.5453055923854029,-0.5912429528682764,4.5200000000000005,3.3000000000000003,10.300000000000182,0,1.147766319624782,NORMAL,1.831095755155364,NORMAL,NORMAL,LOW
26-07-2026 15:25,Recovery,0,6.8,1200,50.2,7874.5,1.4,0.015,0.021,22.83,378.37,294,S1,Windows,18,15.43,-0.8707299664420091,-1.5443955586087235,1.5460202365682651,-0.5914100866428972,5.18,-0.40000000000000036,-1.6000000000003638,0,1.1520237221574523,NORMAL,1.9389930422663666,NORMAL,NORMAL,LOW
26-07-2026 15:25,Recovery,0,5.7,1200,50.2,7867.1,1.4,0.002,0.036,22.83,378.37,294,S1,Windows,18,15.43,-0.9081395634027676,-1.5443955586087235,1.5427150072225284,-0.5913172345458857,5.340000000000001,-1.0999999999999996,7.399999999999636,0,1.1625669849571303,NORMAL,2.0114525350702896,NORMAL,NORMAL,LOW
26-07-2026 15:25,Recovery,0,5.4,1200,50.3,7858.8,1.4,0.026,0.103,22.83,378.38,294,S1,Windows,18,15.43,-0.9183421807557017,-1.5373364763094146,1.5390077905239317,-0.590902495179234,5.8,-0.2999999999999998,8.300000000000182,0,1.162685654260168,NORMAL,1.9592019357933848,NORMAL,NORMAL,LOW
26-07-2026 15:25,Recovery,0,3.6,1200,50.2,7864.4,1.4,0.0,0.023,22.84,378.39,294,S1,Windows,18,15.43,-0.9795578848733064,-1.5443955586087235,1.5415090451639486,-0.5913977063632957,5.74,-1.8000000000000003,-5.599999999999454,0,1.183767383350058,NORMAL,2.352919156091592,NORMAL,NORMAL,LOW
26-07-2026 15:26,Recovery,0,9.0,1200,50.4,7832.3,1.4,0.0,0.006,22.84,378.4,294,S1,Windows,18,15.43,-0.7959107725204922,-1.5302773940101049,1.5271714962452798,-0.5915029387399088,6.1,5.4,32.099999999999454,0,1.1215913369562167,NORMAL,2.356486439572999,NORMAL,NORMAL,LOW
26-07-2026 15:26,Recovery,0,6.3,1200,50.4,7839.2,1.4,0.001,0.032,22.84,378.41,294,S1,Windows,18,15.43,-0.8877343286968993,-1.5302773940101049,1.530253399283872,-0.5913419951050888,6.000000000000001,-2.7,-6.899999999999636,0,1.1497225956898933,NORMAL,1.7924477038401776,NORMAL,NORMAL,LOW
26-07-2026 15:26,Recovery,0,2.9,1200,50.4,7846.2,1.4,0.018,0.043,22.85,378.42,294,S1,Windows,18,15.43,-1.0033639920301527,-1.5302773940101049,1.5333799675838933,-0.5912739035672803,5.4399999999999995,-3.4,-7.0,0,1.1850231900423118,NORMAL,2.3418960514949583,NORMAL,NORMAL,LOW
26-07-2026 15:26,Recovery,0,6.8,1200,50.6,7811.8,1.4,0.005,0.035,22.85,378.43,294,S1,Windows,18,15.43,-0.8707299664420091,-1.5161592294114858,1.5180151176523602,-0.5913234246856864,5.720000000000001,3.9,34.399999999999636,0,1.137934467223658,NORMAL,1.9647177575881927,NORMAL,NORMAL,LOW
26-07-2026 15:26,Recovery,0,4.1,1200,50.7,7794.9,1.4,0.013,0.048,22.85,378.45,294,S1,Windows,18,15.43,-0.9625535226184162,-1.5091001471121763,1.51046668847088,-0.5912429528682764,5.82,-2.7,16.900000000000546,0,1.161838029187009,NORMAL,1.9048735897647824,NORMAL,NORMAL,LOW
26-07-2026 15:26,Recovery,0,4.7,1200,50.6,7810.5,1.4,0.07,0.129,22.85,378.45,294,S1,Windows,18,15.43,-0.942148287912548,-1.5161592294114858,1.5174344692537847,-0.5907415515444139,4.96,0.6000000000000005,-15.600000000000364,0,1.1591274593568497,NORMAL,1.8876036468333204,NORMAL,NORMAL,LOW
26-07-2026 15:26,Recovery,0,3.4,1200,50.5,7824.3,1.4,0.002,0.035,22.85,378.46,294,S1,Windows,18,15.43,-0.9863596297752626,-1.5232183117107954,1.5235982753309696,-0.5913234246856864,4.38,-1.3000000000000003,-13.800000000000182,0,1.1758577224491487,NORMAL,1.8314253793107358,NORMAL,NORMAL,LOW
26-07-2026 15:26,Recovery,0,6.4,1200,50.5,7825.1,1.4,0.0,0.06,22.85,378.47,294,S1,Windows,18,15.43,-0.8843334562459213,-1.5232183117107954,1.5239555974224008,-0.5911686711906672,5.08,3.0000000000000004,-0.8000000000001819,0,1.1452903841096285,NORMAL,1.8093293717610057,NORMAL,NORMAL,LOW
26-07-2026 15:26,Recovery,0,3.5,1200,50.5,7831.6,1.4,0.045,0.025,22.85,378.48,294,S1,Windows,18,15.43,-0.9829587573242845,-1.5232183117107954,1.5268588394152776,-0.5913853260836941,4.42,-2.9000000000000004,-6.5,0,1.1755019538103182,NORMAL,2.5023315719349397,NORMAL,NORMAL,LOW
26-07-2026 15:26,Recovery,0,2.8,1200,50.4,7832.8,1.4,0.023,0.03,22.87,378.72,294,S1,Windows,18,15.43,-1.0067648644811307,-1.5302773940101049,1.527394822552424,-0.5913543753846903,4.159999999999999,-0.7000000000000002,-1.199999999999818,0,1.1848625171347937,NORMAL,2.353768012490135,NORMAL,NORMAL,LOW
26-07-2026 15:26,Recovery,0,3.8,1200,50.4,7832.2,1.4,0.134,0.075,22.87,378.73,294,S1,Windows,18,15.43,-0.9727561399713504,-1.5302773940101049,1.5271268309838506,-0.5910758190936556,3.9799999999999995,1.0,0.6000000000003638,0,1.1745505902099378,NORMAL,2.4249972880766713,NORMAL,NORMAL,LOW
26-07-2026 15:26,Recovery,0,3.9,1200,50.4,7831.7,1.4,0.034,0.111,22.89,379.6,294,S1,Windows,18,15.43,-0.9693552675203724,-1.5302773940101049,1.5269035046767063,-0.5908529740608278,4.08,0.10000000000000009,0.5,0,1.1734410942066502,NORMAL,2.4966542098061733,NORMAL,NORMAL,LOW
26-07-2026 15:27,Recovery,0,3.3,1200,50.5,7830.9,1.4,0.012,0.015,22.9,380.51,294,S1,Windows,18,15.43,-0.9897605022262406,-1.5232183117107954,1.5265461825852753,-0.5914472274817019,3.46,-0.6000000000000001,0.8000000000001819,0,1.1774923261945063,NORMAL,2.403021380070778,NORMAL,NORMAL,LOW
26-07-2026 15:27,Recovery,0,4.0,1200,50.5,7824.8,1.4,0.029,0.025,22.91,381.15,293,S1,Windows,18,15.43,-0.9659543950693943,-1.5232183117107954,1.523821601638114,-0.5913853260836941,3.56,0.7000000000000002,6.099999999999454,0,1.1697931975784186,NORMAL,1.8330601130123667,NORMAL,NORMAL,LOW
26-07-2026 15:27,Recovery,0,3.0,1200,50.4,7837.0,1.4,0.425,0.051,22.91,381.68,293,S1,Windows,18,15.43,-0.9999631195791747,-1.5302773940101049,1.5292707635324367,-0.5912243824488741,3.6,-1.0,-12.199999999999818,0,1.183171183273046,NORMAL,1.9195480788580355,NORMAL,NORMAL,LOW
26-07-2026 15:27,Recovery,0,5.3,1200,50.5,7828.2,1.4,0.046,0.065,22.93,382.23,293,S1,Windows,18,15.43,-0.9217430532066797,-1.5232183117107954,1.5253402205266957,-0.5911377204916634,3.9,2.3,8.800000000000182,0,1.1567839976789145,NORMAL,2.0456582854485554,NORMAL,NORMAL,LOW
26-07-2026 15:27,Recovery,0,4.3,1200,50.5,7827.0,1.4,0.125,0.051,22.94,382.99,293,S1,Windows,18,15.43,-0.9557517777164601,-1.5232183117107954,1.5248042373895492,-0.5912243824488741,3.9799999999999995,-1.0,1.199999999999818,0,1.1668967507958614,NORMAL,1.9482425731976658,NORMAL,NORMAL,LOW
26-07-2026 15:27,Recovery,0,5.9,1200,50.6,7803.6,1.4,0.145,0.089,22.95,383.41,293,S1,Windows,18,15.43,-0.9013378185008115,-1.5161592294114858,1.5143525662151924,-0.5909891571364448,4.5,1.6000000000000005,23.399999999999636,0,1.1463174590440166,NORMAL,2.0176671137171374,NORMAL,NORMAL,LOW
26-07-2026 15:27,Recovery,0,4.2,1200,50.6,7804.5,1.4,0.0,0.02,22.96,383.42,293,S1,Windows,18,15.43,-0.9591526501674382,-1.5161592294114858,1.5147545535680522,-0.591416276782698,4.54,-1.7000000000000002,-0.8999999999996362,0,1.1638277299438273,NORMAL,1.957513616113513,NORMAL,NORMAL,LOW
26-07-2026 15:27,Recovery,0,3.8,1200,50.6,7802.7,1.4,0.113,0.04,22.96,383.43,293,S1,Windows,18,15.43,-0.9727561399713504,-1.5161592294114858,1.5139505788623324,-0.5912924739866825,4.7,-0.40000000000000036,1.800000000000182,0,1.1677232213846538,NORMAL,2.142619556919877,NORMAL,NORMAL,LOW
26-07-2026 15:27,Recovery,0,4.6,1200,50.7,7796.8,1.4,3.013,0.077,22.97,383.45,293,S1,Windows,18,15.43,-0.945549160363526,-1.5091001471121763,1.511315328438029,-0.5910634388140541,4.5600000000000005,0.7999999999999998,5.899999999999636,0,1.1568705456931274,NORMAL,2.0670252700249754,NORMAL,NORMAL,LOW
26-07-2026 15:27,Recovery,0,11.1,1200,52.9,7438.0,1.4,16.065,0.751,23.04,383.54,296,S1,Windows,18,15.43,-0.7244924510499533,-1.353800336527369,1.3510563704312228,-0.5868912845883341,5.92,6.5,358.8000000000002,0,1.011077367277108,NORMAL,2.1159817418195246,NORMAL,NORMAL,LOW
26-07-2026 15:27,Recovery,0,8.5,1200,53.1,7409.8,1.4,7.307,9.866,23.04,383.55,296,S1,Windows,18,15.43,-0.8129151347753825,-1.33968217192875,1.3384607667082802,-0.5304681603043029,6.44,-2.5999999999999996,28.199999999999818,0,1.0195649774137563,NORMAL,1.715895172737384,NORMAL,NORMAL,LOW
26-07-2026 15:27,Recovery,0,3.2,1200,53.1,7419.2,1.4,0.059,0.186,23.04,383.55,296,S1,Windows,18,15.43,-0.9931613746772187,-1.33968217192875,1.3426593012825943,-0.5903887135757699,6.24,-5.3,-9.399999999999636,0,1.0864626669534634,NORMAL,2.197880097085855,NORMAL,NORMAL,LOW
26-07-2026 15:28,Recovery,0,3.8,1200,53.0,7427.4,1.4,0.051,0.054,23.05,383.56,296,S1,Windows,18,15.43,-0.9727561399713504,-1.3467412542280595,1.346321852719762,-0.5912058120294718,6.24,0.5999999999999996,-8.199999999999818,0,1.0833547512096695,NORMAL,1.7200753205981258,NORMAL,NORMAL,LOW
26-07-2026 15:28,Recovery,0,3.7,1200,53.0,7433.9,1.4,0.002,0.059,23.05,383.56,295,S1,Windows,18,15.43,-0.9761570124223284,-1.3467412542280595,1.349225094712639,-0.5911748613304679,6.0600000000000005,-0.09999999999999964,-6.5,0,1.0849494712037377,NORMAL,2.0517820199850694,NORMAL,NORMAL,LOW
26-07-2026 15:28,Recovery,0,5.3,1200,53.5,7350.6,1.4,0.026,0.042,23.05,383.57,295,S1,Windows,18,15.43,-0.9217430532066797,-1.3114458427315123,1.3120189319423858,-0.591280093707081,4.9,1.5999999999999996,83.29999999999927,0,1.0506164739113508,NORMAL,1.6645866648583554,NORMAL,NORMAL,LOW
26-07-2026 15:29,Disk Stress,1,6.0,1200,58.7,6524.8,1.4,1.298,332.38,23.22,384.26,296,S1,Windows,18,15.43,-0.8979369460498334,-0.9443735631674215,0.9431732030627307,1.4659385874016824,4.4,0.7000000000000002,825.8000000000002,0,1.034515510858059,NORMAL,1.7844931046606514,NORMAL,DISK,LOW
26-07-2026 15:29,Disk Stress,1,7.4,1200,58.3,6594.3,1.4,0.054,661.19,23.22,384.27,295,S1,Windows,18,15.43,-0.8503247317361409,-0.9726098923646597,0.9742155597557992,3.5013184552933243,5.24,1.4000000000000004,-69.5,1,1.441987190240065,WARNING,3.754791126931229,ANOMALY,DISK,HIGH
26-07-2026 15:29,Disk Stress,1,6.6,1200,56.7,6848.0,1.4,0.065,540.56,23.22,384.28,295,S1,Windows,18,15.43,-0.8775317113439651,-1.0855552091536103,1.0875313280008567,2.7546018911262706,5.8,-0.8000000000000007,-253.69999999999982,1,1.3573527199746982,WARNING,3.1340091600478908,WARNING,DISK,WARNING
26-07-2026 15:29,Disk Stress,1,9.2,1200,57.9,6656.1,1.4,0.229,605.844,23.24,384.31,297,S1,Windows,18,15.43,-0.7891090276185362,-1.0008462215618974,1.0018186913188445,3.158718977879831,6.9,2.5999999999999996,191.89999999999964,1,1.369094108593865,WARNING,3.3614854310113866,WARNING,DISK,WARNING
26-07-2026 15:29,Disk Stress,1,6.4,1200,58.2,6605.3,1.4,0.065,494.304,23.24,384.32,297,S1,Windows,18,15.43,-0.8843334562459213,-0.9796689746639687,0.9791287385129755,2.4682707845017893,7.12,-2.799999999999999,50.80000000000018,1,1.24868063387592,NORMAL,2.609631608310421,NORMAL,DISK,LOW
26-07-2026 15:29,Disk Stress,1,6.7,1200,57.9,6648.1,1.4,0.031,572.816,23.24,384.33,297,S1,Windows,18,15.43,-0.8741308388929871,-1.0008462215618974,0.9982454704045344,2.954271040539953,7.26,0.2999999999999998,-42.80000000000018,1,1.352996420325363,WARNING,3.257353381081064,WARNING,DISK,WARNING
26-07-2026 15:29,Disk Stress,1,6.2,1200,59.8,6361.0,1.4,0.073,538.088,23.26,384.35,297,S1,Windows,18,15.43,-0.8911352011478774,-0.8667236578750181,0.8700115048422322,2.7392998655387637,7.0200000000000005,-0.5,287.10000000000036,1,1.249219931783068,NORMAL,3.3494147864580053,WARNING,DISK,WARNING
26-07-2026 15:29,Disk Stress,1,6.3,1200,59.7,6370.1,1.4,0.026,580.027,23.26,384.36,297,S1,Windows,18,15.43,-0.8877343286968993,-0.8737827401743272,0.8740760436322601,2.9989081386433156,6.959999999999999,0.09999999999999964,-9.100000000000364,1,1.3030519571164831,NORMAL,3.106461943264574,WARNING,DISK,WARNING
26-07-2026 15:29,Disk Stress,1,6.4,1200,58.9,6503.7,1.4,0.081,552.651,23.26,384.38,297,S1,Windows,18,15.43,-0.8843334562459213,-0.930255398568803,0.9337488329012377,2.8294468714573977,6.4,0.10000000000000053,-133.59999999999945,1,1.2970157973161442,NORMAL,3.4956673182778966,ANOMALY,DISK,HIGH
26-07-2026 15:29,Disk Stress,1,6.2,1200,56.6,6862.1,1.4,0.044,414.205,23.27,384.46,296,S1,Windows,18,15.43,-0.8911352011478774,-1.0926142914529198,1.0938291298623282,1.9724467765998017,6.360000000000001,-0.20000000000000018,-358.40000000000055,0,1.2083800290726652,NORMAL,2.317444776415606,NORMAL,DISK,LOW
26-07-2026 15:30,Disk Stress,1,5.3,1200,59.6,6390.2,1.4,0.008,383.746,23.27,384.47,296,S1,Windows,18,15.43,-0.9217430532066797,-0.8808418224736367,0.8830537611794639,1.7839013084081055,6.08,-0.9000000000000004,471.90000000000055,0,1.0741664766216088,NORMAL,2.289449558061317,NORMAL,DISK,LOW
26-07-2026 15:30,Disk Stress,1,5.5,1200,56.9,6814.0,1.4,0.004,395.97,23.27,384.47,296,S1,Windows,18,15.43,-0.9149413083047236,-1.0714370445549917,1.072345139115039,1.8595695773327352,5.9399999999999995,0.20000000000000018,-423.8000000000002,0,1.1822964491474695,NORMAL,2.17098908126271,NORMAL,DISK,LOW
26-07-2026 15:30,Disk Stress,1,5.6,1200,57.7,6691.0,1.4,0.009,509.851,23.27,384.48,296,S1,Windows,18,15.43,-0.9115404358537456,-1.014964386160516,1.0174068675575219,2.564508887984382,5.8,0.09999999999999964,123.0,1,1.2943345977126592,NORMAL,3.032745730161659,WARNING,DISK,WARNING
26-07-2026 15:30,Disk Stress,1,4.7,1200,57.0,6802.8,1.4,0.078,267.625,23.27,384.49,296,S1,Windows,18,15.43,-0.942148287912548,-1.0643779622556822,1.0673426298350048,1.0650960846027309,5.46,-0.8999999999999995,-111.80000000000018,0,1.0284456179380161,NORMAL,2.12958855830832,NORMAL,DISK,LOW
26-07-2026 15:30,Disk Stress,1,4.7,1200,57.3,6741.3,1.4,0.047,308.342,23.27,384.5,295,S1,Windows,18,15.43,-0.942148287912548,-1.043200715357754,1.0398734940562464,1.3171400068707395,5.16,0.0,61.5,0,1.0670074011664878,NORMAL,2.2643872611995777,NORMAL,DISK,LOW
26-07-2026 15:30,Disk Stress,1,6.2,1200,56.8,6826.0,1.4,0.083,456.931,23.27,384.51,296,S1,Windows,18,15.43,-0.8911352011478774,-1.0784961268543012,1.077704970486504,2.2369266897275604,5.340000000000001,1.5,-84.69999999999982,1,1.2538157304434665,NORMAL,2.4417907122501,NORMAL,DISK,LOW
26-07-2026 15:30,Disk Stress,1,5.9,1200,58.2,6607.8,1.4,0.009,524.728,23.27,384.52,296,S1,Windows,18,15.43,-0.9013378185008115,-0.9796689746639687,0.9802453700486974,2.656599597800458,5.42,-0.2999999999999998,218.19999999999982,1,1.291671031519265,NORMAL,2.8230622857817695,WARNING,DISK,WARNING
26-07-2026 15:30,Disk Stress,1,2.9,1200,58.1,6626.6,1.4,0.016,99.08,23.27,384.53,296,S1,Windows,18,15.43,-1.0033639920301527,-0.9867280569632783,0.9886424391973261,0.021778971881716232,4.88,-3.0000000000000004,-18.800000000000182,0,0.7991118969138378,NORMAL,1.5467081220314014,NORMAL,NORMAL,LOW
26-07-2026 15:30,Disk Stress,1,4.3,1200,58.6,6535.8,1.4,0.037,309.287,23.28,384.54,296,S1,Windows,18,15.43,-0.9557517777164601,-0.9514326454667311,0.9480863818199069,1.3229896889824684,4.8,1.4,90.80000000000018,0,1.0263705411154325,NORMAL,2.2428644684030234,NORMAL,DISK,LOW
26-07-2026 15:30,Disk Stress,1,4.9,1200,59.5,6397.9,1.4,0.037,314.874,23.28,384.55,296,S1,Windows,18,15.43,-0.935346543010592,-0.8879009047729463,0.8864929863094871,1.3575740000493786,4.840000000000001,0.6000000000000005,137.90000000000055,0,0.9957876316068346,NORMAL,1.7225283699761074,NORMAL,DISK,LOW
26-07-2026 15:30,Disk Stress,1,4.4,1200,58.9,6494.2,1.4,0.006,459.213,23.28,384.56,296,S1,Windows,18,15.43,-0.9523509052654822,-0.930255398568803,0.9295056330654945,2.2510525887529207,4.4799999999999995,-0.5,-96.30000000000018,1,1.2008935355139685,NORMAL,2.3993929856999974,NORMAL,DISK,LOW
26-07-2026 15:30,Disk Stress,1,5.2,1200,58.7,6522.5,1.4,0.037,487.969,23.28,384.57,295,S1,Windows,18,15.43,-0.9251439256576578,-0.9443735631674215,0.9421459020498664,2.429056248863903,4.34,0.7999999999999998,-28.300000000000182,1,1.2350956768302777,NORMAL,2.7194553416493834,WARNING,DISK,WARNING
26-07-2026 15:31,Disk Stress,1,3.6,1200,57.6,6698.5,1.4,0.022,161.096,23.28,384.58,295,S1,Windows,18,15.43,-0.9795578848733064,-1.0220234684598255,1.0207567621646876,0.405666681766355,4.48,-1.6,-176.0,0,0.8857590947861481,NORMAL,1.3800982172247285,NORMAL,DISK,LOW
26-07-2026 15:31,Disk Stress,1,4.4,1200,57.0,6800.8,1.4,0.002,268.65,23.29,384.58,295,S1,Windows,18,15.43,-0.9523509052654822,-1.0643779622556822,1.0664493246064275,1.0714409778985212,4.5,0.8000000000000003,-102.30000000000018,0,1.032596720757339,NORMAL,1.8533920903135614,NORMAL,DISK,LOW
26-07-2026 15:31,Disk Stress,1,3.4,1200,56.7,6843.8,1.4,0.0,183.447,23.29,384.59,295,S1,Windows,18,15.43,-0.9863596297752626,-1.0855552091536103,1.0856553870208439,0.5440224964533964,4.200000000000001,-1.0000000000000004,-43.0,0,0.94751002837351,NORMAL,1.3126686025024168,NORMAL,DISK,LOW
26-07-2026 15:31,Disk Stress,1,5.2,1200,57.3,6744.3,1.4,0.0,310.957,23.29,384.6,295,S1,Windows,18,15.43,-0.9251439256576578,-1.043200715357754,1.0412134518991127,1.3333272224497568,4.36,1.8000000000000003,99.5,0,1.0654115271743974,NORMAL,1.8890026937200333,NORMAL,DISK,LOW
26-07-2026 15:31,Disk Stress,1,4.3,1200,58.3,6584.6,1.4,0.119,228.691,23.29,384.62,295,S1,Windows,18,15.43,-0.9557517777164601,-0.9726098923646597,0.9698830293971984,0.8240891815994974,4.180000000000001,-0.9000000000000004,159.69999999999982,0,0.937302943223675,NORMAL,1.8481454364497747,NORMAL,DISK,LOW
26-07-2026 15:31,Disk Stress,1,3.2,1200,58.4,6567.2,1.4,0.0,101.977,23.29,384.63,295,S1,Windows,18,15.43,-0.9931613746772187,-0.9655508100653502,0.9621112739085738,0.039711806884551,4.1,-1.0999999999999996,17.400000000000546,0,0.7879782715813956,NORMAL,2.0891970791268886,NORMAL,DISK,LOW
26-07-2026 15:31,Disk Stress,1,4.7,1200,58.3,6584.0,1.4,0.001,275.711,23.29,384.64,296,S1,Windows,18,15.43,-0.942148287912548,-0.9726098923646597,0.9696150378286249,1.1151495550317683,4.16,1.5,-16.800000000000182,0,0.9913803726552408,NORMAL,2.0377327269172834,NORMAL,DISK,LOW
26-07-2026 15:31,Disk Stress,1,6.9,1200,54.6,7170.4,1.4,0.049,422.628,23.29,384.65,296,S1,Windows,18,15.43,-0.8673290939910311,-1.2337959374391085,1.2315321308475515,2.024586324141699,4.86,2.2,-586.3999999999996,0,1.2815612004268921,NORMAL,2.5070987671111316,NORMAL,DISK,LOW
26-07-2026 15:31,Disk Stress,1,3.6,1200,54.6,7175.2,1.4,0.013,188.912,23.29,384.66,296,S1,Windows,18,15.43,-0.9795578848733064,-1.2337959374391085,1.2336760633961377,0.5778516104646121,4.54,-3.3000000000000003,-4.800000000000182,0,1.0263116814658746,NORMAL,1.4201700609061478,NORMAL,DISK,LOW
26-07-2026 15:31,Disk Stress,1,5.0,1200,56.2,6918.8,1.4,0.004,342.446,23.29,384.67,296,S1,Windows,18,15.43,-0.9319456705596139,-1.1208506206501574,1.1191543330925007,1.5282485346362473,4.68,1.4,256.39999999999964,0,1.145319460908681,NORMAL,1.9926749640699573,NORMAL,DISK,LOW
26-07-2026 15:31,Disk Stress,1,3.1,1200,57.3,6744.1,1.4,0.015,129.908,23.3,384.68,296,S1,Windows,18,15.43,-0.9965622471281966,-1.043200715357754,1.041124121376255,0.21260860165989667,4.66,-1.9,174.69999999999982,0,0.8626754333530156,NORMAL,1.61370638386368,NORMAL,DISK,LOW
26-07-2026 15:31,Disk Stress,1,5.1,1200,55.9,6972.6,1.4,0.059,147.977,23.3,384.8,296,S1,Windows,18,15.43,-0.9285447981086358,-1.142027867548086,1.1431842437412358,0.3244582377200351,4.74,1.9999999999999996,-228.5,0,0.9147002959892707,NORMAL,1.4086300941129786,NORMAL,DISK,LOW
26-07-2026 15:32,Disk Stress,1,3.5,1200,55.6,7015.1,1.4,0.03,150.301,23.3,384.8,295,S1,Windows,18,15.43,-0.9829587573242845,-1.163205114446014,1.162166979848508,0.33884412261702773,4.06,-1.5999999999999996,-42.5,0,0.9440513820241967,NORMAL,1.4209832693531077,NORMAL,DISK,LOW
26-07-2026 15:32,Disk Stress,1,5.6,1200,56.6,6854.2,1.4,0.029,361.25,23.3,384.81,296,S1,Windows,18,15.43,-0.9115404358537456,-1.0926142914529198,1.090300574209447,1.6446479234499523,4.46,2.0999999999999996,160.90000000000055,0,1.1482361177238793,NORMAL,2.182518447855038,NORMAL,DISK,LOW
26-07-2026 15:32,Disk Stress,1,5.2,1200,55.4,7056.3,1.4,0.206,344.643,23.3,384.82,296,S1,Windows,18,15.43,-0.9251439256576578,-1.1773232790446333,1.1805690675572047,1.5418482717785418,4.499999999999999,-0.39999999999999947,-202.10000000000036,0,1.1752236292778366,NORMAL,2.5309427207955744,NORMAL,DISK,LOW
26-07-2026 15:32,Disk Stress,1,4.5,1200,55.8,6979.5,1.4,0.005,209.288,23.3,384.83,296,S1,Windows,18,15.43,-0.9489500328145041,-1.1490869498473955,1.146266146779828,0.7039818990451301,4.779999999999999,-0.7000000000000002,76.80000000000018,0,0.9994607039635615,NORMAL,1.9281795618341764,NORMAL,DISK,LOW
26-07-2026 15:32,Disk Stress,1,7.5,1200,55.9,6976.7,1.4,0.084,213.326,23.3,384.84,296,S1,Windows,18,15.43,-0.8469238592851628,-1.142027867548086,1.1450155194598195,0.7289776835606449,5.26,3.0,2.800000000000182,0,0.9714841586540675,NORMAL,2.020449182245856,NORMAL,DISK,LOW
26-07-2026 15:32,Disk Stress,1,5.0,1200,55.4,7052.5,1.4,0.041,276.727,23.3,384.85,296,S1,Windows,18,15.43,-0.9319456705596139,-1.1773232790446333,1.1788717876229073,1.121438737069352,5.56,-2.5,-75.80000000000018,0,1.0928427898197262,NORMAL,1.8043173054381059,NORMAL,DISK,LOW
26-07-2026 15:32,Disk Stress,1,3.8,1200,53.7,7315.4,1.4,0.022,139.495,23.3,384.86,296,S1,Windows,18,15.43,-0.9727561399713504,-1.2973276781328933,1.2962967599194213,0.27195347192989217,5.2,-1.2000000000000002,-262.89999999999964,0,0.9946751918011357,NORMAL,1.507530212171907,NORMAL,DISK,LOW
26-07-2026 15:32,Disk Stress,1,3.0,1200,54.7,7165.0,1.4,0.016,128.398,23.3,384.87,296,S1,Windows,18,15.43,-0.9999631195791747,-1.226736855139799,1.2291202067303924,0.20326149056073195,4.76,-0.7999999999999998,150.39999999999964,0,0.9544863318739171,NORMAL,1.8024880790161042,NORMAL,DISK,LOW
26-07-2026 15:32,Disk Stress,1,4.2,1200,54.0,7264.8,1.4,0.023,170.529,23.3,384.88,296,S1,Windows,18,15.43,-0.9591526501674382,-1.2761504312349652,1.2736961376364104,0.4640582705070315,4.7,1.2000000000000002,-99.80000000000018,0,1.0181418060494094,NORMAL,1.8447290373784386,NORMAL,DISK,LOW
26-07-2026 15:32,Disk Stress,1,6.2,1200,54.5,7187.5,1.4,0.0,402.38,23.3,384.89,296,S1,Windows,18,15.43,-0.8911352011478774,-1.240855019738418,1.2391698905518895,1.8992483734556798,4.44,2.0,77.30000000000018,0,1.2672807190674025,NORMAL,2.317319700541206,NORMAL,DISK,LOW
26-07-2026 15:32,Disk Stress,1,4.1,1200,56.2,6928.9,1.4,0.034,340.963,23.3,384.9,296,S1,Windows,18,15.43,-0.9625535226184162,-1.1208506206501574,1.1236655244968168,1.5190685573117033,4.26,-2.1000000000000005,258.60000000000036,0,1.1535680593422761,NORMAL,2.361287261659771,NORMAL,DISK,LOW
26-07-2026 15:32,Disk Stress,1,4.2,1200,54.0,7269.5,1.4,0.019,221.983,23.3,384.91,296,S1,Windows,18,15.43,-0.9591526501674382,-1.2761504312349652,1.2757954049235676,0.7825657238159228,4.34,0.10000000000000053,-340.60000000000036,0,1.082263150168619,NORMAL,1.5165275927890987,NORMAL,DISK,LOW
26-07-2026 15:33,Disk Stress,1,5.0,1200,53.9,7282.2,1.4,0.022,286.632,23.3,384.91,296,S1,Windows,18,15.43,-0.9319456705596139,-1.2832095135342747,1.2814678931250345,1.1827520717959927,4.74,0.7999999999999998,-12.699999999999818,0,1.157390548212372,NORMAL,1.880656118282692,NORMAL,DISK,LOW
26-07-2026 15:33,Disk Stress,1,2.9,1200,55.6,7010.2,1.4,0.019,152.117,23.3,384.92,296,S1,Windows,18,15.43,-1.0033639920301527,-1.163205114446014,1.1599783820384928,0.35008541649522856,4.48,-2.1,272.0,0,0.9519834916495944,NORMAL,2.060847779583902,NORMAL,DISK,LOW
26-07-2026 15:33,Disk Stress,1,2.1,1200,56.0,6960.4,1.4,0.003,107.498,23.31,384.93,296,S1,Windows,18,15.43,-1.030570971637977,-1.1349687852487764,1.1377350818469127,0.07388756872460986,3.66,-0.7999999999999998,49.80000000000018,0,0.8919864571803305,NORMAL,1.895290699389091,NORMAL,DISK,LOW
26-07-2026 15:33,Disk Stress,1,4.4,1200,54.6,7168.0,1.4,0.0,249.11,23.31,384.94,296,S1,Windows,18,15.43,-0.9523509052654822,-1.2337959374391085,1.2304601645732587,0.9504856461914485,3.72,2.3000000000000003,-207.60000000000036,0,1.0920332149643186,NORMAL,2.209973537268573,NORMAL,DISK,LOW
26-07-2026 15:33,Disk Stress,1,5.9,1200,55.3,7065.8,1.4,0.01,407.921,23.31,384.94,295,S1,Windows,18,15.43,-0.9013378185008115,-1.1843823613439428,1.184812267392948,1.9335479380917544,4.0600000000000005,1.5,102.19999999999982,0,1.2493880950503669,NORMAL,2.236887915776476,NORMAL,DISK,LOW
26-07-2026 15:33,Disk Stress,1,5.7,1200,55.2,7073.1,1.4,2.139,280.24,23.31,384.95,295,S1,Windows,18,15.43,-0.9081395634027676,-1.1914414436432517,1.188072831477256,1.143184698189462,4.2,-0.20000000000000018,-7.300000000000182,0,1.0961258080471494,NORMAL,2.2606368985146754,NORMAL,DISK,LOW
26-07-2026 15:33,Disk Stress,1,10.4,1200,54.9,7128.3,1.4,7.035,254.24,23.32,384.98,299,S1,Windows,18,15.43,-0.7482985582067997,-1.2126186905411804,1.2127280557859952,0.9822410633694058,5.7,4.7,-55.19999999999982,0,1.0272689984554744,NORMAL,1.52659590931325,NORMAL,DISK,LOW
26-07-2026 15:33,Disk Stress,1,7.2,1200,56.7,6844.6,1.4,0.517,244.288,23.33,385.0,299,S1,Windows,18,15.43,-0.8571264766380969,-1.0855552091536103,1.086012709112275,0.9206367920721288,6.720000000000001,-3.2,283.6999999999998,0,0.984134405974393,NORMAL,1.4427213364212084,NORMAL,DISK,LOW
26-07-2026 15:33,Disk Stress,1,7.1,1200,55.3,7066.6,1.4,0.158,145.406,23.36,385.03,298,S1,Windows,18,15.43,-0.8605273490890749,-1.1843823613439428,1.185169589484379,0.30854338829225186,7.26,-0.10000000000000053,-222.0,0,0.9122155086852314,NORMAL,1.348221452999737,NORMAL,DISK,LOW
26-07-2026 15:33,Disk Stress,1,6.2,1200,55.5,7036.2,1.4,5.254,99.91,23.36,385.04,299,S1,Windows,18,15.43,-0.8911352011478774,-1.1702641967453236,1.1715913500100006,0.026916787916356478,7.32,-0.8999999999999995,30.400000000000546,0,0.8581214469532316,NORMAL,1.4495625077192833,NORMAL,NORMAL,LOW
26-07-2026 15:37,Disk Stress,1,2.3,1200,59.6,6392.2,1.4,0.747,7.154,23.36,385.07,302,S1,Windows,18,15.43,-1.023769226736021,-0.8808418224736367,0.8839470664080413,-0.5472558194439949,6.639999999999999,-3.9000000000000004,644.0,0,0.8576238919333046,NORMAL,2.0546269838739843,NORMAL,NORMAL,LOW
26-07-2026 15:39,Disk Stress,1,1.7,1200,61.0,6163.4,1.4,1.385,18.174,23.36,385.09,307,S1,Windows,18,15.43,-1.0441744614418893,-0.7820146702833047,0.7817529482587738,-0.4790404788394941,4.9,-0.5999999999999999,228.80000000000018,0,0.8000154249372118,NORMAL,1.4067790021783173,NORMAL,NORMAL,LOW
26-07-2026 15:39,Disk Stress,1,34.4,1200,62.1,5986.4,1.4,31.134,573.426,23.36,385.09,306,S1,Windows,18,15.43,0.06791083002793016,-0.7043647649909008,0.7026954355296638,2.958047025818424,10.34,32.699999999999996,177.0,1,0.9638311707752668,NORMAL,3.2881610949125446,WARNING,DISK,WARNING
26-07-2026 15:39,Disk Stress,1,11.2,1200,60.2,6282.7,1.4,0.086,428.538,23.36,385.09,306,S1,Windows,18,15.43,-0.7210915785989753,-0.83848732867778,0.8350386051434225,2.061170050364258,11.16,-23.2,-296.3000000000002,1,1.0471154032845627,NORMAL,2.6730038337618747,NORMAL,DISK,LOW
26-07-2026 15:40,Disk Stress,1,12.0,1200,60.3,6280.0,1.4,0.13,578.348,23.36,385.09,306,S1,Windows,18,15.43,-0.693884598991151,-0.831428246378471,0.833832643084843,2.98851489391782,12.319999999999999,0.8000000000000007,2.699999999999818,1,1.2220633610114193,NORMAL,3.3822600106552754,WARNING,DISK,WARNING
26-07-2026 15:40,Disk Stress,1,11.7,1200,62.2,5975.5,1.4,0.08,645.716,23.36,385.09,306,S1,Windows,18,15.43,-0.7040872163440851,-0.6973056826915913,0.6978269220339166,3.4055322320161876,14.2,-0.3000000000000007,304.5,1,1.2410897005207238,NORMAL,3.5097999559641977,ANOMALY,DISK,HIGH
26-07-2026 15:40,Disk Stress,1,11.4,1200,62.2,5979.9,1.4,0.083,579.736,23.36,385.09,306,S1,Windows,18,15.43,-0.7142898336970193,-0.6973056826915913,0.699792193536787,2.997106807961291,16.139999999999997,-0.29999999999999893,-4.399999999999636,1,1.162858455216199,NORMAL,3.375352055815194,WARNING,DISK,WARNING
26-07-2026 15:40,Disk Stress,1,8.4,1200,60.3,6271.5,1.4,0.012,580.102,23.36,385.09,306,S1,Windows,18,15.43,-0.8163160072263606,-0.831428246378471,0.8300360958633886,2.999372399128373,10.940000000000001,-3.0,-291.60000000000036,1,1.2602049750798017,NORMAL,3.118564133278115,WARNING,DISK,WARNING
26-07-2026 15:40,Disk Stress,1,6.9,1200,61.4,6098.3,1.4,0.198,759.021,23.36,385.09,303,S1,Windows,18,15.43,-0.8673290939910311,-0.7537783410860671,0.752675863068576,4.10690602214259,10.08,-1.5,173.19999999999982,1,1.4582486075653627,ANOMALY,4.179499880018202,ANOMALY,DISK,HIGH
26-07-2026 15:40,Disk Stress,1,6.5,1200,61.8,6032.0,1.4,0.041,787.292,23.36,385.09,303,S1,Windows,18,15.43,-0.8809325837949432,-0.7255420118888295,0.7230627947412314,4.281907464450199,8.98,-0.40000000000000036,66.30000000000018,1,1.4829364305434178,ANOMALY,4.436867866293913,ANOMALY,DISK,HIGH
26-07-2026 15:40,Disk Stress,1,6.4,1200,61.6,6068.4,1.4,0.006,766.573,23.36,385.09,301,S1,Windows,18,15.43,-0.8843334562459213,-0.739660176487448,0.7393209499013419,4.153653957918015,7.92,-0.09999999999999964,-36.399999999999636,1,1.4657930713838823,ANOMALY,4.21691513158275,ANOMALY,DISK,HIGH
26-07-2026 15:40,Disk Stress,1,6.5,1200,60.8,6191.1,1.4,0.062,748.111,23.36,385.09,301,S1,Windows,18,15.43,-0.8809325837949432,-0.7961328348819238,0.7941252256745727,4.039371596916174,6.94,0.09999999999999964,-122.70000000000073,1,1.4698189901212095,ANOMALY,4.1672536319481495,ANOMALY,DISK,HIGH
26-07-2026 15:40,Disk Stress,1,5.9,1200,60.8,6197.8,1.4,0.036,671.777,23.36,385.09,301,S1,Windows,18,15.43,-0.9013378185008115,-0.7961328348819238,0.7971177981903073,3.5668534653640913,6.44,-0.5999999999999996,-6.699999999999818,1,1.3820354487257003,WARNING,3.7033876154799743,ANOMALY,DISK,HIGH
26-07-2026 15:40,Disk Stress,1,6.2,1200,61.1,6141.7,1.4,0.155,592.816,23.36,385.09,300,S1,Windows,18,15.43,-0.8911352011478774,-0.7749555879839952,0.7720605865287079,3.0780738365553812,6.300000000000001,0.2999999999999998,56.100000000000364,1,1.2698541213563797,NORMAL,3.3620894213947103,WARNING,DISK,WARNING
26-07-2026 15:40,Disk Stress,1,5.1,1200,60.4,6263.0,1.4,0.575,169.374,23.36,385.09,300,S1,Windows,18,15.43,-0.9285447981086358,-0.8243691640791614,0.826239548641934,0.45690865903714056,6.02,-1.1000000000000005,-121.30000000000018,0,0.7825038301921541,NORMAL,1.4394839574055334,NORMAL,DISK,LOW
26-07-2026 15:40,Disk Stress,1,5.5,1200,60.6,6232.1,1.4,0.011,297.52,23.36,385.09,300,S1,Windows,18,15.43,-0.9149413083047236,-0.8102509994805424,0.8124379828604117,1.2501503139467915,5.84,0.40000000000000036,30.899999999999636,0,0.9300753516970204,NORMAL,1.880455516769608,NORMAL,DISK,LOW
26-07-2026 15:41,Disk Stress,1,4.3,1200,61.4,6101.0,1.4,0.019,217.924,23.36,385.09,300,S1,Windows,18,15.43,-0.9557517777164601,-0.7537783410860671,0.7538818251271555,0.7574399463645918,5.4,-1.2000000000000002,131.10000000000036,0,0.8151233899391077,NORMAL,1.1884340141213452,NORMAL,DISK,LOW
26-07-2026 15:41,Disk Stress,1,6.6,1200,59.3,6428.5,1.4,0.003,512.891,23.36,385.09,300,S1,Windows,18,15.43,-0.8775317113439651,-0.9020190693715653,0.9001605563067233,2.583326912978727,5.540000000000001,2.3,-327.5,1,1.230562728071749,NORMAL,2.7897553198639136,WARNING,DISK,WARNING
26-07-2026 15:41,Disk Stress,1,3.1,1200,61.8,6040.8,1.4,0.0,175.726,23.36,385.09,300,S1,Windows,18,15.43,-0.9965622471281966,-0.7255420118888295,0.7269933377469725,0.4962284270516405,4.92,-3.4999999999999996,387.6999999999998,0,0.7612756306648305,NORMAL,1.322928295860643,NORMAL,DISK,LOW
26-07-2026 15:41,Disk Stress,1,5.0,1200,60.2,6296.2,1.4,0.082,339.367,23.36,385.09,299,S1,Windows,18,15.43,-0.9319456705596139,-0.83848732867778,0.8410684154363207,1.5091890941896722,4.9,1.9,-255.39999999999964,0,1.001181401696417,NORMAL,2.1797945342471663,NORMAL,DISK,LOW
26-07-2026 15:41,Disk Stress,1,4.3,1200,59.8,6349.7,1.4,0.028,374.898,23.36,385.09,298,S1,Windows,18,15.43,-0.9557517777164601,-0.8667236578750181,0.8649643303007692,1.7291309514508804,4.66,-0.7000000000000002,-53.5,0,1.0655616870277733,NORMAL,2.0480461875836755,NORMAL,DISK,LOW
26-07-2026 15:41,Disk Stress,1,3.2,1200,58.7,6520.2,1.4,0.019,62.206,23.36,385.09,298,S1,Windows,18,15.43,-0.9931613746772187,-0.9443735631674215,0.9411186010370022,-0.2064762431319281,4.4399999999999995,-1.0999999999999996,-170.5,0,0.8107794501871781,NORMAL,2.069941796152526,NORMAL,NORMAL,LOW
26-07-2026 15:41,Disk Stress,1,4.2,1200,59.9,6343.1,1.4,0.042,232.723,23.36,385.09,298,S1,Windows,18,15.43,-0.9591526501674382,-0.8596645755757086,0.8620164230464636,0.8490478252762077,3.96,1.0,177.09999999999945,0,0.8878580173874784,NORMAL,1.7476492797831447,NORMAL,DISK,LOW
26-07-2026 15:41,Disk Stress,1,5.3,1200,59.3,6432.5,1.4,0.014,560.542,23.36,385.09,298,S1,Windows,18,15.43,-0.9217430532066797,-0.9020190693715653,0.9019471667638783,2.878293264625285,4.4,1.0999999999999996,-89.39999999999964,1,1.303176723051306,NORMAL,2.9787239827485665,WARNING,DISK,WARNING
26-07-2026 15:41,Disk Stress,1,4.4,1200,59.9,6331.8,1.4,0.02,215.385,23.36,385.09,297,S1,Windows,18,15.43,-0.9523509052654822,-0.8596645755757086,0.8569692485050007,0.7417231814104331,4.279999999999999,-0.8999999999999995,100.69999999999982,0,0.863343130235444,NORMAL,1.7707710056703458,NORMAL,DISK,LOW
26-07-2026 15:41,Disk Stress,1,6.2,1200,58.9,6499.2,1.4,0.013,259.636,23.36,385.09,297,S1,Windows,18,15.43,-0.8911352011478774,-0.930255398568803,0.9317388961369383,1.0156430577343682,4.66,1.7999999999999998,-167.39999999999964,0,0.9358935706892655,NORMAL,1.5915786205946407,NORMAL,DISK,LOW
26-07-2026 15:41,Disk Stress,1,5.1,1200,58.3,6583.8,1.4,0.09,369.567,23.36,385.09,297,S1,Windows,18,15.43,-0.9285447981086358,-0.9726098923646597,0.9695257073057673,1.696131316172968,5.040000000000001,-1.1000000000000005,-84.60000000000036,0,1.1034778118377357,NORMAL,2.370266338996172,NORMAL,DISK,LOW
26-07-2026 15:41,Disk Stress,1,3.8,1200,58.6,6537.6,1.4,0.093,108.281,23.36,385.09,297,S1,Windows,18,15.43,-0.9727561399713504,-0.9514326454667311,0.9488903565256268,0.07873444818861387,4.959999999999999,-1.2999999999999998,46.19999999999982,0,0.7827815965742725,NORMAL,1.7315544972320582,NORMAL,DISK,LOW
26-07-2026 15:42,Disk Stress,1,6.2,1200,58.9,6502.0,1.4,0.044,683.057,23.36,385.09,297,S1,Windows,18,15.43,-0.8911352011478774,-0.930255398568803,0.9329895234569469,3.6366782423167923,5.140000000000001,2.4000000000000004,35.600000000000364,1,1.460350733069752,ANOMALY,4.053753052710815,ANOMALY,DISK,HIGH
26-07-2026 15:42,Disk Stress,1,4.4,1200,59.3,6438.3,1.4,0.006,304.261,23.36,385.09,297,S1,Windows,18,15.43,-0.9523509052654822,-0.9020190693715653,0.9045377519267532,1.2918780463437918,5.14,-1.7999999999999998,63.69999999999982,0,0.9955941520452233,NORMAL,2.044894222544668,NORMAL,DISK,LOW
26-07-2026 15:42,Disk Stress,1,3.6,1200,60.3,6276.0,1.4,0.03,226.126,23.36,385.09,297,S1,Windows,18,15.43,-0.9795578848733064,-0.831428246378471,0.832046032627688,0.8082114730105188,4.62,-0.8000000000000003,162.30000000000018,0,0.8713473405031745,NORMAL,1.3019416542188922,NORMAL,DISK,LOW
26-07-2026 15:42,Disk Stress,1,5.2,1200,60.0,6328.6,1.4,0.045,375.863,23.36,385.09,297,S1,Windows,18,15.43,-0.9251439256576578,-0.8526054932763991,0.8555399601392767,1.735104436358625,4.64,1.6,-52.600000000000364,0,1.0514537049797974,NORMAL,2.4479903761283346,NORMAL,DISK,LOW
26-07-2026 15:42,Disk Stress,1,3.0,1200,60.0,6329.4,1.4,0.005,94.866,23.36,385.09,297,S1,Windows,18,15.43,-0.9999631195791747,-0.8526054932763991,0.8558972822307074,-0.004306277238734412,4.4799999999999995,-2.2,-0.7999999999992724,0,0.7278112957505606,NORMAL,1.97314611270976,NORMAL,NORMAL,LOW
26-07-2026 15:42,Disk Stress,1,6.5,1200,60.1,6302.0,1.4,0.02,682.136,23.36,385.09,297,S1,Windows,18,15.43,-0.8809325837949432,-0.8455464109770895,0.8436590005991956,3.6309771235602817,4.54,3.5,27.399999999999636,1,1.412870923263505,WARNING,3.766694975626522,ANOMALY,DISK,HIGH
26-07-2026 15:42,Disk Stress,1,3.7,1200,59.7,6371.3,1.4,0.003,178.59,23.36,385.09,297,S1,Windows,18,15.43,-0.9761570124223284,-0.8737827401743272,0.8746120267694065,0.5139569874410498,4.4,-2.8,-69.30000000000018,0,0.8326957286210881,NORMAL,1.2439693378016237,NORMAL,DISK,LOW
26-07-2026 15:42,Disk Stress,1,7.3,1200,58.4,6578.6,1.4,5.42,342.363,23.36,385.09,301,S1,Windows,18,15.43,-0.8537256041871188,-0.9655508100653502,0.9672031137114658,1.5277347530327832,5.14,3.5999999999999996,-207.30000000000018,0,1.0447704976245906,NORMAL,1.9856155302990255,NORMAL,DISK,LOW
26-07-2026 15:42,Disk Stress,1,5.0,1200,61.1,6140.5,1.4,0.017,380.322,23.36,385.09,301,S1,Windows,18,15.43,-0.9319456705596139,-0.7749555879839952,0.7715246033915615,1.7627062697302645,5.1,-2.3,438.10000000000036,0,1.018916552187448,NORMAL,2.458578220255211,NORMAL,DISK,LOW
26-07-2026 15:42,Disk Stress,1,3.9,1200,60.7,6212.6,1.4,0.166,80.95,23.36,385.09,301,S1,Windows,18,15.43,-0.9693552675203724,-0.8031919171812328,0.803728256881781,-0.0904482627062691,5.279999999999999,-1.1,-72.10000000000036,0,0.7105994593280915,NORMAL,1.1810152224048192,NORMAL,NORMAL,LOW
26-07-2026 15:42,Disk Stress,1,6.6,1200,59.6,6384.3,1.4,0.179,642.555,23.36,385.09,301,S1,Windows,18,15.43,-0.8775317113439651,-0.8808418224736367,0.8804185107551603,3.385965200105949,5.3,2.6999999999999997,-171.69999999999982,1,1.3807888023175026,WARNING,3.4713617453741508,WARNING,DISK,WARNING
26-07-2026 15:42,Disk Stress,1,4.4,1200,61.2,6129.1,1.4,0.003,245.632,23.36,385.09,301,S1,Windows,18,15.43,-0.9523509052654822,-0.7678965056846857,0.7664327635886697,0.9289563399643656,5.44,-2.1999999999999993,255.19999999999982,0,0.8551520439956575,NORMAL,1.4405659122370316,NORMAL,DISK,LOW
26-07-2026 15:43,Disk Stress,1,9.9,1200,62.7,5899.2,1.4,0.292,290.064,23.36,385.09,302,S1,Windows,18,15.43,-0.7653029204616899,-0.6620102711950441,0.6637473275636844,1.2039966315922401,5.96,5.5,229.90000000000055,0,0.8017427493282051,NORMAL,1.6475326653869466,NORMAL,DISK,LOW
26-07-2026 15:43,Disk Stress,1,8.0,1200,62.5,5929.2,1.4,0.967,265.152,23.36,385.09,302,S1,Windows,18,15.43,-0.8299194970302726,-0.6761284357936632,0.6771469059923471,1.049787868875423,6.56,-1.9000000000000004,-30.0,0,0.7972013348207349,NORMAL,1.3890656871130258,NORMAL,DISK,LOW
26-07-2026 15:43,Disk Stress,1,13.1,1200,63.3,5800.3,1.4,12.444,186.057,23.36,385.09,305,S1,Windows,18,15.43,-0.6564750020303924,-0.6196557773991879,0.6195733840105265,0.5601787613334097,8.4,5.1,128.89999999999964,0,0.6187896628976614,NORMAL,0.8825386848664897,NORMAL,DISK,LOW
26-07-2026 15:43,Disk Stress,1,12.0,1200,62.6,5909.2,1.4,1.219,62.253,23.41,385.17,310,S1,Windows,18,15.43,-0.693884598991151,-0.6690693534943537,0.6682138537065719,-0.20618530656129186,9.48,-1.0999999999999996,-108.89999999999964,0,0.5837660177992241,NORMAL,1.0321969413921148,NORMAL,NORMAL,LOW
26-07-2026 15:43,Disk Stress,1,21.2,1200,64.7,5572.8,1.4,6.855,299.231,23.6,386.02,311,S1,Windows,18,15.43,-0.38100433350117124,-0.5208286252088554,0.5179599142598345,1.2607416431459113,12.84,9.2,336.39999999999964,0,0.6262901990941572,NORMAL,1.8768765452384426,NORMAL,DISK,LOW
26-07-2026 15:43,Disk Stress,1,10.0,1200,65.5,5451.1,1.4,0.14,319.871,23.61,386.19,311,S1,Windows,18,15.43,-0.7619020480107118,-0.46435596681438013,0.4636022911008929,1.388506128633833,12.86,-11.2,121.69999999999982,0,0.7382990883944728,NORMAL,1.4916992860084328,NORMAL,DISK,LOW
26-07-2026 15:43,Disk Stress,1,7.6,1200,63.0,5846.9,1.4,0.13,228.457,23.62,386.2,310,S1,Windows,18,15.43,-0.8435229868341847,-0.640833024297116,0.6403873958363824,0.8226406888861167,12.78,-2.4000000000000004,-395.7999999999993,0,0.73791242028389,NORMAL,1.129933671568943,NORMAL,DISK,LOW
26-07-2026 15:43,Disk Stress,1,6.2,1200,62.2,5967.2,1.4,0.229,178.822,23.63,386.23,310,S1,Windows,18,15.43,-0.8911352011478774,-0.6973056826915913,0.6941197053353199,0.5153930998748287,11.4,-1.3999999999999995,-120.30000000000018,0,0.7184348261938704,NORMAL,1.8461421481161788,NORMAL,DISK,LOW
26-07-2026 15:43,Disk Stress,1,9.4,1200,65.5,5448.3,1.4,0.04,273.117,23.63,386.24,309,S1,Windows,18,15.43,-0.7823072827165801,-0.46435596681438013,0.46235166378088427,1.0990923323885673,10.88,3.2,518.8999999999996,0,0.6862877740931783,NORMAL,1.5298303326842373,NORMAL,DISK,LOW
26-07-2026 15:43,Disk Stress,1,9.8,1200,63.1,5836.0,1.4,2.195,215.796,23.66,386.49,311,S1,Windows,18,15.43,-0.7687037929126679,-0.6337739419978065,0.6355188823406351,0.7442673288685502,8.6,0.40000000000000036,-387.6999999999998,0,0.6967005627149794,NORMAL,1.3645729292805893,NORMAL,DISK,LOW
26-07-2026 15:43,Disk Stress,1,19.0,1200,63.1,5828.3,1.4,17.324,295.034,23.88,390.32,311,S1,Windows,18,15.43,-0.4558235274226881,-0.6337739419978065,0.6320796572106118,1.2347616264020738,10.4,9.2,7.699999999999818,0,0.7002474975486855,NORMAL,1.5480816591550097,NORMAL,DISK,LOW
26-07-2026 15:43,Disk Stress,1,12.8,1200,64.6,5592.2,1.4,0.633,233.256,23.95,390.44,314,S1,Windows,18,15.43,-0.6666776193833266,-0.5278877075081655,0.5266249749770362,0.8523471697900188,11.440000000000001,-6.199999999999999,236.10000000000036,0,0.6341640270208586,NORMAL,1.1686519550742367,NORMAL,DISK,LOW
26-07-2026 15:44,Disk Stress,1,9.2,1200,62.7,5901.7,1.4,0.243,261.793,23.99,390.53,314,S1,Windows,18,15.43,-0.7891090276185362,-0.6620102711950441,0.6648639590994063,1.028995189284632,12.040000000000001,-3.6000000000000014,-309.5,0,0.7741076193208818,NORMAL,1.907636134553346,NORMAL,DISK,LOW
26-07-2026 15:44,Disk Stress,1,8.1,1200,62.1,5997.4,1.4,0.185,264.349,24.0,390.54,313,S1,Windows,18,15.43,-0.8265186245792945,-0.7043647649909008,0.7076086142868402,1.0448171866154037,11.78,-1.0999999999999996,-95.69999999999982,0,0.8097501770515074,NORMAL,2.0803047903294996,NORMAL,DISK,LOW
26-07-2026 15:44,Disk Stress,1,8.2,1200,64.7,5580.5,1.4,0.251,274.577,24.02,390.61,311,S1,Windows,18,15.43,-0.8231177521283165,-0.5208286252088554,0.5213991393898578,1.1081299364976935,11.459999999999999,0.09999999999999964,416.89999999999964,0,0.7290897283786619,NORMAL,1.3091095282437764,NORMAL,DISK,LOW
26-07-2026 15:44,Disk Stress,1,16.2,1200,63.8,5721.1,1.4,0.473,227.326,24.26,391.86,312,S1,Windows,18,15.43,-0.5510479560500733,-0.5843603659026407,0.5841984969588572,0.8156396407714444,10.9,8.0,-140.60000000000036,0,0.6205901241318745,NORMAL,0.9910665405126072,NORMAL,DISK,LOW
26-07-2026 15:44,Disk Stress,1,12.0,1200,65.8,5408.1,1.4,1.252,139.484,24.39,392.43,311,S1,Windows,18,15.43,-0.693884598991151,-0.443178719916452,0.4443962286864764,0.2718853803920837,10.74,-4.199999999999999,313.0,0,0.4843753174879929,NORMAL,0.9481283977591335,NORMAL,DISK,LOW
26-07-2026 15:44,Disk Stress,1,9.0,1200,65.7,5418.9,1.4,0.138,200.521,24.39,392.46,311,S1,Windows,18,15.43,-0.7959107725204922,-0.45023780221576104,0.4492200769207946,0.6497129434117671,10.7,-3.0,-10.799999999999272,0,0.5936311764873883,NORMAL,1.0440522213385792,NORMAL,DISK,LOW
26-07-2026 15:44,Disk Stress,1,9.7,1200,63.7,5738.6,1.4,0.879,244.498,24.39,392.5,311,S1,Windows,18,15.43,-0.772104665363646,-0.5914194482019498,0.5920149177089103,0.9219367214302907,11.02,0.6999999999999993,-319.7000000000007,0,0.7118475618975191,NORMAL,1.1822092346623783,NORMAL,DISK,LOW
26-07-2026 15:44,Disk Stress,1,7.8,1200,62.8,5876.8,1.4,0.162,267.518,24.39,392.5,311,S1,Windows,18,15.43,-0.8367212419322286,-0.6549511888957351,0.6537423090036164,1.064433739644048,10.940000000000001,-1.8999999999999995,-138.19999999999982,0,0.7911369389779219,NORMAL,1.3815519855826315,NORMAL,DISK,LOW
26-07-2026 15:44,Disk Stress,1,7.8,1200,62.7,5900.3,1.4,0.563,278.63,24.4,392.52,311,S1,Windows,18,15.43,-0.8367212419322286,-0.6620102711950441,0.6642386454394023,1.13321857311022,9.26,0.0,-23.5,0,0.8091108976481063,NORMAL,1.7597695654158008,NORMAL,DISK,LOW
26-07-2026 15:44,Disk Stress,1,19.4,1200,64.2,5650.8,1.4,1.238,298.322,24.58,393.5,314,S1,Windows,18,15.43,-0.442220037618776,-0.5561240367054026,0.5527988181743575,1.2551148060670103,10.739999999999998,11.599999999999998,249.5,0,0.6610859471455272,NORMAL,2.0412844940402803,NORMAL,DISK,LOW
26-07-2026 15:44,Disk Stress,1,19.4,1200,64.6,5601.9,1.4,7.52,288.286,24.65,394.14,318,S1,Windows,18,15.43,-0.442220037618776,-0.5278877075081655,0.530957505335637,1.1929905630264686,12.819999999999999,0.0,48.900000000000546,0,0.6358219372105036,NORMAL,2.0295199968794906,NORMAL,DISK,LOW
26-07-2026 15:44,Disk Stress,1,18.6,1200,67.9,5079.9,1.4,3.605,280.329,24.66,394.19,317,S1,Windows,18,15.43,-0.46942701722660024,-0.2949379916309533,0.29780484067690616,1.1437356206317306,14.6,-0.7999999999999972,522.0,0,0.5176175949189934,NORMAL,1.879123733378123,NORMAL,DISK,LOW
26-07-2026 15:45,Disk Stress,1,17.5,1200,65.5,5447.5,1.4,5.485,298.981,24.69,394.24,320,S1,Windows,18,15.43,-0.5068366141873587,-0.46435596681438013,0.4619943416894532,1.2591941081957185,16.54,-1.1000000000000014,-367.60000000000036,0,0.6355954642775561,NORMAL,1.6958491120962347,NORMAL,DISK,LOW
26-07-2026 15:45,Disk Stress,1,8.5,1200,65.1,5517.3,1.4,0.648,95.18,24.7,394.25,318,S1,Windows,18,15.43,-0.8129151347753825,-0.4925922960116183,0.4931706941668085,-0.00236257334129215,16.68,-9.0,-69.80000000000018,0,0.49075888273772034,NORMAL,0.9192926397140498,NORMAL,NORMAL,LOW
26-07-2026 15:45,Disk Stress,1,9.1,1200,65.1,5516.4,1.4,0.083,104.194,24.75,394.35,320,S1,Windows,18,15.43,-0.7925099000695142,-0.4925922960116183,0.49276870681394835,0.05343534682286116,14.62,0.5999999999999996,0.9000000000005457,0,0.49477146955170165,NORMAL,0.8514346916369778,NORMAL,DISK,LOW
26-07-2026 15:45,Disk Stress,1,8.5,1200,66.2,5340.5,1.4,1.21,241.736,24.78,394.43,317,S1,Windows,18,15.43,-0.8129151347753825,-0.4149423907192139,0.41420251196055624,0.9048395553005601,12.440000000000001,-0.5999999999999996,175.89999999999964,0,0.6321656711006022,NORMAL,1.1324003910490519,NORMAL,DISK,LOW
26-07-2026 15:45,Disk Stress,1,7.2,1200,64.0,5689.2,1.4,0.006,228.663,24.79,394.45,316,S1,Windows,18,15.43,-0.8571264766380969,-0.5702422013040217,0.5699502785630456,0.8239158576850758,10.16,-1.2999999999999998,-348.6999999999998,0,0.7069838306322598,NORMAL,1.1032834400696327,NORMAL,DISK,LOW
26-07-2026 15:45,Disk Stress,1,17.0,1200,65.5,5446.2,1.4,0.316,288.172,24.97,395.52,318,S1,Windows,18,15.43,-0.5238409764422489,-0.46435596681438013,0.4614136932908777,1.1922848870891807,10.059999999999999,9.8,243.0,0,0.6271987990530004,NORMAL,1.8482340017905237,NORMAL,DISK,LOW
26-07-2026 15:45,Disk Stress,1,8.4,1200,67.1,5193.8,1.4,0.113,278.512,24.98,395.56,317,S1,Windows,18,15.43,-0.8163160072263606,-0.3514106500254296,0.34867857344439573,1.132488136613729,10.040000000000001,-8.6,252.39999999999964,0,0.646551339187162,NORMAL,1.7772707995973747,NORMAL,DISK,LOW
26-07-2026 15:45,Disk Stress,1,10.9,1200,67.4,5155.5,1.4,0.126,289.614,25.0,395.58,314,S1,Windows,18,15.43,-0.7312941959519095,-0.3302334031275005,0.3315717783171363,1.2012110686818929,10.4,2.5,38.30000000000018,0,0.6250148491236288,NORMAL,1.465973856503956,NORMAL,DISK,LOW
26-07-2026 15:45,Disk Stress,1,9.6,1200,65.3,5479.4,1.4,0.067,321.511,25.0,395.59,315,S1,Windows,18,15.43,-0.775505537814624,-0.4784741314129992,0.4762425600852644,1.3986579579070983,10.620000000000001,-1.3000000000000007,-323.89999999999964,0,0.7511740043667595,NORMAL,1.7854009026142403,NORMAL,DISK,LOW
26-07-2026 15:45,Disk Stress,1,8.0,1200,65.8,5407.2,1.4,0.053,308.454,25.0,395.59,314,S1,Windows,18,15.43,-0.8299194970302726,-0.443178719916452,0.4439942413336162,1.3178333025284261,10.780000000000001,-1.5999999999999996,72.19999999999982,0,0.7342949738564258,NORMAL,1.4955338232136945,NORMAL,DISK,LOW
26-07-2026 15:45,Disk Stress,1,8.4,1200,65.6,5437.3,1.4,0.045,290.531,25.0,395.6,314,S1,Windows,18,15.43,-0.8163160072263606,-0.4572968845150711,0.457438485023708,1.2068874268792003,9.06,0.40000000000000036,-30.100000000000364,0,0.7149490499030111,NORMAL,1.3320208517795706,NORMAL,DISK,LOW
26-07-2026 15:45,Disk Stress,1,9.2,1200,65.1,5518.1,1.4,0.156,279.742,25.0,395.62,313,S1,Windows,18,15.43,-0.7891090276185362,-0.4925922960116183,0.49352801625823955,1.140102008568678,9.219999999999999,0.7999999999999989,-80.80000000000018,0,0.7112364020544298,NORMAL,1.3737846878590054,NORMAL,DISK,LOW
26-07-2026 15:46,Disk Stress,1,7.1,1200,64.9,5544.0,1.4,0.059,296.535,25.0,395.62,312,S1,Windows,18,15.43,-0.8605273490890749,-0.5067104606102364,0.5050963189683182,1.2440530262430318,8.459999999999999,-2.0999999999999996,-25.899999999999636,0,0.7600012119520634,NORMAL,1.551644821730032,NORMAL,DISK,LOW
26-07-2026 15:46,Disk Stress,1,8.5,1200,64.9,5547.2,1.4,2.293,287.074,25.01,395.63,312,S1,Windows,18,15.43,-0.8129151347753825,-0.5067104606102364,0.5065256073340422,1.1854881135879336,8.239999999999998,1.4000000000000004,-3.199999999999818,0,0.7342904228000808,NORMAL,1.3170602035287595,NORMAL,DISK,LOW
26-07-2026 15:46,Disk Stress,1,16.4,1200,66.8,5245.0,1.4,0.893,301.053,25.16,397.71,314,S1,Windows,18,15.43,-0.5442462111481172,-0.3725878969233577,0.37154718729598,1.272020077862917,9.919999999999998,7.899999999999999,302.1999999999998,0,0.6037636854532218,NORMAL,1.3766456791708208,NORMAL,DISK,LOW
26-07-2026 15:46,Disk Stress,1,16.6,1200,66.8,5241.7,1.4,2.605,291.634,25.2,397.85,314,S1,Windows,18,15.43,-0.537444466246161,-0.3725878969233577,0.37007323366882705,1.2137151510794513,11.559999999999999,0.20000000000000284,3.300000000000182,0,0.5897673859005113,NORMAL,1.6990286885035206,NORMAL,DISK,LOW
26-07-2026 15:46,Disk Stress,1,8.7,1200,65.9,5397.5,1.4,0.054,295.837,25.2,397.87,312,S1,Windows,18,15.43,-0.8061133898734264,-0.436119637617142,0.4396617109750154,1.2397323086620933,11.459999999999999,-7.900000000000002,-155.80000000000018,0,0.7085487121745923,NORMAL,2.2462707056508635,NORMAL,DISK,LOW
26-07-2026 15:46,Disk Stress,1,9.4,1200,65.5,5453.2,1.4,0.178,282.994,25.22,397.89,313,S1,Windows,18,15.43,-0.7823072827165801,-0.46435596681438013,0.464540261590899,1.1602323432007866,11.92,0.7000000000000011,-55.69999999999982,0,0.6989534958176252,NORMAL,1.2875022957961937,NORMAL,DISK,LOW
26-07-2026 15:46,Disk Stress,1,8.9,1200,64.5,5615.1,1.4,0.063,260.922,25.22,397.91,310,S1,Windows,18,15.43,-0.7993116449714703,-0.5349467898074745,0.5368533198442489,1.0236035775181602,12.0,-0.5,-161.90000000000055,0,0.7123689099061652,NORMAL,1.5507251390421672,NORMAL,DISK,LOW
26-07-2026 15:46,Disk Stress,1,11.2,1200,67.7,5099.1,1.4,0.001,260.808,25.25,397.98,312,S1,Windows,18,15.43,-0.7210915785989753,-0.3090561562295724,0.3063805708712506,1.0228979015808721,10.959999999999999,2.299999999999999,516.0,0,0.5749000149389889,NORMAL,1.6737478559657986,NORMAL,DISK,LOW
26-07-2026 15:46,Disk Stress,1,10.4,1200,65.1,5521.3,1.4,0.18,208.781,25.29,398.1,314,S1,Windows,18,15.43,-0.7482985582067997,-0.4925922960116183,0.4949573046239635,0.7008434981661389,9.72,-0.7999999999999989,-422.1999999999998,0,0.6114274168235458,NORMAL,1.5191061412421758,NORMAL,DISK,LOW
26-07-2026 15:46,Disk Stress,1,15.0,1200,66.4,5308.8,1.4,0.295,282.225,25.48,400.06,313,S1,Windows,18,15.43,-0.5918584254618098,-0.4008242261205948,0.40004362408760274,1.1554721256939933,10.98,4.6,212.5,0,0.6089079454310405,NORMAL,1.2528964690908626,NORMAL,DISK,LOW
26-07-2026 15:46,Disk Stress,1,9.9,1200,65.8,5410.0,1.4,0.855,271.197,25.49,400.08,313,S1,Windows,18,15.43,-0.7653029204616899,-0.443178719916452,0.44524486865362484,1.0872072639710861,11.08,-5.1,-101.19999999999982,0,0.6690349186383847,NORMAL,1.6151169445734985,NORMAL,DISK,LOW
26-07-2026 15:46,Disk Stress,1,14.1,1200,68.1,5041.8,1.4,5.615,276.814,25.51,400.3,314,S1,Windows,18,15.43,-0.6224662775206121,-0.2808198270323352,0.28078737607250476,1.1219772792320193,12.120000000000001,4.199999999999999,368.1999999999998,0,0.551538762426789,NORMAL,1.1720983850061357,NORMAL,DISK,LOW
26-07-2026 15:47,Disk Stress,1,29.9,1200,68.0,5063.3,1.4,14.52,320.218,25.77,401.61,317,S1,Windows,18,15.43,-0.08512843026608168,-0.2878789093316443,0.29039040727971305,1.3906541071447007,15.860000000000003,15.799999999999999,-21.5,0,0.4481111047642005,NORMAL,1.9778641246960138,NORMAL,DISK,LOW
26-07-2026 15:47,Disk Stress,1,18.5,1200,70.2,4715.9,1.4,0.516,251.415,25.87,403.33,317,S1,Windows,18,15.43,-0.47282788967757833,-0.1325790987468365,0.1352232890757988,0.9647539184322265,17.48,-11.399999999999999,347.40000000000055,0,0.4016175380289295,NORMAL,1.670687020426174,NORMAL,DISK,LOW
26-07-2026 15:47,Disk Stress,1,15.6,1200,71.5,4499.9,1.4,0.457,136.356,25.95,404.23,317,S1,Windows,18,15.43,-0.5714531907559415,-0.04081102885581402,0.038746324389427406,0.2525226230952707,17.6,-2.9000000000000004,216.0,0,0.24193305538046625,NORMAL,1.1656458652377077,NORMAL,DISK,LOW
26-07-2026 15:47,Disk Stress,1,17.6,1200,71.6,4488.5,1.4,0.272,274.189,26.07,405.32,318,S1,Windows,18,15.43,-0.5034357417363806,-0.033751946556504986,0.03365448458653574,1.1057281622549944,19.139999999999997,2.0000000000000018,11.399999999999636,0,0.3890328358561717,NORMAL,1.126942657519537,NORMAL,DISK,LOW
26-07-2026 15:47,Disk Stress,1,11.1,1200,69.6,4802.5,1.4,0.707,114.207,26.25,408.09,318,S1,Windows,18,15.43,-0.7244924510499533,-0.1749335925426937,0.17390340547320526,0.11541721664798507,18.54,-6.500000000000002,-314.0,0,0.3276919375020322,NORMAL,0.8941590818487309,NORMAL,DISK,LOW
26-07-2026 15:47,Disk Stress,1,7.0,1200,69.0,4894.5,1.4,0.28,99.744,26.26,408.1,317,S1,Windows,18,15.43,-0.863928221540053,-0.2172880863385499,0.21499544598777087,0.025889224709428445,13.959999999999999,-4.1,-92.0,0,0.3725418265030207,NORMAL,1.447433423709879,NORMAL,NORMAL,LOW
26-07-2026 15:47,Disk Stress,1,9.4,1200,69.5,4826.0,1.4,1.159,111.483,26.31,408.42,317,S1,Windows,18,15.43,-0.7823072827165801,-0.18199267484200274,0.18439974190899105,0.09855527583068387,12.14,2.4000000000000004,68.5,0,0.3458809908155098,NORMAL,1.4085233656995113,NORMAL,DISK,LOW
26-07-2026 15:47,Disk Stress,1,18.3,1200,70.2,4712.5,1.4,0.311,315.149,26.45,409.38,319,S1,Windows,18,15.43,-0.4796296345795344,-0.1325790987468365,0.13370467018721718,1.3592762884945906,12.680000000000001,8.9,113.5,0,0.4822588117342728,NORMAL,1.5047937696906322,NORMAL,DISK,LOW
26-07-2026 15:47,Disk Stress,1,9.6,1200,68.7,4943.6,1.4,0.017,243.898,26.45,409.39,319,S1,Windows,18,15.43,-0.775505537814624,-0.238465333236478,0.23692608934934897,0.9182226375498279,11.08,-8.700000000000001,-231.10000000000036,0,0.535221006695166,NORMAL,1.2713550572820644,NORMAL,DISK,LOW
26-07-2026 15:47,Disk Stress,1,10.9,1200,70.5,4666.8,1.4,0.309,265.347,26.46,409.42,318,S1,Windows,18,15.43,-0.7312941959519095,-0.11140185184890837,0.1132926457142211,1.0509949461365735,11.040000000000001,1.3000000000000007,276.8000000000002,0,0.48566633271040427,NORMAL,1.5093976458354545,NORMAL,DISK,LOW
26-07-2026 15:47,Disk Stress,1,8.4,1200,69.6,4810.4,1.4,0.158,259.69,26.46,409.44,318,S1,Windows,18,15.43,-0.8163160072263606,-0.1749335925426937,0.17743196112608628,1.0159773252836097,11.32,-2.5,-143.59999999999945,0,0.5360567372126555,NORMAL,1.719274097896556,NORMAL,DISK,LOW
26-07-2026 15:47,Disk Stress,1,8.6,1200,69.3,4855.5,1.4,0.015,268.696,26.48,409.46,317,S1,Windows,18,15.43,-0.8095142623244044,-0.1961108394406218,0.19757599403050938,1.0717257243293572,11.16,0.1999999999999993,-45.100000000000364,0,0.5555478742014811,NORMAL,1.4222703967560733,NORMAL,DISK,LOW
26-07-2026 15:48,Disk Stress,1,10.4,1200,72.5,4343.2,1.4,1.349,260.361,26.58,410.21,318,S1,Windows,18,15.43,-0.7482985582067997,0.02977979413728033,-0.031244140269620656,1.0201309090899273,9.580000000000002,1.8000000000000007,512.3000000000002,0,0.4436985155751336,NORMAL,1.327046658956734,NORMAL,DISK,LOW
26-07-2026 15:48,Disk Stress,1,12.9,1200,70.8,4620.5,1.4,1.229,225.189,26.63,410.83,319,S1,Windows,18,15.43,-0.6632767469323486,-0.09022460495098027,0.09261262967265159,0.8024113120171958,10.24,2.5,-277.3000000000002,0,0.4050551939029682,NORMAL,1.5216496580443406,NORMAL,DISK,LOW
26-07-2026 15:48,Disk Stress,1,10.9,1200,72.0,4424.3,1.4,0.148,254.833,26.67,411.08,317,S1,Windows,18,15.43,-0.7312941959519095,-0.005515617359266846,0.004979386749197657,0.9859118162712631,10.239999999999998,-2.0,196.19999999999982,0,0.41922118459744506,NORMAL,1.1305477847452154,NORMAL,DISK,LOW
26-07-2026 15:48,Disk Stress,1,9.6,1200,71.5,4505.6,1.4,0.073,276.772,26.68,411.1,318,S1,Windows,18,15.43,-0.775505537814624,-0.04081102885581402,0.041292244290873636,1.1217172933603867,10.48,-1.3000000000000007,-81.30000000000018,0,0.4774968775313835,NORMAL,1.2671454769164507,NORMAL,DISK,LOW
26-07-2026 15:48,Disk Stress,1,9.7,1200,70.7,4632.3,1.4,0.181,274.236,26.69,411.13,317,S1,Windows,18,15.43,-0.772104665363646,-0.0972836872502893,0.097883130521259,1.1060190988256304,10.7,0.09999999999999964,-126.69999999999982,0,0.5015969516535586,NORMAL,1.2609508775839195,NORMAL,DISK,LOW
26-07-2026 15:48,Disk Stress,1,8.5,1200,68.9,4913.3,1.4,0.019,267.602,26.7,411.15,315,S1,Windows,18,15.43,-0.8129151347753825,-0.22434716863785895,0.22339251513639957,1.0649537113873129,10.319999999999999,-1.1999999999999993,-281.0,0,0.5688479363287149,NORMAL,1.2556489208327652,NORMAL,DISK,LOW
26-07-2026 15:48,Disk Stress,1,10.5,1200,71.3,4530.1,1.4,0.291,240.097,26.75,411.32,316,S1,Windows,18,15.43,-0.7448976857558216,-0.054929193454433096,0.05223523334094817,0.8946939161670959,9.84,2.0,383.1999999999998,0,0.4293338936646852,NORMAL,1.6382404863084248,NORMAL,DISK,LOW
26-07-2026 15:48,Disk Stress,1,16.7,1200,70.9,4592.8,1.4,0.845,256.187,26.86,411.61,318,S1,Windows,18,15.43,-0.5340435937951831,-0.08316552265167024,0.08024035225685312,0.9942932655615077,11.0,6.199999999999999,-62.69999999999982,0,0.4000694584977282,NORMAL,1.7078209042072008,NORMAL,DISK,LOW
26-07-2026 15:48,Disk Stress,1,12.8,1200,71.4,4515.6,1.4,0.093,298.906,26.91,411.88,318,S1,Windows,18,15.43,-0.6666776193833266,-0.04787011115512305,0.045758770433761205,1.2587298477106608,11.64,-3.8999999999999986,77.19999999999982,0,0.4752620427904193,NORMAL,1.6144207303133677,NORMAL,DISK,LOW
26-07-2026 15:48,Disk Stress,1,10.2,1200,68.9,4915.6,1.4,0.138,227.196,26.92,411.9,318,S1,Windows,18,15.43,-0.7551003031087558,-0.22434716863785895,0.2244198161492638,0.8148349225973441,11.739999999999998,-2.6000000000000014,-400.0,0,0.5016851892733061,NORMAL,0.9824096176409499,NORMAL,DISK,LOW
26-07-2026 15:48,Disk Stress,1,9.9,1200,70.2,4706.7,1.4,0.762,252.724,26.93,412.29,317,S1,Windows,18,15.43,-0.7653029204616899,-0.1325790987468365,0.13111408502434233,0.9728568114314362,12.02,-0.29999999999999893,208.90000000000055,0,0.4901587850537136,NORMAL,1.2828044641713638,NORMAL,DISK,LOW
26-07-2026 15:48,Disk Stress,1,11.1,1200,68.9,4915.7,1.4,0.183,253.064,26.94,412.38,315,S1,Windows,18,15.43,-0.7244924510499533,-0.22434716863785895,0.22446448141069242,0.9749614589636985,12.139999999999999,1.1999999999999993,-209.0,0,0.5245370739812218,NORMAL,1.0853587037633121,NORMAL,DISK,LOW
26-07-2026 15:49,Disk Stress,1,11.0,1200,67.9,5067.7,1.4,0.007,257.978,26.95,412.39,315,S1,Windows,18,15.43,-0.7278933235009314,-0.2949379916309533,0.2923556787825834,1.0053798059446892,11.0,-0.09999999999999964,-152.0,0,0.5663964914850199,NORMAL,1.6328598986273302,NORMAL,DISK,LOW
26-07-2026 15:49,Disk Stress,1,7.5,1200,70.3,4697.7,1.4,0.096,267.699,26.96,412.41,315,S1,Windows,18,15.43,-0.8469238592851628,-0.12552001644752744,0.12709421149574351,1.0655541549479879,9.940000000000001,-3.5,370.0,0,0.5302628360085534,NORMAL,1.4665201104120789,NORMAL,DISK,LOW
26-07-2026 15:49,Disk Stress,1,10.2,1200,69.7,4788.5,1.4,0.025,225.831,26.96,412.42,315,S1,Windows,18,15.43,-0.7551003031087558,-0.16787451024338365,0.16765026887316267,0.8063853817692911,9.940000000000001,2.6999999999999993,-90.80000000000018,0,0.4716995741341326,NORMAL,0.9777099965445011,NORMAL,DISK,LOW
26-07-2026 15:49,Disk Stress,1,8.6,1200,70.5,4663.0,1.4,0.022,252.842,26.96,412.43,315,S1,Windows,18,15.43,-0.8095142623244044,-0.11140185184890837,0.11159536577992374,0.9735872479279274,9.68,-1.5999999999999996,125.5,0,0.493311356993564,NORMAL,1.1364840794305195,NORMAL,DISK,LOW
26-07-2026 15:49,Disk Stress,1,8.6,1200,69.4,4832.0,1.4,0.093,245.538,26.96,412.44,315,S1,Windows,18,15.43,-0.8095142623244044,-0.18905175714131175,0.1870796575947236,0.9283744668230931,9.18,0.0,-169.0,0,0.5226606307232782,NORMAL,1.4187495714350247,NORMAL,DISK,LOW
26-07-2026 15:49,Disk Stress,1,8.6,1200,71.4,4526.5,1.4,0.211,244.696,26.99,412.48,315,S1,Windows,18,15.43,-0.8095142623244044,-0.04787011115512305,0.050627283929508486,0.9231623691108435,8.7,0.0,305.5,0,0.4519732426519286,NORMAL,1.7751763298254561,NORMAL,DISK,LOW
26-07-2026 15:49,Disk Stress,1,9.3,1200,69.6,4800.9,1.4,0.018,244.678,26.99,412.49,314,S1,Windows,18,15.43,-0.7857081551675581,-0.1749335925426937,0.1731887612903431,0.9230509465944295,9.059999999999999,0.7000000000000011,-274.39999999999964,0,0.5074404658900301,NORMAL,1.3373580089653316,NORMAL,DISK,LOW
26-07-2026 15:49,Disk Stress,1,12.4,1200,69.6,4799.9,1.4,0.11,261.96,27.21,412.55,313,S1,Windows,18,15.43,-0.6802811091872388,-0.1749335925426937,0.17274210867605436,1.0300289426313607,9.5,3.0999999999999996,1.0,0,0.49711862078046276,NORMAL,1.4945640712746062,NORMAL,DISK,LOW
26-07-2026 15:49,Disk Stress,1,11.4,1200,70.3,4687.9,1.4,0.138,305.789,27.28,412.78,313,S1,Windows,18,15.43,-0.7142898336970193,-0.12552001644752744,0.12271701587571363,1.3013365799593701,10.06,-1.0,112.0,0,0.5367536742103808,NORMAL,1.8638643369705759,NORMAL,DISK,LOW
26-07-2026 15:49,Disk Stress,1,10.6,1200,68.9,4909.7,1.4,0.139,287.558,27.29,412.88,314,S1,Windows,18,15.43,-0.7414968133048435,-0.22434716863785895,0.2217845657249599,1.188484141251507,10.459999999999999,-0.8000000000000007,-221.80000000000018,0,0.5718069359781042,NORMAL,1.7233854741238936,NORMAL,DISK,LOW
26-07-2026 15:49,Disk Stress,1,11.3,1200,68.5,4972.7,1.4,0.118,279.328,27.31,412.95,314,S1,Windows,18,15.43,-0.7176907061479972,-0.2525834978350971,0.24992368042515153,1.1375392906911583,11.0,0.7000000000000011,-63.0,0,0.5685748554181903,NORMAL,1.7227289575943452,NORMAL,DISK,LOW
26-07-2026 15:50,Disk Stress,1,12.0,1200,63.4,5788.3,1.4,0.056,311.06,27.31,412.96,305,S1,Windows,18,15.43,-0.693884598991151,-0.6125966950998784,0.6142135526390615,1.3339648068492362,11.540000000000001,0.6999999999999993,-815.6000000000004,0,0.7815800601249683,NORMAL,1.6890940444433908,NORMAL,DISK,LOW
26-07-2026 15:51,CPU + Disk Stress,1,63.3,1200,72.1,4405.4,1.4,3.861,1977.046,4.2,28.25,417,S1,Windows,18,15.43,1.050762968360584,0.0015434649400421887,-0.003462347660860084,11.646651052977168,21.72,51.3,1382.9000000000005,1,2.6457146101177935,ANOMALY,12.553194492361676,ANOMALY,DISK,HIGH
26-07-2026 15:51,CPU + Disk Stress,1,63.9,1200,71.1,4564.5,1.4,0.323,349.953,4.2,28.27,416,S1,Windows,18,15.43,1.0711682030664522,-0.06904735805305216,0.06760008327248124,1.574717914120638,32.22,0.6000000000000014,-159.10000000000036,0,0.670528267814475,NORMAL,2.366533731727349,NORMAL,DISK,LOW
26-07-2026 15:51,CPU + Disk Stress,1,63.6,1200,70.9,4603.6,1.4,0.051,375.389,4.2,28.27,416,S1,Windows,18,15.43,1.0609655857135183,-0.08316552265167024,0.08506420049117178,1.7321703100930592,42.82000000000001,-0.29999999999999716,-39.100000000000364,0,0.7066862346264028,NORMAL,2.6672915435314475,NORMAL,DISK,LOW
26-07-2026 15:51,CPU + Disk Stress,1,63.7,1200,72.1,4409.1,1.4,0.111,425.859,4.2,28.28,416,S1,Windows,18,15.43,1.0643664581644963,0.0015434649400421887,-0.00180973298799136,2.0445866658379916,53.3,0.10000000000000142,194.5,0,0.7290522566965582,NORMAL,2.7166270815191975,WARNING,DISK,WARNING
26-07-2026 15:51,CPU + Disk Stress,1,59.4,1200,73.0,4261.6,1.4,0.195,121.907,4.2,28.29,416,S1,Windows,18,15.43,0.9181289427724404,0.0650752056338275,-0.06769099359558294,0.16308129311392483,62.779999999999994,-4.300000000000004,147.5,0,0.34111570186378193,NORMAL,1.6272211477937368,NORMAL,DISK,LOW
26-07-2026 15:52,CPU + Disk Stress,1,62.9,1200,71.9,4442.0,1.4,0.303,323.04,4.2,28.3,416,S1,Windows,18,15.43,1.0371594785566718,-0.01257469965857588,0.012885138022108566,1.4081226816624777,62.7,3.5,-180.39999999999964,0,0.5991218174014916,NORMAL,2.1281464689870533,NORMAL,DISK,LOW
26-07-2026 15:52,CPU + Disk Stress,1,52.5,1200,74.6,4013.9,1.4,0.222,81.329,4.33,29.26,418,S1,Windows,18,15.43,0.6834687436549557,0.17802052242277808,-0.17832684615490804,-0.08810219972177681,60.42,-10.399999999999999,428.0999999999999,0,0.31173258899865713,NORMAL,0.7086804159124428,NORMAL,NORMAL,LOW
26-07-2026 15:52,CPU + Disk Stress,1,21.4,1200,74.2,4072.5,1.4,0.233,63.816,4.4,30.59,420,S1,Windows,18,15.43,-0.3742025885992152,0.14978419322554093,-0.15215300295758696,-0.19651011805268617,51.98,-31.1,-58.59999999999991,0,0.22692865874948143,NORMAL,1.3113115227958752,NORMAL,NORMAL,LOW
26-07-2026 15:52,CPU + Disk Stress,1,40.1,1200,73.8,4145.9,1.4,1.181,151.708,4.46,30.73,421,S1,Windows,18,15.43,0.2617605597336786,0.12154786402830278,-0.11936870106879238,0.3475536493167131,47.260000000000005,18.700000000000003,-73.39999999999964,0,0.20837699720569552,NORMAL,1.2079951957802284,NORMAL,DISK,LOW
26-07-2026 15:52,CPU + Disk Stress,1,55.8,1200,73.3,4226.3,1.4,1.286,265.128,4.48,30.81,423,S1,Windows,18,15.43,0.7956975345372309,0.08625245253175562,-0.08345783087997613,1.0496393055202045,46.54,15.699999999999996,-80.40000000000055,0,0.4912044234007321,NORMAL,2.1452166682794385,NORMAL,DISK,LOW
26-07-2026 15:52,CPU + Disk Stress,1,59.0,1200,77.1,3627.2,1.4,0.442,283.076,4.59,31.87,427,S1,Windows,18,15.43,0.9045254529685283,0.35449757990551395,-0.35104741210037027,1.1607399346644498,45.760000000000005,3.200000000000003,599.1000000000004,0,0.6800643792151766,NORMAL,2.4939547850170998,NORMAL,DISK,LOW
26-07-2026 15:52,CPU + Disk Stress,1,63.9,1200,77.3,3590.6,1.4,1.48,287.02,4.78,37.08,424,S1,Windows,18,15.43,1.0711682030664522,0.36861574450413304,-0.3673948977833387,1.185153846038692,48.040000000000006,4.899999999999999,36.59999999999991,0,0.7424449330355817,NORMAL,2.021361479331582,NORMAL,DISK,LOW
26-07-2026 15:52,CPU + Disk Stress,1,58.5,1200,76.9,3657.8,1.4,0.341,285.502,4.79,37.11,424,S1,Windows,18,15.43,0.8875210907136382,0.34037941530689586,-0.33737984210313415,1.175757213821121,55.46,-5.399999999999999,-67.20000000000027,0,0.6709975629910112,NORMAL,2.3423670990041923,NORMAL,DISK,LOW
26-07-2026 15:52,CPU + Disk Stress,1,57.8,1200,76.4,3732.3,1.4,0.997,289.519,4.84,37.14,422,S1,Windows,18,15.43,0.8637149835567918,0.3050840038103487,-0.30410422233862183,1.2006230054008198,59.0,-0.7000000000000028,-74.5,0,0.6515851417580305,NORMAL,1.8397402348012049,NORMAL,DISK,LOW
26-07-2026 15:52,CPU + Disk Stress,1,57.9,1200,75.4,3895.6,1.4,1.15,248.788,4.86,38.08,419,S1,Windows,18,15.43,0.8671158560077699,0.23449318081725434,-0.23116585042526802,0.9484924211756001,59.42,0.10000000000000142,-163.29999999999973,0,0.566414365367681,NORMAL,2.2933890509477,NORMAL,DISK,LOW
26-07-2026 15:52,CPU + Disk Stress,1,58.2,1200,76.7,3678.2,1.4,0.149,242.592,4.86,38.09,420,S1,Windows,18,15.43,0.8773184733607041,0.32626125070827683,-0.3282681287716437,0.9101383149700205,59.260000000000005,0.30000000000000426,217.4000000000001,0,0.6087552059690271,NORMAL,1.7422435800206506,NORMAL,DISK,LOW
26-07-2026 15:52,CPU + Disk Stress,1,57.3,1200,74.5,4031.0,1.4,8.339,119.426,4.86,38.12,421,S1,Windows,18,15.43,0.8467106213019016,0.17096144012346903,-0.17068908645057035,0.14772355626821104,57.94,-0.9000000000000057,-352.8000000000002,0,0.36898414697136744,NORMAL,0.963071959171372,NORMAL,DISK,LOW
26-07-2026 15:53,CPU + Disk Stress,1,57.4,1200,76.7,3682.1,1.4,14.399,173.051,4.87,38.14,420,S1,Windows,18,15.43,0.8501114937528796,0.32626125070827683,-0.3265261835759175,0.4796698030845769,57.71999999999999,0.10000000000000142,348.9000000000001,0,0.5141510206704458,NORMAL,1.1409570602425985,NORMAL,DISK,LOW
26-07-2026 15:53,CPU + Disk Stress,1,56.7,1200,76.3,3747.0,1.4,0.759,183.535,4.89,38.17,416,S1,Windows,18,15.43,0.8263053865960335,0.29802492151103865,-0.2975384289085772,0.5445672287558643,57.5,-0.6999999999999957,-64.90000000000009,0,0.5057202239650099,NORMAL,1.1998309060325039,NORMAL,DISK,LOW
26-07-2026 15:53,CPU + Disk Stress,1,56.5,1200,76.1,3774.6,1.4,0.127,82.466,4.89,38.18,414,S1,Windows,18,15.43,0.8195036416940773,0.2839067569124196,-0.28521081675420756,-0.08106401076829972,57.220000000000006,-0.20000000000000284,-27.59999999999991,0,0.4042780850864505,NORMAL,1.0415786986683517,NORMAL,NORMAL,LOW
26-07-2026 15:53,CPU + Disk Stress,1,56.6,1200,75.2,3913.1,1.4,0.035,64.601,4.89,38.18,415,S1,Windows,18,15.43,0.8229045141450554,0.22037501621863528,-0.22334942967521476,-0.19165085830908063,56.9,0.10000000000000142,-138.5,0,0.3959839167059663,NORMAL,1.6628872701803958,NORMAL,NORMAL,LOW
26-07-2026 15:53,CPU + Disk Stress,1,57.7,1200,74.5,4030.1,1.4,0.077,64.609,4.89,38.2,415,S1,Windows,18,15.43,0.8603141111058139,0.17096144012346903,-0.17109107380343028,-0.1916013371906745,56.98,1.1000000000000014,-117.0,0,0.38192114756760576,NORMAL,0.8722027075825343,NORMAL,NORMAL,LOW
26-07-2026 15:53,CPU + Disk Stress,1,56.2,1200,77.0,3641.0,1.4,0.108,70.56,4.89,38.21,415,S1,Windows,18,15.43,0.8093010243411433,0.34743849760620493,-0.34488360602318535,-0.15476381523628388,56.739999999999995,-1.5,389.0999999999999,0,0.44695134083609833,NORMAL,1.4947876748467523,NORMAL,NORMAL,LOW
26-07-2026 15:53,CPU + Disk Stress,1,56.5,1200,76.4,3723.0,1.4,0.153,78.269,4.9,38.23,414,S1,Windows,18,15.43,0.8195036416940773,0.3050840038103487,-0.30825809165150736,-0.1070440275121372,56.7,0.29999999999999716,-82.0,0,0.42043671748405675,NORMAL,1.7453476699214985,NORMAL,NORMAL,LOW
26-07-2026 15:53,CPU + Disk Stress,1,56.9,1200,75.5,3869.6,1.4,0.008,61.316,4.9,38.24,414,S1,Windows,18,15.43,0.8331071314979894,0.2415522631165634,-0.24277881839677568,-0.21198546755461464,56.78000000000001,0.3999999999999986,-146.5999999999999,0,0.4133506755746439,NORMAL,1.0238329855047186,NORMAL,NORMAL,LOW
26-07-2026 15:53,CPU + Disk Stress,1,56.5,1200,74.5,4027.3,1.4,0.062,51.051,4.9,38.24,414,S1,Windows,18,15.43,0.8195036416940773,0.17096144012346903,-0.17234170112343866,-0.27552725260953304,56.760000000000005,-0.3999999999999986,-157.70000000000027,0,0.38671331529185826,NORMAL,1.0659700869502806,NORMAL,NORMAL,LOW
26-07-2026 15:53,CPU + Disk Stress,1,57.1,1200,76.9,3646.3,1.4,0.106,73.376,4.9,38.26,414,S1,Windows,18,15.43,0.8399088763999456,0.34037941530689586,-0.3425163471674549,-0.13733238155731162,56.64,0.6000000000000014,381.0,0,0.4500562332570057,NORMAL,1.3363860718574043,NORMAL,NORMAL,LOW
26-07-2026 15:53,CPU + Disk Stress,1,56.6,1200,75.1,3934.1,1.4,0.015,49.573,4.9,38.27,413,S1,Windows,18,15.43,0.8229045141450554,0.21331593391932524,-0.2139697247751509,-0.28467627923507316,56.720000000000006,-0.5,-287.7999999999997,0,0.41059533522135905,NORMAL,0.8861267177616273,NORMAL,NORMAL,LOW
26-07-2026 15:54,CPU + Disk Stress,1,56.5,1200,73.9,4129.4,1.4,0.098,53.229,4.9,38.29,413,S1,Windows,18,15.43,0.8195036416940773,0.12860694632761283,-0.12673846920455686,-0.26204512812345293,56.720000000000006,-0.10000000000000142,-195.29999999999973,0,0.362189895872109,NORMAL,1.2335898262131497,NORMAL,NORMAL,LOW
26-07-2026 15:54,CPU + Disk Stress,1,56.2,1200,76.1,3783.9,1.4,0.153,75.486,4.9,38.3,413,S1,Windows,18,15.43,0.8093010243411433,0.2839067569124196,-0.28105694744132204,-0.12427118657768399,56.580000000000005,-0.29999999999999716,345.49999999999955,0,0.4090279611798701,NORMAL,1.6188929739030973,NORMAL,NORMAL,LOW
26-07-2026 15:54,CPU + Disk Stress,1,57.0,1200,75.5,3873.5,1.4,0.014,52.636,4.9,38.3,412,S1,Windows,18,15.43,0.8365080039489675,0.2415522631165634,-0.2410368732010495,-0.26571588102531035,56.68000000000001,0.7999999999999972,-89.59999999999991,0,0.4247686309649313,NORMAL,0.8742504043788663,NORMAL,NORMAL,LOW
26-07-2026 15:54,CPU + Disk Stress,1,56.3,1200,74.1,4088.8,1.4,0.02,55.337,4.9,38.32,412,S1,Windows,18,15.43,0.8127018967921211,0.14272511092623089,-0.14487256534468013,-0.24899631342342682,56.519999999999996,-0.7000000000000028,-215.30000000000018,0,0.36540187806912694,NORMAL,1.3299229553598182,NORMAL,NORMAL,LOW
26-07-2026 15:54,CPU + Disk Stress,1,56.2,1200,75.9,3803.3,1.4,0.392,77.35,4.91,38.42,412,S1,Windows,18,15.43,0.8093010243411433,0.26978859231380153,-0.2723918867241201,-0.11273276598904618,56.44,-0.09999999999999432,285.5,0,0.4007518155391167,NORMAL,1.50048039027187,NORMAL,NORMAL,LOW
26-07-2026 15:54,CPU + Disk Stress,1,55.9,1200,74.7,4001.5,1.4,0.031,54.945,4.91,38.48,412,S1,Windows,18,15.43,0.799098406988209,0.18507960472208812,-0.18386533857208867,-0.25142284822532923,56.32000000000001,-0.30000000000000426,-198.19999999999982,0,0.3823110408725727,NORMAL,0.997584498403825,NORMAL,NORMAL,LOW
26-07-2026 15:54,CPU + Disk Stress,1,56.0,1200,73.5,4191.4,1.4,0.055,54.532,4.91,38.49,411,S1,Windows,18,15.43,0.8024992794391871,0.10037061713037468,-0.09904600711865397,-0.2539793759630478,56.279999999999994,0.10000000000000142,-189.89999999999964,0,0.3414660455872089,NORMAL,1.0440572357756674,NORMAL,NORMAL,LOW
26-07-2026 15:54,CPU + Disk Stress,1,56.5,1200,76.0,3787.0,1.4,0.095,77.402,4.91,38.5,411,S1,Windows,18,15.43,0.8195036416940773,0.27684767461311055,-0.27967232433702693,-0.11241087871940603,56.17999999999999,0.5,404.39999999999964,0,0.4073220355034429,NORMAL,1.597167169924464,NORMAL,NORMAL,LOW
26-07-2026 15:54,CPU + Disk Stress,1,55.7,1200,75.1,3941.7,1.4,0.015,59.423,4.91,38.52,411,S1,Windows,18,15.43,0.792296662086253,0.21331593391932524,-0.21057516490655637,-0.2237034021974749,56.06,-0.7999999999999972,-154.69999999999982,0,0.38853949222247974,NORMAL,1.5545980029058821,NORMAL,NORMAL,LOW
26-07-2026 15:54,CPU + Disk Stress,1,55.9,1200,73.8,4141.0,1.4,0.134,54.466,4.92,38.6,411,S1,Windows,18,15.43,0.799098406988209,0.12154786402830278,-0.12155729887880713,-0.2543879251898987,56.0,0.19999999999999574,-199.30000000000018,0,0.3513829261186947,NORMAL,0.812674496257015,NORMAL,NORMAL,LOW
26-07-2026 15:54,CPU + Disk Stress,1,56.0,1200,75.5,3867.3,1.4,0.025,67.3,4.92,38.62,411,S1,Windows,18,15.43,0.8024992794391871,0.2415522631165634,-0.2438061194096397,-0.17494367098679867,56.02,0.10000000000000142,273.6999999999998,0,0.39696542084601283,NORMAL,1.3564389300302075,NORMAL,NORMAL,LOW
26-07-2026 15:55,CPU + Disk Stress,1,56.0,1200,74.8,3988.9,1.4,0.047,66.397,4.92,38.63,411,S1,Windows,18,15.43,0.8024992794391871,0.19213868702139714,-0.18949316151212695,-0.18053336722689517,56.02,0.0,-121.59999999999991,0,0.3723966956859797,NORMAL,1.5253538632771695,NORMAL,NORMAL,LOW
26-07-2026 15:55,CPU + Disk Stress,1,56.4,1200,74.0,4107.9,1.4,0.027,55.007,4.92,38.64,411,S1,Windows,18,15.43,0.8161027692430992,0.13566602862692187,-0.13634150041176513,-0.2510390595576814,56.0,0.3999999999999986,-118.99999999999955,0,0.36300675135489563,NORMAL,0.8902953968243256,NORMAL,NORMAL,LOW
26-07-2026 15:55,CPU + Disk Stress,1,56.1,1200,72.7,4318.4,1.4,0.005,61.556,4.92,38.65,411,S1,Windows,18,15.43,0.8059001518901652,0.043897958735899405,-0.042321125103981894,-0.21049983400242955,56.080000000000005,-0.29999999999999716,-210.5,0,0.30550362500910166,NORMAL,1.1401509410515895,NORMAL,NORMAL,LOW
26-07-2026 15:55,CPU + Disk Stress,1,56.3,1200,75.6,3861.8,1.4,0.132,86.19,4.92,38.65,411,S1,Windows,18,15.43,0.8127018967921211,0.24861134541587243,-0.24626270878822787,-0.058011930150227035,56.160000000000004,0.19999999999999574,456.59999999999945,0,0.3792489004500891,NORMAL,1.4272848626018764,NORMAL,NORMAL,LOW
26-07-2026 15:55,CPU + Disk Stress,1,56.5,1200,74.9,3963.0,1.4,0.003,66.594,4.92,38.66,411,S1,Windows,18,15.43,0.8195036416940773,0.19919776932070718,-0.20106146422220578,-0.17931390968614327,56.260000000000005,0.20000000000000284,-101.19999999999982,0,0.38168549808610513,NORMAL,1.2219664793272669,NORMAL,NORMAL,LOW
26-07-2026 15:55,CPU + Disk Stress,1,56.1,1200,74.1,4097.3,1.4,0.032,66.254,4.92,38.67,411,S1,Windows,18,15.43,0.8059001518901652,0.14272511092623089,-0.1410760181232257,-0.1814185572184055,56.279999999999994,-0.3999999999999986,-134.30000000000018,0,0.34908649391324503,NORMAL,1.1503342506398049,NORMAL,NORMAL,LOW
26-07-2026 15:55,CPU + Disk Stress,1,56.1,1200,73.1,4245.4,1.4,0.018,64.295,4.92,38.68,410,S1,Windows,18,15.43,0.8059001518901652,0.07213428793313655,-0.07492676594706112,-0.19354504108811668,56.220000000000006,0.0,-148.09999999999945,0,0.3171046933540261,NORMAL,1.5896739056799096,NORMAL,NORMAL,LOW
26-07-2026 15:55,CPU + Disk Stress,1,56.8,1200,75.6,3853.9,1.4,0.006,75.636,4.92,38.69,410,S1,Windows,18,15.43,0.8297062590470113,0.24861134541587243,-0.24979126444110908,-0.12334266560756833,56.36,0.6999999999999957,391.49999999999955,0,0.3981220673486006,NORMAL,1.0110553516752867,NORMAL,NORMAL,LOW
26-07-2026 15:55,CPU + Disk Stress,1,55.9,1200,74.6,4013.0,1.4,0.013,66.523,4.92,38.7,410,S1,Windows,18,15.43,0.799098406988209,0.17802052242277808,-0.17872883350776797,-0.17975340961199804,56.279999999999994,-0.8999999999999986,-159.0999999999999,0,0.3648321274472493,NORMAL,0.8742918039482959,NORMAL,NORMAL,LOW
26-07-2026 15:55,CPU + Disk Stress,1,55.9,1200,73.5,4193.2,1.4,0.012,56.271,4.92,38.71,410,S1,Windows,18,15.43,0.799098406988209,0.10037061713037468,-0.09824203241293412,-0.24321472284950635,56.160000000000004,0.0,-180.19999999999982,0,0.33813205828806314,NORMAL,1.3207071152957355,NORMAL,NORMAL,LOW
26-07-2026 15:55,CPU + Disk Stress,1,56.2,1200,73.1,4245.9,1.4,0.002,58.137,4.92,38.72,410,S1,Windows,18,15.43,0.8093010243411433,0.07213428793313655,-0.07470343963991674,-0.23166392198126692,56.17999999999999,0.30000000000000426,-52.69999999999982,0,0.3257040660065207,NORMAL,1.5016291937920505,NORMAL,NORMAL,LOW
26-07-2026 15:55,CPU + Disk Stress,1,56.4,1200,75.3,3900.0,1.4,0.04,74.848,4.92,38.73,410,S1,Windows,18,15.43,0.8161027692430992,0.22743409851794433,-0.22920057892239745,-0.12822049577057618,56.239999999999995,0.19999999999999574,345.89999999999964,0,0.3845452752669078,NORMAL,1.1848697262066974,NORMAL,NORMAL,LOW
26-07-2026 15:56,CPU + Disk Stress,1,56.4,1200,75.3,3909.5,1.4,1.487,51.331,4.92,38.74,410,S1,Windows,18,15.43,0.8161027692430992,0.22743409851794433,-0.22495737908665425,-0.273794013465317,56.160000000000004,0.0,-9.5,0,0.41281133883870735,NORMAL,1.4563337212690812,NORMAL,NORMAL,LOW
26-07-2026 15:56,CPU + Disk Stress,1,56.1,1200,74.0,4107.8,1.4,0.397,52.231,4.92,38.75,410,S1,Windows,18,15.43,0.8059001518901652,0.13566602862692187,-0.13638616567319375,-0.26822288764462277,56.2,-0.29999999999999716,-198.30000000000018,0,0.3633916648186894,NORMAL,0.8898634875603141,NORMAL,NORMAL,LOW
26-07-2026 15:56,CPU + Disk Stress,1,56.7,1200,76.6,3701.1,1.4,0.413,71.47,4.93,38.77,410,S1,Windows,18,15.43,0.8263053865960335,0.31920216840896676,-0.31803978390443116,-0.14913078801758195,56.36,0.6000000000000014,406.7000000000003,0,0.4370863808859027,NORMAL,1.0116338155262279,NORMAL,NORMAL,LOW
26-07-2026 15:56,CPU + Disk Stress,1,56.4,1200,74.8,3980.4,1.4,2.391,42.437,4.93,38.79,409,S1,Windows,18,15.43,0.8161027692430992,0.19213868702139714,-0.1932897087335814,-0.3288491168533778,56.4,-0.30000000000000426,-279.3000000000002,0,0.4069002019967407,NORMAL,1.0004946375181731,NORMAL,NORMAL,LOW
26-07-2026 15:56,CPU + Disk Stress,1,56.2,1200,77.1,3626.2,1.4,1.667,65.19,4.93,38.79,409,S1,Windows,18,15.43,0.8093010243411433,0.35449757990551395,-0.35149406471465905,-0.1880048659664263,56.36,-0.19999999999999574,354.2000000000003,0,0.4570393674102142,NORMAL,1.6788231211218492,NORMAL,NORMAL,LOW
26-07-2026 15:56,CPU + Disk Stress,1,56.3,1200,76.2,3759.7,1.4,0.153,60.903,4.93,38.8,409,S1,Windows,18,15.43,0.8127018967921211,0.29096583921172964,-0.2918659407071101,-0.21454199529233325,56.339999999999996,0.09999999999999432,-133.5,0,0.43238190800104387,NORMAL,0.922644052223131,NORMAL,NORMAL,LOW
26-07-2026 15:56,CPU + Disk Stress,1,56.7,1200,75.1,3939.6,1.4,0.083,52.386,4.96,38.84,409,S1,Windows,18,15.43,0.8263053865960335,0.21331593391932524,-0.21151313539656272,-0.2672634159755032,56.46,0.4000000000000057,-179.9000000000001,0,0.4076417064290208,NORMAL,1.2070970916980717,NORMAL,NORMAL,LOW
26-07-2026 15:56,CPU + Disk Stress,1,56.5,1200,77.3,3585.0,1.4,0.071,66.025,4.96,38.85,408,S1,Windows,18,15.43,0.8195036416940773,0.36861574450413304,-0.3698961524233557,-0.18283609923278213,56.42,-0.20000000000000284,354.5999999999999,0,0.46698226619069066,NORMAL,1.0336225928506715,NORMAL,NORMAL,LOW
26-07-2026 15:56,CPU + Disk Stress,1,56.2,1200,76.3,3744.8,1.4,0.25,61.433,4.96,38.86,408,S1,Windows,18,15.43,0.8093010243411433,0.29802492151103865,-0.2985210646600124,-0.21126122119792443,56.379999999999995,-0.29999999999999716,-159.80000000000018,0,0.4341542409272419,NORMAL,0.8448156316099757,NORMAL,NORMAL,LOW
26-07-2026 15:56,CPU + Disk Stress,1,56.2,1200,75.2,3915.8,1.4,0.168,55.315,4.97,38.88,408,S1,Windows,18,15.43,0.8093010243411433,0.22037501621863528,-0.222143467616635,-0.24913249649904382,56.38000000000001,0.0,-171.0,0,0.40315800499106935,NORMAL,1.1823622666887226,NORMAL,NORMAL,LOW
26-07-2026 15:56,CPU + Disk Stress,1,56.2,1200,76.3,3749.1,1.4,0.045,58.753,4.97,38.89,408,S1,Windows,18,15.43,0.8093010243411433,0.29802492151103865,-0.29660045841857086,-0.22785079586399173,56.36,0.0,166.70000000000027,0,0.43708803461216705,NORMAL,1.0676704286452392,NORMAL,NORMAL,LOW
26-07-2026 15:57,CPU + Disk Stress,1,56.6,1200,76.6,3692.5,1.4,0.14,69.249,4.97,38.9,407,S1,Windows,18,15.43,0.8229045141450554,0.31920216840896676,-0.32188099638731443,-0.16287908851509522,56.34000000000001,0.3999999999999986,56.59999999999991,0,0.4395840217466886,NORMAL,1.5393932033645379,NORMAL,NORMAL,LOW
26-07-2026 15:57,CPU + Disk Stress,1,56.9,1200,76.0,3795.7,1.4,0.106,52.702,4.98,39.82,407,S1,Windows,18,15.43,0.8331071314979894,0.27684767461311055,-0.27578644659271484,-0.26530733179845944,56.42,0.29999999999999716,-103.19999999999982,0,0.44120519751156484,NORMAL,0.9805536653095228,NORMAL,NORMAL,LOW
26-07-2026 15:57,CPU + Disk Stress,1,58.0,1200,77.0,3629.3,1.4,0.411,58.936,4.98,39.83,407,S1,Windows,18,15.43,0.870516728458748,0.34743849760620493,-0.3501094416103637,-0.22671800028045058,56.779999999999994,1.1000000000000014,166.39999999999964,0,0.48075205619764866,NORMAL,1.5641272382674742,NORMAL,NORMAL,LOW
26-07-2026 15:57,CPU + Disk Stress,1,57.0,1200,78.0,3473.2,1.4,0.12,81.322,4.98,39.84,407,S1,Windows,18,15.43,0.8365080039489675,0.41802932059929926,-0.4198319147008388,-0.08814553070038215,56.94,-1.0,156.10000000000036,0,0.4779566864447243,NORMAL,1.2232258022899478,NORMAL,NORMAL,LOW
26-07-2026 15:57,CPU + Disk Stress,1,57.4,1200,76.9,3658.3,1.4,0.545,69.417,4.99,39.86,408,S1,Windows,18,15.43,0.8501114937528796,0.34037941530689586,-0.3371565157959898,-0.16183914502856558,57.17999999999999,0.3999999999999986,-185.10000000000036,0,0.4569464048828437,NORMAL,1.794754580645476,NORMAL,NORMAL,LOW
26-07-2026 15:57,CPU + Disk Stress,1,57.4,1200,75.9,3808.6,1.4,0.094,64.543,5.0,39.88,408,S1,Windows,18,15.43,0.8501114937528796,0.26978859231380153,-0.2700246278683898,-0.19200988641752534,57.339999999999996,0.0,-150.29999999999973,0,0.4283769286771874,NORMAL,0.8589698894310549,NORMAL,NORMAL,LOW
26-07-2026 15:57,CPU + Disk Stress,1,56.9,1200,74.9,3968.7,1.4,0.04,63.904,5.0,39.9,409,S1,Windows,18,15.43,0.8331071314979894,0.19919776932070718,-0.19851554432075996,-0.19596538575021827,57.339999999999996,-0.5,-160.0999999999999,0,0.3885876562598046,NORMAL,0.9034178030308058,NORMAL,NORMAL,LOW
26-07-2026 15:57,CPU + Disk Stress,1,58.4,1200,77.0,3634.9,1.4,0.217,71.215,5.03,39.93,409,S1,Windows,18,15.43,0.88412021826266,0.34743849760620493,-0.34760818697034673,-0.1507092736667786,57.419999999999995,1.5,333.7999999999997,0,0.4691311068880845,NORMAL,0.8957682056911497,NORMAL,NORMAL,LOW
26-07-2026 15:57,CPU + Disk Stress,1,57.7,1200,76.2,3765.8,1.4,0.32,50.578,5.04,39.99,409,S1,Windows,18,15.43,0.8603141111058139,0.29096583921172964,-0.2891413597599485,-0.2784551887352979,57.56,-0.6999999999999957,-130.9000000000001,0,0.4589032947943123,NORMAL,1.236672121430857,NORMAL,NORMAL,LOW
26-07-2026 15:57,CPU + Disk Stress,1,57.0,1200,76.8,3667.7,1.4,0.047,53.102,5.04,40.0,409,S1,Windows,18,15.43,0.8365080039489675,0.33332033300758585,-0.33295798122167564,-0.2628312758781509,57.480000000000004,-0.7000000000000028,98.10000000000036,0,0.47010635250693134,NORMAL,0.8576348587445236,NORMAL,NORMAL,LOW
26-07-2026 15:57,CPU + Disk Stress,1,57.2,1200,78.0,3479.6,1.4,0.066,65.712,5.04,40.01,409,S1,Windows,18,15.43,0.8433097488509237,0.41802932059929926,-0.4169733379693907,-0.1847736129904236,57.44,0.20000000000000284,188.0999999999999,0,0.4987511110270298,NORMAL,1.0035449320137184,NORMAL,NORMAL,LOW
26-07-2026 15:58,CPU + Disk Stress,1,57.8,1200,76.5,3721.4,1.4,0.097,48.11,5.04,40.03,409,S1,Windows,18,15.43,0.8637149835567918,0.31214308610965774,-0.3089727358343693,-0.2937324537636017,57.620000000000005,0.5999999999999943,-241.80000000000018,0,0.47329845881952914,NORMAL,1.7683316313099326,NORMAL,NORMAL,LOW
26-07-2026 15:58,CPU + Disk Stress,1,57.2,1200,78.1,3461.5,1.4,0.124,64.829,5.04,40.04,409,S1,Windows,18,15.43,0.8433097488509237,0.42508840289860833,-0.4250577502880172,-0.1902395064345048,57.379999999999995,-0.5999999999999943,259.9000000000001,0,0.503578896869364,NORMAL,0.8598418011170665,NORMAL,NORMAL,LOW
26-07-2026 15:58,CPU + Disk Stress,1,57.1,1200,76.2,3765.2,1.4,0.02,50.256,5.04,40.05,409,S1,Windows,18,15.43,0.8399088763999456,0.29096583921172964,-0.2894093513285219,-0.28044841375114626,57.260000000000005,-0.10000000000000142,-303.6999999999998,0,0.4532339676994362,NORMAL,1.1312935492805207,NORMAL,NORMAL,LOW
26-07-2026 15:58,CPU + Disk Stress,1,57.7,1200,74.5,4028.5,1.4,0.089,48.085,5.04,40.06,410,S1,Windows,18,15.43,0.8603141111058139,0.17096144012346903,-0.17180571798629224,-0.29388720725862094,57.4,0.6000000000000014,-263.3000000000002,0,0.4025212504177675,NORMAL,0.9620037463127056,NORMAL,NORMAL,LOW
26-07-2026 15:58,CPU + Disk Stress,1,57.2,1200,77.3,3593.2,1.4,0.03,70.847,5.04,40.09,410,S1,Windows,18,15.43,0.8433097488509237,0.36861574450413304,-0.366233600986188,-0.15298724511346254,57.4,-0.5,435.3000000000002,0,0.46742181722644716,NORMAL,1.446798381638685,NORMAL,NORMAL,LOW
26-07-2026 15:58,CPU + Disk Stress,1,57.9,1200,76.2,3766.9,1.4,0.105,47.398,5.05,40.16,411,S1,Windows,18,15.43,0.8671158560077699,0.29096583921172964,-0.2886500418842309,-0.2981398333017509,57.42,0.6999999999999957,-173.70000000000027,0,0.4647824836030462,NORMAL,1.4218548030385696,NORMAL,NORMAL,LOW
26-07-2026 15:58,CPU + Disk Stress,1,57.4,1200,75.5,3872.8,1.4,0.098,50.238,5.06,40.18,409,S1,Windows,18,15.43,0.8501114937528796,0.2415522631165634,-0.24134953003105153,-0.28055983626756015,57.46,-0.5,-105.90000000000009,0,0.43188100032055526,NORMAL,0.8572646776205365,NORMAL,NORMAL,LOW
26-07-2026 15:58,CPU + Disk Stress,1,57.4,1200,77.0,3637.4,1.4,0.054,65.62,5.07,40.23,408,S1,Windows,18,15.43,0.8501114937528796,0.34743849760620493,-0.34649155543462484,-0.18534310585209457,57.52,0.0,235.4000000000001,0,0.4656319296650692,NORMAL,0.9745672046417393,NORMAL,NORMAL,LOW
26-07-2026 15:58,CPU + Disk Stress,1,56.9,1200,75.9,3814.6,1.4,0.108,46.142,5.07,40.25,409,S1,Windows,18,15.43,0.8331071314979894,0.26978859231380153,-0.26734471218265726,-0.30591464889151976,57.36,-0.5,-177.19999999999982,0,0.4455205893583727,NORMAL,1.4515693069477789,NORMAL,NORMAL,LOW
26-07-2026 15:58,CPU + Disk Stress,1,57.4,1200,77.9,3495.1,1.4,0.182,62.354,5.08,40.28,409,S1,Windows,18,15.43,0.8501114937528796,0.41097023829999024,-0.410050222447915,-0.20556010244141396,57.4,0.5,319.5,0,0.5014465845937267,NORMAL,0.9738326439414298,NORMAL,NORMAL,LOW
26-07-2026 15:58,CPU + Disk Stress,1,57.3,1200,76.8,3663.5,1.4,0.034,54.917,5.09,40.3,409,S1,Windows,18,15.43,0.8467106213019016,0.33332033300758585,-0.33483392220168834,-0.25159617213975083,57.279999999999994,-0.10000000000000142,-168.4000000000001,0,0.47129530516113405,NORMAL,1.1237975789382992,NORMAL,NORMAL,LOW
26-07-2026 15:59,CPU + Disk Stress,1,57.7,1200,75.3,3905.1,1.4,0.048,49.03,5.1,40.33,409,S1,Windows,18,15.43,0.8603141111058139,0.22743409851794433,-0.22692265058952482,-0.288037525146892,57.339999999999996,0.4000000000000057,-241.5999999999999,0,0.42931649803441085,NORMAL,0.8979203824243082,NORMAL,NORMAL,LOW
26-07-2026 15:59,CPU + Disk Stress,1,57.8,1200,77.7,3531.6,1.4,0.014,70.888,5.1,40.34,409,S1,Windows,18,15.43,0.8637149835567918,0.39685207370137116,-0.39374740202637537,-0.15273344938163086,57.42,0.09999999999999432,373.5,0,0.48746628745905013,NORMAL,1.755273634078023,NORMAL,NORMAL,LOW
26-07-2026 15:59,CPU + Disk Stress,1,57.5,1200,76.5,3712.2,1.4,0.073,57.607,5.1,40.34,408,S1,Windows,18,15.43,0.8535123662038577,0.31214308610965774,-0.313081939885826,-0.23494469607567578,57.54,-0.29999999999999716,-180.5999999999999,0,0.45930196288635494,NORMAL,0.9679204141760288,NORMAL,NORMAL,LOW
26-07-2026 15:59,CPU + Disk Stress,1,57.0,1200,75.1,3941.6,1.4,0.105,57.727,5.1,40.36,409,S1,Windows,18,15.43,0.8365080039489675,0.21331593391932524,-0.21061983016798522,-0.23420187929958322,57.46,-0.5,-229.4000000000001,0,0.4039115232540015,NORMAL,1.560022703594385,NORMAL,NORMAL,LOW
26-07-2026 15:59,CPU + Disk Stress,1,58.6,1200,76.7,3681.4,1.4,0.266,70.348,5.13,40.37,408,S1,Windows,18,15.43,0.8909219631646162,0.32626125070827683,-0.32683884040591954,-0.15607612487404746,57.720000000000006,1.6000000000000014,260.1999999999998,0,0.4617379572178613,NORMAL,0.9381553560534124,NORMAL,NORMAL,LOW
26-07-2026 15:59,CPU + Disk Stress,1,58.6,1200,76.5,3709.7,1.4,0.542,64.793,5.13,40.38,408,S1,Windows,18,15.43,0.8909219631646162,0.31214308610965774,-0.3141985714215479,-0.19046235146733248,57.9,0.0,-28.299999999999727,0,0.4618516993600583,NORMAL,1.3371187198761108,NORMAL,NORMAL,LOW
26-07-2026 15:59,CPU + Disk Stress,1,57.1,1200,75.4,3894.1,1.4,0.054,59.85,5.2,45.86,409,S1,Windows,18,15.43,0.8399088763999456,0.23449318081725434,-0.23183582934670113,-0.2210602125025455,57.760000000000005,-1.5,-184.4000000000001,0,0.4128998255350093,NORMAL,1.5462432425537147,NORMAL,NORMAL,LOW
26-07-2026 15:59,CPU + Disk Stress,1,61.1,1200,73.8,4137.6,1.4,0.043,47.624,5.21,45.89,408,S1,Windows,18,15.43,0.9759437744390672,0.12154786402830278,-0.12307591776738874,-0.29674086170677655,58.480000000000004,4.0,-243.50000000000045,0,0.41321084743504405,NORMAL,1.243747044490696,NORMAL,NORMAL,LOW
26-07-2026 15:59,CPU + Disk Stress,1,60.7,1200,76.1,3785.2,1.4,0.091,68.414,5.22,45.98,408,S1,Windows,18,15.43,0.9623402846351551,0.2839067569124196,-0.2804762990427468,-0.1680478552487393,59.220000000000006,-0.3999999999999986,352.40000000000055,0,0.46357894332256966,NORMAL,1.9403634173282254,NORMAL,NORMAL,LOW
26-07-2026 15:59,CPU + Disk Stress,1,56.8,1200,74.7,4000.0,1.4,0.104,48.501,5.22,45.98,408,S1,Windows,18,15.43,0.8297062590470113,0.18507960472208812,-0.18453531749352178,-0.29131210910150007,58.86,-3.9000000000000057,-214.80000000000018,0,0.3996052444497342,NORMAL,0.8765288489556635,NORMAL,NORMAL,LOW
26-07-2026 15:59,CPU + Disk Stress,1,56.7,1200,76.8,3674.6,1.4,0.031,61.489,5.22,45.99,408,S1,Windows,18,15.43,0.8263053865960335,0.33332033300758585,-0.3298760781830832,-0.21091457336908123,58.48,-0.09999999999999432,325.4000000000001,0,0.45604584619151867,NORMAL,1.8740830123033003,NORMAL,NORMAL,LOW
26-07-2026 16:00,CPU + Disk Stress,1,57.2,1200,75.8,3826.4,1.4,0.046,60.504,5.22,46.0,408,S1,Windows,18,15.43,0.8433097488509237,0.2627295100144915,-0.2620742113340499,-0.21701186107284104,58.5,0.5,-151.80000000000018,0,0.42762899214100275,NORMAL,0.9034575531274286,NORMAL,NORMAL,LOW
26-07-2026 16:00,CPU + Disk Stress,1,56.7,1200,74.3,4064.0,1.4,0.029,49.507,5.23,46.02,407,S1,Windows,18,15.43,0.8263053865960335,0.15684327552484997,-0.15594955017904139,-0.28508482846192407,57.620000000000005,-0.5,-237.5999999999999,0,0.3831514743644582,NORMAL,0.9417913405275389,NORMAL,NORMAL,LOW
26-07-2026 16:00,CPU + Disk Stress,1,57.0,1200,76.6,3706.1,1.4,0.05,70.687,5.23,46.03,407,S1,Windows,18,15.43,0.8365080039489675,0.31920216840896676,-0.3158065208329874,-0.15397766748158595,56.879999999999995,0.29999999999999716,357.9000000000001,0,0.44066988937029494,NORMAL,1.862933307548747,NORMAL,NORMAL,LOW
26-07-2026 16:00,CPU + Disk Stress,1,58.2,1200,76.0,3788.8,1.4,0.044,49.135,5.23,46.04,408,S1,Windows,18,15.43,0.8773184733607041,0.27684767461311055,-0.2788683496313071,-0.287387560467811,57.160000000000004,1.2000000000000028,-82.70000000000027,0,0.459501026411968,NORMAL,1.3195005693918669,NORMAL,NORMAL,LOW
26-07-2026 16:00,CPU + Disk Stress,1,58.5,1200,76.3,3752.4,1.4,0.202,48.891,5.4,48.1,408,S1,Windows,18,15.43,0.8875210907136382,0.29802492151103865,-0.29512650479141783,-0.28889795457919926,57.52,0.29999999999999716,36.40000000000009,0,0.47246869554152643,NORMAL,1.6669347838231692,NORMAL,NORMAL,LOW
26-07-2026 16:00,CPU + Disk Stress,1,66.0,1200,79.3,3264.5,1.4,0.26,67.306,5.58,50.79,408,S1,Windows,18,15.43,1.1425865245369913,0.5097973904903217,-0.5130483153029022,-0.17490653014799404,59.279999999999994,7.5,487.9000000000001,0,0.6333061435983732,NORMAL,1.9534948194621748,NORMAL,NORMAL,LOW
26-07-2026 16:00,CPU + Disk Stress,1,62.7,1200,76.3,3748.8,1.4,0.275,36.948,5.64,52.53,408,S1,Windows,18,15.43,1.0303577336547158,0.29802492151103865,-0.2967344542028573,-0.362826794219812,60.48,-3.299999999999997,-484.3000000000002,0,0.5304270462342602,NORMAL,1.2079084854976636,NORMAL,NORMAL,LOW
26-07-2026 16:00,CPU + Disk Stress,1,64.5,1200,77.3,3593.4,1.4,0.169,61.36,5.67,53.76,408,S1,Windows,18,15.43,1.0915734377723205,0.36861574450413304,-0.36614427046333015,-0.21171310140338073,61.98,1.7999999999999972,155.4000000000001,0,0.5536282290562783,NORMAL,1.6355743150632684,NORMAL,NORMAL,LOW
26-07-2026 16:00,CPU + Disk Stress,1,56.7,1200,75.8,3828.7,1.4,0.026,47.636,5.68,53.77,408,S1,Windows,18,15.43,0.8263053865960335,0.2627295100144915,-0.2610469103211859,-0.2966665800291673,61.67999999999999,-7.799999999999997,-235.29999999999973,0,0.43825316705322814,NORMAL,1.1632999913510635,NORMAL,NORMAL,LOW
26-07-2026 16:00,CPU + Disk Stress,1,56.7,1200,74.2,4085.3,1.4,0.467,52.136,5.69,54.64,407,S1,Windows,18,15.43,0.8263053865960335,0.14978419322554093,-0.1464358494946908,-0.26881095092569607,61.32000000000001,0.0,-256.60000000000036,0,0.3758762340305497,NORMAL,1.8323276342165065,NORMAL,NORMAL,LOW
26-07-2026 16:00,CPU + Disk Stress,1,56.5,1200,76.6,3691.0,1.4,0.018,71.795,5.71,55.21,407,S1,Windows,18,15.43,0.8195036416940773,0.31920216840896676,-0.32255097530874755,-0.14711899258233122,59.42,-0.20000000000000284,394.3000000000002,0,0.435545736609129,NORMAL,1.8211153179334354,NORMAL,NORMAL,LOW
26-07-2026 16:01,CPU + Disk Stress,1,57.0,1200,75.5,3866.1,1.4,1.03,50.701,5.74,55.98,406,S1,Windows,18,15.43,0.8365080039489675,0.2415522631165634,-0.24434210254678632,-0.277693801539803,58.28000000000001,0.5,-175.0999999999999,0,0.42782526093697715,NORMAL,1.5970753437052116,NORMAL,NORMAL,LOW
26-07-2026 16:01,CPU + Disk Stress,1,57.0,1200,74.2,4083.4,1.4,0.014,51.222,5.76,56.62,407,S1,Windows,18,15.43,0.8365080039489675,0.14978419322554093,-0.14728448946183947,-0.2744687387036011,56.78000000000001,0.0,-217.30000000000018,0,0.38023830478544063,NORMAL,1.482668732100182,NORMAL,NORMAL,LOW
26-07-2026 16:01,CPU + Disk Stress,1,57.9,1200,77.0,3631.4,1.4,0.133,81.396,5.78,57.05,409,S1,Windows,18,15.43,0.8671158560077699,0.34743849760620493,-0.3491714711203574,-0.08768746035512508,57.02,0.8999999999999986,452.0,0,0.4517380923792889,NORMAL,1.2141622331853483,NORMAL,NORMAL,LOW
26-07-2026 16:01,CPU + Disk Stress,1,56.8,1200,76.0,3792.2,1.4,0.088,61.237,5.8,58.01,409,S1,Windows,18,15.43,0.8297062590470113,0.27684767461311055,-0.27734973074272545,-0.2124744885988756,57.04,-1.1000000000000014,-160.79999999999973,0,0.4299310239663568,NORMAL,0.8644677110110031,NORMAL,NORMAL,LOW
26-07-2026 16:01,CPU + Disk Stress,1,56.5,1200,75.2,3919.5,1.4,0.034,61.047,5.81,58.57,409,S1,Windows,18,15.43,0.8195036416940773,0.22037501621863528,-0.2204908529437667,-0.21365061516102218,57.04,-0.29999999999999716,-127.30000000000018,0,0.3987918909947715,NORMAL,0.8230824301305603,NORMAL,NORMAL,LOW
26-07-2026 16:01,CPU + Disk Stress,1,56.6,1200,74.1,4087.5,1.4,0.01,61.081,5.83,59.13,408,S1,Windows,18,15.43,0.8229045141450554,0.14272511092623089,-0.1454532137432556,-0.21344015040779593,56.96,0.10000000000000142,-168.0,0,0.3614675603515962,NORMAL,1.565290246135147,NORMAL,NORMAL,LOW
26-07-2026 16:01,CPU + Disk Stress,1,58.8,1200,77.1,3622.6,1.4,0.016,80.799,5.83,59.14,408,S1,Windows,18,15.43,0.8977237080665721,0.35449757990551395,-0.35310201412609854,-0.09138297381618557,57.32000000000001,2.1999999999999957,464.9000000000001,0,0.4645633839800826,NORMAL,1.1493384081052493,NORMAL,NORMAL,LOW
26-07-2026 16:01,CPU + Disk Stress,1,58.0,1200,76.6,3700.6,1.4,0.037,48.242,5.91,61.14,408,S1,Windows,18,15.43,0.870516728458748,0.31920216840896676,-0.3182631102115755,-0.29291535530989987,57.339999999999996,-0.7999999999999972,-78.0,0,0.4791513621646094,NORMAL,0.9842939371500031,NORMAL,NORMAL,LOW
26-07-2026 16:01,CPU + Disk Stress,1,60.0,1200,76.1,3771.5,1.4,0.012,48.196,5.93,61.15,410,S1,Windows,18,15.43,0.9385341774783087,0.2839067569124196,-0.28659543985850267,-0.29320010174073535,57.98,2.0,-70.90000000000009,0,0.4826913886370661,NORMAL,1.6111306286780251,NORMAL,NORMAL,LOW
26-07-2026 16:01,CPU + Disk Stress,1,64.3,1200,76.8,3661.3,1.4,0.092,59.011,5.97,62.94,408,S1,Windows,18,15.43,1.0847716928703643,0.33332033300758585,-0.33581655795312354,-0.2262537397953927,59.54,4.299999999999997,110.19999999999982,0,0.5378416673130884,NORMAL,1.62552903088055,NORMAL,NORMAL,LOW
26-07-2026 16:01,CPU + Disk Stress,1,57.4,1200,75.3,3910.3,1.4,0.03,46.836,5.99,63.6,407,S1,Windows,18,15.43,0.8501114937528796,0.22743409851794433,-0.22460005699522317,-0.30161869186978446,59.7,-6.899999999999999,-249.0,0,0.42850742745424875,NORMAL,1.6206783208608309,NORMAL,NORMAL,LOW
26-07-2026 16:02,CPU + Disk Stress,1,57.6,1200,77.1,3616.4,1.4,0.075,70.39,6.03,64.34,408,S1,Windows,18,15.43,0.8569132386548358,0.35449757990551395,-0.35587126033468874,-0.15581613900241503,59.459999999999994,0.20000000000000284,293.9000000000001,0,0.46576072543552566,NORMAL,1.0890196288291598,NORMAL,NORMAL,LOW
26-07-2026 16:02,CPU + Disk Stress,1,57.4,1200,76.1,3777.3,1.4,0.096,45.777,6.05,65.75,409,S1,Windows,18,15.43,0.8501114937528796,0.2839067569124196,-0.2840048546956278,-0.3081740499188013,59.339999999999996,-0.20000000000000284,-160.9000000000001,0,0.4586412561224756,NORMAL,0.8542298512794868,NORMAL,NORMAL,LOW
26-07-2026 16:02,CPU + Disk Stress,1,54.2,1200,74.3,4067.4,1.4,0.025,49.869,6.06,66.19,408,S1,Windows,18,15.43,0.7412835753215824,0.15684327552484997,-0.15443093129045957,-0.2828439978540448,58.17999999999999,-3.1999999999999957,-290.0999999999999,0,0.3568930410828306,NORMAL,1.3907601702077557,NORMAL,NORMAL,LOW
26-07-2026 16:02,CPU + Disk Stress,1,57.3,1200,76.7,3681.4,1.4,0.028,76.18,6.09,67.44,408,S1,Windows,18,15.43,0.8467106213019016,0.32626125070827683,-0.32683884040591954,-0.11997522955594862,56.779999999999994,3.0999999999999943,386.0,0,0.44125437559542713,NORMAL,0.8996447922341653,NORMAL,NORMAL,LOW
26-07-2026 16:02,CPU + Disk Stress,1,57.5,1200,75.5,3875.1,1.4,0.055,59.688,6.12,68.19,407,S1,Windows,18,15.43,0.8535123662038577,0.2415522631165634,-0.2403222290181875,-0.2220630151502705,56.8,0.20000000000000284,-193.69999999999982,0,0.420996437629818,NORMAL,1.0458164079716443,NORMAL,NORMAL,LOW
26-07-2026 16:02,CPU + Disk Stress,1,62.7,1200,73.8,4133.3,1.4,0.656,47.41,6.15,68.6,407,S1,Windows,18,15.43,1.0303577336547158,0.12154786402830278,-0.12499652400883048,-0.29806555162414167,57.82000000000001,5.200000000000003,-258.2000000000003,0,0.4301840944315,NORMAL,1.980807640335349,NORMAL,NORMAL,LOW
26-07-2026 16:02,CPU + Disk Stress,1,83.8,1200,75.6,3861.3,1.4,0.142,19.078,6.18,68.89,415,S1,Windows,18,15.43,1.7479418208110824,0.24861134541587243,-0.24648603509537223,-0.47344459245959675,63.1,21.099999999999994,272.0,0,0.7429520753790801,NORMAL,2.06350368918844,NORMAL,CPU,LOW
26-07-2026 16:02,CPU + Disk Stress,1,79.9,1200,77.0,3632.8,1.4,0.11,36.518,6.21,69.12,423,S1,Windows,18,15.43,1.615307795222939,0.34743849760620493,-0.3485461574603531,-0.3654885543341437,68.24000000000001,-3.8999999999999915,228.5,0,0.7316308302076425,NORMAL,1.7135625971443564,NORMAL,CPU,LOW
26-07-2026 16:02,CPU + Disk Stress,1,58.6,1200,75.5,3871.1,1.4,0.018,41.051,6.25,69.69,424,S1,Windows,18,15.43,0.8909219631646162,0.2415522631165634,-0.24210883947534254,-0.337428650617247,68.5,-21.300000000000004,-238.29999999999973,0,0.4556497659028718,NORMAL,0.9374610308167022,NORMAL,NORMAL,LOW
26-07-2026 16:02,CPU + Disk Stress,1,57.7,1200,77.6,3538.8,1.4,0.03,65.011,6.26,69.71,424,S1,Windows,18,15.43,0.8603141111058139,0.38979299140206114,-0.3905315032034962,-0.1891129009907644,68.53999999999999,-0.8999999999999986,332.2999999999997,0,0.4909610115912146,NORMAL,0.9393030589222202,NORMAL,NORMAL,LOW
26-07-2026 16:03,CPU + Disk Stress,1,55.7,1200,76.1,3772.2,1.4,0.023,46.014,6.29,70.19,424,S1,Windows,18,15.43,0.792296662086253,0.2839067569124196,-0.2862827830285006,-0.3067069867860185,67.14000000000001,-2.0,-233.39999999999964,0,0.4414589796625056,NORMAL,1.4087448910841778,NORMAL,NORMAL,LOW
26-07-2026 16:03,CPU + Disk Stress,1,56.5,1200,74.4,4047.7,1.4,0.052,42.939,6.32,70.77,424,S1,Windows,18,15.43,0.8195036416940773,0.16390235782416002,-0.1632299877919482,-0.32574166667339055,61.68000000000001,0.7999999999999972,-275.5,0,0.39281613074853894,NORMAL,0.8919253836492285,NORMAL,NORMAL,LOW
26-07-2026 16:03,CPU + Disk Stress,1,57.2,1200,77.0,3630.1,1.4,0.015,71.013,6.33,70.78,424,S1,Windows,18,15.43,0.8433097488509237,0.34743849760620493,-0.34975211951893287,-0.15195968190653442,57.14,0.7000000000000028,417.5999999999999,0,0.45756683422223204,NORMAL,1.406036144985413,NORMAL,NORMAL,LOW
26-07-2026 16:03,CPU + Disk Stress,1,57.1,1200,76.3,3749.8,1.4,0.029,59.404,6.35,71.64,424,S1,Windows,18,15.43,0.8399088763999456,0.29802492151103865,-0.2962878015885686,-0.22382101485368955,56.84000000000001,-0.10000000000000142,-119.70000000000027,0,0.4454019026617469,NORMAL,1.194489271209207,NORMAL,NORMAL,LOW
26-07-2026 16:03,CPU + Disk Stress,1,56.9,1200,75.0,3947.3,1.4,0.098,54.558,6.38,72.12,424,S1,Windows,18,15.43,0.8331071314979894,0.20625685162001622,-0.20807391026653918,-0.25381843232822776,56.67999999999999,-0.20000000000000284,-197.5,0,0.4041876634543551,NORMAL,1.2167141197344782,NORMAL,NORMAL,LOW
26-07-2026 16:03,CPU + Disk Stress,1,57.6,1200,77.5,3558.5,1.4,0.122,75.631,6.41,73.09,424,S1,Windows,18,15.43,0.8569132386548358,0.38273390910275207,-0.3817324467020078,-0.12337361630657216,57.06,0.7000000000000028,388.8000000000002,0,0.47291535692899234,NORMAL,1.0050082775105613,NORMAL,NORMAL,LOW
26-07-2026 16:03,CPU + Disk Stress,1,58.0,1200,76.9,3643.3,1.4,0.127,54.055,6.44,73.53,423,S1,Windows,18,15.43,0.870516728458748,0.34037941530689586,-0.34385630501032116,-0.25693207264801576,57.36,0.3999999999999986,-84.80000000000018,0,0.48342651866136044,NORMAL,1.903979914467619,NORMAL,NORMAL,LOW
26-07-2026 16:03,CPU + Disk Stress,1,56.6,1200,75.3,3897.5,1.4,0.136,54.419,6.48,73.96,423,S1,Windows,18,15.43,0.8229045141450554,0.22743409851794433,-0.23031721045811934,-0.254678861760535,57.239999999999995,-1.3999999999999986,-254.19999999999982,0,0.4121007982426308,NORMAL,1.6276545217701521,NORMAL,NORMAL,LOW
26-07-2026 16:03,CPU + Disk Stress,1,56.9,1200,77.3,3590.4,1.4,0.049,61.081,6.5,74.59,424,S1,Windows,18,15.43,0.8331071314979894,0.36861574450413304,-0.3674842283061964,-0.21344015040779593,57.2,0.29999999999999716,307.0999999999999,0,0.4767017385434352,NORMAL,1.0061185802786783,NORMAL,NORMAL,LOW
26-07-2026 16:03,CPU + Disk Stress,1,57.3,1200,75.7,3835.0,1.4,0.066,42.529,6.51,74.61,424,S1,Windows,18,15.43,0.8467106213019016,0.25567042771518245,-0.25823299885116663,-0.3282796239917068,57.279999999999994,0.3999999999999986,-244.5999999999999,0,0.4480168392736999,NORMAL,1.5145128507002443,NORMAL,NORMAL,LOW
26-07-2026 16:03,CPU + Disk Stress,1,56.7,1200,77.6,3535.5,1.4,0.119,55.456,6.53,75.3,425,S1,Windows,18,15.43,0.8263053865960335,0.38979299140206114,-0.3920054568306492,-0.248259686787135,57.1,-0.5999999999999943,299.5,0,0.4928825421229852,NORMAL,1.3636967957629627,NORMAL,NORMAL,LOW
26-07-2026 16:04,CPU + Disk Stress,1,58.2,1200,76.8,3666.2,1.4,0.012,46.458,6.55,75.31,424,S1,Windows,18,15.43,0.8773184733607041,0.33332033300758585,-0.3336279601431088,-0.303958564714476,57.14,1.5,-130.69999999999982,0,0.49070894688200395,NORMAL,0.8935572581202675,NORMAL,NORMAL,LOW
26-07-2026 16:07,CPU + Memory Stress,1,87.4,1200,98.8,195.2,1.4,8.595,0.71,7.36,79.91,456,S1,Windows,18,15.43,1.8703732290462922,1.8863184388556615,-1.8839591843393826,-0.5871450803201658,63.3,29.200000000000003,3471.0,0,1.621228353302496,ANOMALY,2.576735673905423,NORMAL,COMBINED,HIGH
26-07-2026 16:07,CPU + Memory Stress,1,89.0,1200,98.9,167.1,1.4,0.919,0.233,7.36,79.93,458,S1,Windows,18,15.43,1.9247871882619407,1.8933775211549717,-1.8965101228008963,-0.5900977770051337,69.72,1.5999999999999943,28.099999999999994,0,1.6427709927862797,ANOMALY,2.8018207161090674,WARNING,COMBINED,HIGH
26-07-2026 16:07,CPU + Memory Stress,1,86.5,1200,87.2,2030.3,1.4,5.282,0.267,7.37,79.95,466,S1,Windows,18,15.43,1.8397653769874895,1.0674648921357675,-1.0643069718580853,-0.5898873122519075,75.56,-2.5,-1863.2,0,1.2030079375589757,NORMAL,2.447766697993341,NORMAL,COMBINED,LOW
26-07-2026 16:07,CPU + Memory Stress,1,74.6,1200,91.5,1351.2,1.4,3.141,0.358,7.61,84.42,466,S1,Windows,18,15.43,1.4350615553211026,1.371005431006073,-1.36762876222158,-0.5893240095300373,79.14000000000001,-11.900000000000006,679.0999999999999,0,1.233210650248476,NORMAL,2.3826481076812254,NORMAL,COMBINED,LOW
26-07-2026 16:07,CPU + Memory Stress,1,70.1,1200,91.3,1373.6,1.4,4.122,1.25,7.75,88.05,465,S1,Windows,18,15.43,1.2820222950270908,1.356887266407454,-1.3576237436615117,-0.5838024048277491,81.52,-4.5,-22.399999999999864,0,1.1799580981282156,NORMAL,1.685740438802781,NORMAL,COMBINED,LOW
26-07-2026 16:07,CPU + Memory Stress,1,69.5,1200,92.0,1266.7,1.4,1.036,0.541,7.76,88.07,465,S1,Windows,18,15.43,1.2616170603212227,1.4063008425026202,-1.40537090812898,-0.5881912139464961,77.94,-0.5999999999999943,106.89999999999986,0,1.199087795262248,NORMAL,1.7216868448836706,NORMAL,MEMORY,LOW
26-07-2026 16:07,CPU + Memory Stress,1,69.2,1200,92.2,1227.5,1.4,0.493,0.582,7.77,88.09,465,S1,Windows,18,15.43,1.2514144429682885,1.4204190071012393,-1.422879690609099,-0.5879374182146645,73.97999999999999,-0.29999999999999716,39.200000000000045,0,1.203713456785611,NORMAL,2.067549213148553,NORMAL,MEMORY,LOW
26-07-2026 16:07,CPU + Memory Stress,1,69.4,1200,96.5,547.6,1.4,2.3,29.267,7.78,88.12,465,S1,Windows,18,15.43,1.2582161878702447,1.7239595459715449,-1.7265588030640246,-0.41037325802953706,70.56,0.20000000000000284,679.9,0,1.3220391323712493,WARNING,2.2687751986550957,NORMAL,MEMORY,WARNING
26-07-2026 16:07,CPU + Memory Stress,1,73.0,1200,96.0,632.7,1.4,0.725,49.642,7.91,92.5,465,S1,Windows,18,15.43,1.380647596105454,1.6886641344749975,-1.6885486655880515,-0.2842491595888199,70.24,3.5999999999999943,-85.10000000000002,0,1.3153530842095098,WARNING,1.9058224343632946,NORMAL,COMBINED,WARNING
26-07-2026 16:07,CPU + Memory Stress,1,69.2,1200,95.0,788.4,1.4,1.19,0.316,7.94,94.46,468,S1,Windows,18,15.43,1.2514144429682885,1.6180733114819033,-1.619004853543292,-0.5895839954016696,70.06,-3.799999999999997,-155.69999999999993,0,1.3025640961240499,NORMAL,1.8745212055457077,NORMAL,MEMORY,LOW
26-07-2026 16:08,CPU + Memory Stress,1,69.3,1200,82.7,2732.4,1.4,0.69,0.275,7.96,94.5,466,S1,Windows,18,15.43,1.2548153154192665,0.7498061886668429,-0.7507121713659495,-0.5898377911335013,70.02000000000001,0.09999999999999432,-1944.0,0,0.869496443725723,NORMAL,1.4063540362647935,NORMAL,MEMORY,LOW
26-07-2026 16:08,CPU + Memory Stress,1,70.0,1200,84.3,2479.4,1.4,0.705,0.173,7.96,94.51,466,S1,Windows,18,15.43,1.2786214225761128,0.8627515054557935,-0.8637152827810048,-0.5904691853931799,70.17999999999999,0.7000000000000028,253.0,0,0.9332487720444087,NORMAL,1.468427898029884,NORMAL,MEMORY,LOW
26-07-2026 16:08,CPU + Memory Stress,1,70.1,1200,85.7,2256.3,1.4,1.658,0.187,7.96,94.52,466,S1,Windows,18,15.43,1.2820222950270908,0.961578657646126,-0.9633634810288264,-0.5903825234359692,70.32000000000001,0.09999999999999432,223.0999999999999,0,0.9838294866949243,NORMAL,1.68037735029491,NORMAL,COMBINED,LOW
26-07-2026 16:08,CPU + Memory Stress,1,68.8,1200,86.2,2187.2,1.4,0.725,0.162,7.96,94.53,467,S1,Windows,18,15.43,1.2378109531643762,0.9968740691426732,-0.9942271766761797,-0.5905372769309885,69.47999999999999,-1.2999999999999972,69.10000000000036,0,0.9873583974135484,NORMAL,1.9010397300214634,NORMAL,MEMORY,LOW
26-07-2026 16:08,CPU + Memory Stress,1,69.6,1200,88.2,1858.3,1.4,0.693,0.214,7.97,94.55,467,S1,Windows,18,15.43,1.2650179327722004,1.138055715128862,-1.1411312215157514,-0.5902153896613483,69.56,0.7999999999999972,328.89999999999986,0,1.0671914166057388,NORMAL,2.134931587799925,NORMAL,MEMORY,LOW
26-07-2026 16:08,CPU + Memory Stress,1,68.6,1200,88.4,1837.9,1.4,0.731,0.628,7.97,94.55,467,S1,Windows,18,15.43,1.23100920826242,1.152173879727481,-1.150242934847242,-0.587652671783829,69.41999999999999,-1.0,20.399999999999864,0,1.0625340477231846,NORMAL,1.7525059539420198,NORMAL,MEMORY,LOW
26-07-2026 16:08,CPU + Memory Stress,1,69.0,1200,88.8,1772.0,1.4,0.647,0.195,7.98,94.6,467,S1,Windows,18,15.43,1.2446126980663323,1.1804102089247182,-1.1796773421288713,-0.590333002317563,69.22,0.4000000000000057,65.90000000000009,0,1.081508940986602,NORMAL,1.5525804264865628,NORMAL,MEMORY,LOW
26-07-2026 16:08,CPU + Memory Stress,1,70.5,1200,90.2,1555.8,1.4,0.958,0.155,7.98,94.61,466,S1,Windows,18,15.43,1.295625784831003,1.2792373611150505,-1.2762436373381003,-0.5905806079095939,69.3,1.5,216.20000000000005,0,1.145823792833355,NORMAL,2.1547329342483725,NORMAL,COMBINED,LOW
26-07-2026 16:08,CPU + Memory Stress,1,70.3,1200,93.1,1085.5,1.4,0.593,0.166,7.98,94.62,466,S1,Windows,18,15.43,1.288824039929047,1.4839507477950236,-1.4863043618381024,-0.5905125163717854,69.6,-0.20000000000000284,470.29999999999995,0,1.2471958119591986,NORMAL,2.088120877141691,NORMAL,COMBINED,LOW
26-07-2026 16:08,CPU + Memory Stress,1,71.2,1200,95.0,788.2,1.4,3.24,0.823,8.04,95.1,466,S1,Windows,18,15.43,1.3194318919878494,1.6180733114819033,-1.61909418406615,-0.5864455945226786,69.91999999999999,0.9000000000000057,297.29999999999995,0,1.3223595167586915,WARNING,1.912263764271316,NORMAL,COMBINED,WARNING
26-07-2026 16:08,CPU + Memory Stress,1,70.2,1200,95.3,746.2,1.4,0.741,0.353,8.16,99.49,465,S1,Windows,18,15.43,1.285423167478069,1.6392505583798314,-1.6378535938662777,-0.5893549602290412,70.24000000000001,-1.0,42.0,0,1.322843828576434,WARNING,1.9578365237778035,NORMAL,COMBINED,WARNING
26-07-2026 16:09,CPU + Memory Stress,1,69.2,1200,94.5,873.2,1.4,0.515,0.471,8.18,100.45,468,S1,Windows,18,15.43,1.2514144429682885,1.5827778999853561,-1.5811287118516055,-0.5886245237325501,70.28,-1.0,-127.0,0,1.2842083500029247,NORMAL,1.9508891760126525,NORMAL,MEMORY,LOW
26-07-2026 16:09,CPU + Memory Stress,1,67.9,1200,94.7,845.4,1.4,0.63,0.264,8.2,100.48,465,S1,Windows,18,15.43,1.2072031011055742,1.5968960645839751,-1.593545654528833,-0.5899058826713098,69.76,-1.2999999999999972,27.800000000000068,0,1.2779200571468934,NORMAL,2.400328039532476,NORMAL,MEMORY,LOW
26-07-2026 16:09,CPU + Memory Stress,1,67.1,1200,95.1,775.5,1.4,0.451,0.226,8.21,100.5,465,S1,Windows,18,15.43,1.1799961214977495,1.6251323937812123,-1.624766672267617,-0.5901411079837391,69.12,-0.8000000000000114,69.89999999999998,0,1.2845201106339599,NORMAL,1.7990725392924645,NORMAL,MEMORY,LOW
26-07-2026 16:09,CPU + Memory Stress,1,67.9,1200,96.8,512.8,1.4,0.623,0.198,8.21,100.51,463,S1,Windows,18,15.43,1.2072031011055742,1.745136792869473,-1.7421023140412732,-0.5903144318981608,68.46000000000001,0.8000000000000114,262.70000000000005,0,1.3521853173804008,WARNING,2.3907226315954024,NORMAL,MEMORY,WARNING
26-07-2026 16:09,CPU + Memory Stress,1,67.8,1200,96.4,570.6,1.4,1.849,0.206,8.21,100.52,463,S1,Windows,18,15.43,1.2038022286545957,1.7169004636722358,-1.7162857929353832,-0.5902649107797545,67.98,-0.10000000000000853,-57.80000000000007,0,1.337520948441077,WARNING,1.8933674353067727,NORMAL,MEMORY,WARNING
26-07-2026 16:09,CPU + Memory Stress,1,67.1,1200,90.8,1458.6,1.4,0.845,0.209,8.21,100.53,463,S1,Windows,18,15.43,1.1799961214977495,1.3215918549109067,-1.3196582714469676,-0.5902463403603522,67.55999999999999,-0.7000000000000028,-887.9999999999999,0,1.1324573152840607,NORMAL,1.820068462095256,NORMAL,MEMORY,LOW
26-07-2026 16:09,CPU + Memory Stress,1,68.3,1200,94.7,841.1,1.4,0.627,0.303,8.21,100.54,463,S1,Windows,18,15.43,1.220806590909486,1.5968960645839751,-1.5954662607702748,-0.5896644672190797,67.64,1.2000000000000028,617.4999999999999,0,1.2823369422459092,NORMAL,1.9088794247917702,NORMAL,MEMORY,LOW
26-07-2026 16:09,CPU + Memory Stress,1,68.0,1200,96.8,512.4,1.4,2.773,0.248,8.21,100.56,463,S1,Windows,18,15.43,1.210603973556552,1.745136792869473,-1.7422809750869888,-0.5900049249081221,67.82,-0.29999999999999716,328.70000000000005,0,1.3531794099268295,WARNING,2.3397023901264085,NORMAL,MEMORY,WARNING
26-07-2026 16:09,CPU + Memory Stress,1,69.1,1200,97.3,421.7,1.4,4.228,0.233,8.21,100.65,463,S1,Windows,18,15.43,1.2480135705173103,1.7804322043660201,-1.782792367202979,-0.5900977770051337,68.06,1.0999999999999943,90.69999999999999,0,1.3831117613066217,WARNING,2.2646763955365983,NORMAL,MEMORY,WARNING
26-07-2026 16:09,CPU + Memory Stress,1,69.3,1200,98.3,262.3,1.4,17.647,0.76,8.23,100.97,464,S1,Windows,18,15.43,1.2548153154192665,1.8510230273591144,-1.8539887939206068,-0.5868355733301271,68.35999999999999,0.20000000000000284,159.39999999999998,0,1.4199163762836609,WARNING,2.4772903330311093,NORMAL,MEMORY,WARNING
26-07-2026 16:10,CPU + Memory Stress,1,68.4,1200,98.8,196.7,1.4,2.78,0.951,8.23,100.98,463,S1,Windows,18,15.43,1.2242074633604643,1.8863184388556615,-1.8832892054179493,-0.5856532566281799,68.61999999999999,-0.8999999999999915,65.60000000000002,0,1.4269462630740637,WARNING,2.4855474603450483,NORMAL,MEMORY,WARNING
26-07-2026 16:10,CPU + Memory Stress,1,68.6,1200,99.8,37.7,1.4,1.596,0.751,8.26,101.01,463,S1,Windows,18,15.43,1.23100920826242,1.956909261848756,-1.9543069710898617,-0.5868912845883341,68.67999999999999,0.19999999999998863,159.0,0,1.464615192168992,ANOMALY,2.422225499894759,NORMAL,MEMORY,HIGH
26-07-2026 16:10,CPU + Memory Stress,1,67.7,1200,99.7,49.1,1.4,3.927,0.432,8.26,101.02,461,S1,Windows,18,15.43,1.200401356203618,1.949850179549447,-1.9492151312869697,-0.5888659391847801,68.62,-0.8999999999999915,-11.399999999999999,0,1.4526916748202694,ANOMALY,2.0838588249314354,NORMAL,MEMORY,HIGH
26-07-2026 16:10,CPU + Memory Stress,1,68.1,1200,99.4,89.2,1.4,1.371,0.246,8.26,101.03,461,S1,Windows,18,15.43,1.21400484600753,1.9286729326515188,-1.9313043614539906,-0.5900173051877237,68.41999999999999,0.3999999999999915,-40.1,0,1.4470676669260574,ANOMALY,2.4298605213864457,NORMAL,MEMORY,HIGH
26-07-2026 16:10,CPU + Memory Stress,1,67.4,1200,99.5,86.8,1.4,1.396,0.359,8.27,101.03,461,S1,Windows,18,15.43,1.190198738850684,1.935732014950828,-1.9323763277282835,-0.5893178193902365,68.03999999999999,-0.6999999999999886,2.4000000000000057,0,1.4421180555641575,WARNING,2.606610974946029,NORMAL,MEMORY,WARNING
26-07-2026 16:10,CPU + Memory Stress,1,68.9,1200,99.0,160.0,1.4,1.897,0.24,8.27,101.05,461,S1,Windows,18,15.43,1.2412118256153546,1.9004366034542808,-1.8996813563623467,-0.5900544460265283,68.14,1.5,-73.2,0,1.4404416891986656,WARNING,2.06325562954753,NORMAL,MEMORY,WARNING
26-07-2026 16:10,CPU + Memory Stress,1,67.8,1200,92.6,1175.4,1.4,3.294,0.247,8.27,101.06,464,S1,Windows,18,15.43,1.2038022286545957,1.4486553362984764,-1.4461502918135434,-0.5900111150479229,67.98,-1.1000000000000085,-1015.4000000000001,0,1.202969550858215,NORMAL,2.055199499181522,NORMAL,MEMORY,LOW
26-07-2026 16:10,CPU + Memory Stress,1,68.0,1200,87.7,1941.4,1.4,1.437,0.151,8.27,101.07,463,S1,Windows,18,15.43,1.210603973556552,1.1027603036323146,-1.1040143892683558,-0.590605368468797,68.03999999999999,0.20000000000000284,-766.0,0,1.0329332347040905,NORMAL,1.5821889966147065,NORMAL,MEMORY,LOW
26-07-2026 16:10,CPU + Memory Stress,1,67.8,1200,88.3,1854.1,1.4,2.347,0.558,8.27,101.08,463,S1,Windows,18,15.43,1.2038022286545957,1.145114797428171,-1.1430071624957643,-0.588085981569883,67.98,-0.20000000000000284,87.30000000000018,0,1.0508937366379594,NORMAL,1.7825661028510233,NORMAL,MEMORY,LOW
26-07-2026 16:10,CPU + Memory Stress,1,67.4,1200,89.0,1732.8,1.4,0.779,0.801,8.27,101.08,462,S1,Windows,18,15.43,1.190198738850684,1.1945283735233372,-1.1971861246089903,-0.5865817775982956,67.97999999999999,-0.3999999999999915,121.29999999999995,0,1.0721717141536635,NORMAL,1.9886421235182634,NORMAL,MEMORY,LOW
26-07-2026 16:10,CPU + Memory Stress,1,67.5,1200,89.6,1644.4,1.4,0.702,0.357,8.27,101.1,462,S1,Windows,18,15.43,1.1935996113016618,1.2368828673191934,-1.2366702157121165,-0.589330199669838,67.7,0.09999999999999432,88.39999999999986,0,1.0943448266626477,NORMAL,1.5235638302562502,NORMAL,MEMORY,LOW
26-07-2026 16:11,CPU + Memory Stress,1,67.2,1200,90.5,1507.4,1.4,1.044,0.739,8.27,101.1,462,S1,Windows,18,15.43,1.1833969939487279,1.3004146080129786,-1.297861623869676,-0.5869655662659433,67.58,-0.29999999999999716,137.0,0,1.1221089186156359,NORMAL,1.9795659273291601,NORMAL,MEMORY,LOW
26-07-2026 16:11,CPU + Memory Stress,1,67.6,1200,91.3,1377.7,1.4,0.764,0.823,8.27,101.12,462,S1,Windows,18,15.43,1.1970004837526396,1.356887266407454,-1.355792467942928,-0.5864455945226786,67.5,0.3999999999999915,129.70000000000005,0,1.1546139375411495,NORMAL,1.6814224810022251,NORMAL,MEMORY,LOW
26-07-2026 16:11,CPU + Memory Stress,1,67.7,1200,94.8,814.4,1.4,0.55,59.415,8.27,101.13,462,S1,Windows,18,15.43,1.200401356203618,1.6039551468832842,-1.6073918855717844,-0.2237529233158811,67.47999999999999,0.10000000000000853,563.3000000000001,0,1.2075359127036038,NORMAL,2.4239247580307444,NORMAL,MEMORY,LOW
26-07-2026 16:11,CPU + Memory Stress,1,67.2,1200,94.8,826.8,1.4,0.595,0.205,8.27,101.15,461,S1,Windows,18,15.43,1.1833969939487279,1.6039551468832842,-1.6018533931546037,-0.5902711009195553,67.44000000000001,-0.5,-12.399999999999977,0,1.2746305410644354,NORMAL,2.0397092380024406,NORMAL,MEMORY,LOW
26-07-2026 16:11,CPU + Memory Stress,1,67.4,1200,90.8,1451.4,1.4,0.665,0.262,8.27,101.15,461,S1,Windows,18,15.43,1.190198738850684,1.3215918549109067,-1.3228741702698465,-0.5899182629509113,67.42,0.20000000000000284,-624.6000000000001,0,1.1360956647726288,NORMAL,1.7019418495757515,NORMAL,MEMORY,LOW
26-07-2026 16:11,CPU + Memory Stress,1,67.8,1200,82.4,2787.9,1.4,0.447,0.335,8.27,101.16,461,S1,Windows,18,15.43,1.2038022286545957,0.7286289417689148,-0.7259229512729235,-0.589466382745455,67.53999999999999,0.3999999999999915,-1336.5,0,0.8428072179307289,NORMAL,1.8269490454720716,NORMAL,MEMORY,LOW
26-07-2026 16:11,CPU + Memory Stress,1,67.8,1200,83.5,2603.3,1.4,0.554,0.167,8.27,101.17,460,S1,Windows,18,15.43,1.2038022286545957,0.8062788470613182,-0.8083750238706279,-0.5905063262319846,67.58,0.0,184.5999999999999,0,0.8828005927352968,NORMAL,1.6714707300653642,NORMAL,MEMORY,LOW
26-07-2026 16:11,CPU + Memory Stress,1,66.9,1200,86.0,2214.2,1.4,1.362,0.308,8.27,101.18,460,S1,Windows,18,15.43,1.1731943765957937,0.9827559045440541,-0.9821675560903832,-0.5896335165200758,67.42,-0.8999999999999915,389.10000000000036,0,0.9611452988640461,NORMAL,1.3906738043635818,NORMAL,MEMORY,LOW
26-07-2026 16:11,CPU + Memory Stress,1,68.2,1200,86.3,2172.2,1.4,1.89,0.18,8.27,101.19,461,S1,Windows,18,15.43,1.217405718458508,1.0039331514419823,-1.000926965890511,-0.5904258544145745,67.61999999999999,1.2999999999999972,42.0,0,0.9846722250311641,NORMAL,2.0148547002019694,NORMAL,MEMORY,LOW
26-07-2026 16:11,CPU + Memory Stress,1,67.4,1200,87.0,2049.8,1.4,1.492,0.374,8.27,101.2,460,S1,Windows,18,15.43,1.190198738850684,1.0533467275371484,-1.0555972458794547,-0.5892249672932249,67.62,-0.7999999999999972,122.39999999999964,0,1.0020280825508856,NORMAL,1.7992782280551178,NORMAL,MEMORY,LOW
26-07-2026 16:11,CPU + Memory Stress,1,67.1,1200,90.9,1434.7,1.4,0.685,0.309,8.28,101.21,459,S1,Windows,18,15.43,1.1799961214977495,1.3286509372102169,-1.3303332689284688,-0.589627326380275,67.47999999999999,-0.30000000000001137,615.1000000000001,0,1.1365862366741386,NORMAL,1.7849084359638119,NORMAL,MEMORY,LOW
26-07-2026 16:12,CPU + Memory Stress,1,68.2,1200,92.7,1161.1,1.4,0.605,0.386,8.3,102.17,459,S1,Windows,18,15.43,1.217405718458508,1.4557144185977864,-1.4525374241978726,-0.5891506856156157,67.56000000000002,1.1000000000000085,273.60000000000014,0,1.210273663079586,NORMAL,2.269997668989849,NORMAL,MEMORY,LOW
26-07-2026 16:12,CPU + Memory Stress,1,68.7,1200,93.0,1108.6,1.4,0.713,0.184,8.3,102.19,459,S1,Windows,18,15.43,1.2344100807133984,1.4768916654957145,-1.4759866864480322,-0.5904010938553715,67.92,0.5,52.5,0,1.2266680799234146,NORMAL,1.7540537498934559,NORMAL,MEMORY,LOW
26-07-2026 16:12,CPU + Memory Stress,1,68.4,1200,93.2,1067.9,1.4,0.67,0.767,8.32,103.18,458,S1,Windows,18,15.43,1.2242074633604643,1.4910098300943337,-1.4941654478495845,-0.5867922423515218,67.96000000000001,-0.29999999999999716,40.69999999999982,0,1.2307567260766605,NORMAL,2.3112810806655224,NORMAL,MEMORY,LOW
26-07-2026 16:12,CPU + Memory Stress,1,71.3,1200,92.6,1171.0,1.4,0.897,0.304,8.41,104.03,458,S1,Windows,18,15.43,1.3228327644388274,1.4486553362984764,-1.4481155633164138,-0.5896582770792789,68.74,2.8999999999999915,-103.09999999999991,0,1.2390011983003297,NORMAL,1.742494855681808,NORMAL,COMBINED,LOW
26-07-2026 16:12,CPU + Memory Stress,1,67.6,1200,92.1,1240.8,1.4,0.646,0.979,8.42,104.05,458,S1,Windows,18,15.43,1.1970004837526396,1.4133599248019293,-1.4169392108390586,-0.5854799327137582,68.84,-3.700000000000003,-69.79999999999995,0,1.183591951276934,NORMAL,2.408624093075838,NORMAL,MEMORY,LOW
26-07-2026 16:12,CPU + Memory Stress,1,67.2,1200,92.8,1131.4,1.4,0.56,0.381,8.42,104.06,458,S1,Windows,18,15.43,1.1833969939487279,1.4627735008970955,-1.4658030068422485,-0.5891816363146195,68.64,-0.3999999999999915,109.39999999999986,0,1.2048480770851207,NORMAL,2.24312048511032,NORMAL,MEMORY,LOW
26-07-2026 16:12,CPU + Memory Stress,1,67.4,1200,92.8,1142.0,1.4,0.6,0.297,8.42,104.07,458,S1,Windows,18,15.43,1.190198738850684,1.4627735008970955,-1.4610684891307877,-0.5897016080578843,68.38,0.20000000000000284,-10.599999999999909,0,1.2060456913620683,NORMAL,1.8588371506960537,NORMAL,MEMORY,LOW
26-07-2026 16:12,CPU + Memory Stress,1,67.5,1200,93.5,1029.9,1.4,2.137,0.228,8.42,104.08,459,S1,Windows,18,15.43,1.1935996113016618,1.5121870769922618,-1.5111382471925574,-0.5901287277041376,68.2,0.09999999999999432,112.09999999999991,0,1.2319894014675161,NORMAL,1.7799003999539276,NORMAL,MEMORY,LOW
26-07-2026 16:12,CPU + Memory Stress,1,68.2,1200,87.3,2004.0,1.4,1.761,0.254,8.42,104.09,465,S1,Windows,18,15.43,1.217405718458508,1.0745239744350765,-1.0760539356138796,-0.5899677840693175,67.58,0.7000000000000028,-974.0999999999999,0,1.0207832518047149,NORMAL,1.6300744165542969,NORMAL,MEMORY,LOW
26-07-2026 16:12,CPU + Memory Stress,1,67.1,1200,87.9,1917.3,1.4,0.826,0.271,8.42,104.1,465,S1,Windows,18,15.43,1.1799961214977495,1.1168784682309338,-1.1147787172727148,-0.5898625516927044,67.47999999999999,-1.1000000000000085,86.70000000000005,0,1.0299906307116888,NORMAL,1.755715284233864,NORMAL,MEMORY,LOW
26-07-2026 16:12,CPU + Memory Stress,1,68.0,1200,94.2,913.2,1.4,0.585,0.248,8.42,104.11,465,S1,Windows,18,15.43,1.210603973556552,1.561600653087428,-1.5632626072800553,-0.5900049249081221,67.64,0.9000000000000057,1004.0999999999999,0,1.2623148944308296,NORMAL,1.9416757125724398,NORMAL,MEMORY,LOW
26-07-2026 16:13,CPU + Memory Stress,1,67.0,1200,95.6,696.6,1.4,1.938,0.336,8.42,104.11,464,S1,Windows,18,15.43,1.1765952490467715,1.6604278052777595,-1.660007563535,-0.5894601926056543,67.56,-1.0,216.60000000000002,0,1.30100046752549,NORMAL,1.8279009504392372,NORMAL,MEMORY,LOW
26-07-2026 16:13,CPU + Memory Stress,1,68.0,1200,97.1,464.9,1.4,0.847,0.263,8.42,104.12,460,S1,Windows,18,15.43,1.210603973556552,1.766314039767401,-1.7634969742657047,-0.5899120728111106,67.66,1.0,231.70000000000005,0,1.363757213412549,WARNING,2.3425727479285636,NORMAL,MEMORY,WARNING
26-07-2026 16:13,CPU + Memory Stress,1,67.6,1200,98.1,299.4,1.4,2.139,0.792,8.42,104.13,460,S1,Windows,18,15.43,1.1970004837526396,1.8369048627604954,-1.837417981930494,-0.5866374888565025,67.54,-0.4000000000000057,165.5,0,1.39498269811134,WARNING,1.9867480511353763,NORMAL,MEMORY,WARNING
26-07-2026 16:13,CPU + Memory Stress,1,67.7,1200,98.5,234.3,1.4,1.247,0.393,8.42,104.14,460,S1,Windows,18,15.43,1.200401356203618,1.8651411919577334,-1.866495067120692,-0.5891073546370102,67.66,0.10000000000000853,65.09999999999997,0,1.4107832487999459,WARNING,2.1063886649830894,NORMAL,MEMORY,WARNING
26-07-2026 16:13,CPU + Memory Stress,1,68.9,1200,100.0,6.0,1.4,4.745,1.144,8.42,104.15,460,S1,Windows,18,15.43,1.2412118256153546,1.971027426447375,-1.9684658589628152,-0.584458559646631,67.84,1.2000000000000028,228.3,0,1.4742566593407083,ANOMALY,2.424645162370556,NORMAL,MEMORY,HIGH
26-07-2026 16:13,CPU + Memory Stress,1,70.8,1200,98.6,226.9,1.4,2.337,2.23,8.43,104.16,459,S1,Windows,18,15.43,1.305828402183937,1.8722002742570425,-1.869800296466429,-0.5777360678229932,68.6,1.8999999999999915,-220.9,0,1.4429158757901785,ANOMALY,2.332538765207907,NORMAL,COMBINED,HIGH
26-07-2026 16:13,CPU + Memory Stress,1,67.9,1200,97.9,336.8,1.4,1.263,0.333,8.43,104.16,457,S1,Windows,18,15.43,1.2072031011055742,1.8227866981618772,-1.8207131741560945,-0.5894787630250565,68.58,-2.8999999999999915,-109.9,0,1.3910353272164655,WARNING,2.1943028743390447,NORMAL,MEMORY,WARNING
26-07-2026 16:13,CPU + Memory Stress,1,67.5,1200,98.6,227.0,1.4,1.451,0.219,8.43,104.17,457,S1,Windows,18,15.43,1.1935996113016618,1.8722002742570425,-1.8697556312049999,-0.5901844389623445,68.55999999999999,-0.4000000000000057,109.80000000000001,0,1.4117279797010802,WARNING,2.3130418736675513,NORMAL,MEMORY,WARNING
26-07-2026 16:13,CPU + Memory Stress,1,68.5,1200,98.9,172.9,1.4,20.779,0.299,8.43,104.18,457,S1,Windows,18,15.43,1.2276083358114422,1.8933775211549717,-1.8939195376380218,-0.5896892277782827,68.72,1.0,54.099999999999994,0,1.433017510173185,WARNING,2.04439131437235,NORMAL,MEMORY,WARNING
26-07-2026 16:13,CPU + Memory Stress,1,69.8,1200,96.2,594.2,1.4,6.026,97.477,8.43,104.19,457,S1,Windows,18,15.43,1.2718196776741566,1.7027822990736168,-1.7057447912381687,0.011856177781079722,68.9,1.2999999999999972,-421.30000000000007,0,1.2359007868281817,NORMAL,2.3671869674130224,NORMAL,MEMORY,LOW
26-07-2026 16:13,CPU + Memory Stress,1,67.6,1200,96.5,560.9,1.4,2.611,5.734,8.43,104.21,457,S1,Windows,18,15.43,1.1970004837526396,1.7239595459715449,-1.7206183232939842,-0.5560458179610903,68.26,-2.200000000000003,33.30000000000007,0,1.3316208371682703,WARNING,2.4663028342042144,NORMAL,MEMORY,WARNING
26-07-2026 16:13,CPU + Memory Stress,1,67.5,1200,96.5,556.7,1.4,1.398,0.28,8.43,104.22,457,S1,Windows,18,15.43,1.1935996113016618,1.7239595459715449,-1.722494264273997,-0.5898068404344975,68.17999999999999,-0.09999999999999432,4.199999999999932,0,1.337727968123661,WARNING,1.9984609911471312,NORMAL,MEMORY,WARNING
26-07-2026 16:14,CPU + Memory Stress,1,67.5,1200,96.9,497.8,1.4,1.115,0.257,8.43,104.22,456,S1,Windows,18,15.43,1.1935996113016618,1.752195875168783,-1.7488021032556047,-0.5899492136499151,68.17999999999999,0.0,58.900000000000034,0,1.3514889093222373,WARNING,2.501825886855325,NORMAL,MEMORY,WARNING
26-07-2026 16:14,CPU + Memory Stress,1,67.4,1200,82.7,2729.1,1.4,0.752,0.172,8.43,104.24,456,S1,Windows,18,15.43,1.190198738850684,0.7498061886668429,-0.7521861249931024,-0.5904753755329808,67.96,-0.09999999999999432,-2231.2999999999997,0,0.8505337783604747,NORMAL,1.7387948794831456,NORMAL,MEMORY,LOW
26-07-2026 16:14,CPU + Memory Stress,1,67.8,1200,83.3,2643.9,1.4,1.547,0.281,8.43,104.24,456,S1,Windows,18,15.43,1.2038022286545957,0.7921606824626991,-0.7902409277305044,-0.5898006502946966,67.56,0.3999999999999915,85.19999999999982,0,0.8747971889402287,NORMAL,1.5943931720734612,NORMAL,MEMORY,LOW
26-07-2026 16:14,CPU + Memory Stress,1,68.1,1200,84.2,2492.5,1.4,15.569,0.23,8.43,104.25,457,S1,Windows,18,15.43,1.21400484600753,0.8556924231564844,-0.8578641335338222,-0.590116347424536,67.66,0.29999999999999716,151.4000000000001,0,0.9105052769408759,NORMAL,1.7147575258087637,NORMAL,MEMORY,LOW
26-07-2026 16:14,CPU + Memory Stress,1,67.9,1200,84.4,2463.8,1.4,14.98,0.233,8.44,104.28,457,S1,Windows,18,15.43,1.2072031011055742,0.8698105877551036,-0.8706830635639095,-0.5900977770051337,67.74,-0.19999999999998863,28.699999999999818,0,0.9152602747720119,NORMAL,1.4078792476996693,NORMAL,MEMORY,LOW
26-07-2026 16:14,CPU + Memory Stress,1,67.9,1200,85.9,2221.4,1.4,2.546,0.198,8.44,104.28,456,S1,Windows,18,15.43,1.2072031011055742,0.9756968222447451,-0.978951657267504,-0.5903144318981608,67.82000000000001,0.0,242.4000000000001,0,0.9687231948382287,NORMAL,2.117941263472659,NORMAL,MEMORY,LOW
26-07-2026 16:14,CPU + Memory Stress,1,67.5,1200,87.7,1949.6,1.4,0.809,0.422,8.44,104.29,456,S1,Windows,18,15.43,1.1935996113016618,1.1027603036323146,-1.100351837831188,-0.5889278405827879,67.84,-0.4000000000000057,271.8000000000002,0,1.0267639101629882,NORMAL,1.8456864010320448,NORMAL,MEMORY,LOW
26-07-2026 16:14,CPU + Memory Stress,1,67.6,1200,90.0,1586.7,1.4,1.581,0.263,8.44,104.3,456,S1,Windows,18,15.43,1.1970004837526396,1.2651191965164315,-1.2624420715565778,-0.5899120728111106,67.8,0.09999999999999432,362.89999999999986,0,1.109106732954259,NORMAL,2.0055314294733253,NORMAL,MEMORY,LOW
26-07-2026 16:14,CPU + Memory Stress,1,68.3,1200,90.8,1449.2,1.4,0.479,0.184,8.44,104.31,456,S1,Windows,18,15.43,1.220806590909486,1.3215918549109067,-1.3238568060212819,-0.5904010938553715,67.84,0.7000000000000028,137.5,0,1.1455711137214484,NORMAL,1.9465754654907266,NORMAL,MEMORY,LOW
26-07-2026 16:14,CPU + Memory Stress,1,67.5,1200,94.4,880.2,1.4,0.894,0.248,8.45,104.41,455,S1,Windows,18,15.43,1.1935996113016618,1.575718817686047,-1.5780021435515843,-0.5900049249081221,67.76,-0.7999999999999972,569.0,0,1.264396942388254,NORMAL,2.09284112767975,NORMAL,MEMORY,LOW
26-07-2026 16:14,CPU + Memory Stress,1,68.4,1200,95.4,720.7,1.4,6.948,0.441,8.46,104.48,456,S1,Windows,18,15.43,1.2242074633604643,1.6463096406791413,-1.649243235530641,-0.5888102279265732,67.85999999999999,0.9000000000000057,159.5,0,1.3087658239033244,NORMAL,2.3304746624672523,NORMAL,MEMORY,LOW
26-07-2026 16:14,CPU + Memory Stress,1,68.2,1200,96.2,597.0,1.4,4.576,0.393,8.46,104.49,457,S1,Windows,18,15.43,1.217405718458508,1.7027822990736168,-1.70449416391816,-0.5891073546370102,68.0,-0.20000000000000284,123.70000000000005,0,1.3347767089706715,WARNING,2.0529357985145986,NORMAL,MEMORY,WARNING
26-07-2026 16:15,CPU + Memory Stress,1,67.6,1200,97.2,444.7,1.4,1.369,0.198,8.46,104.5,458,S1,Windows,18,15.43,1.1970004837526396,1.773373122066711,-1.7725193570743378,-0.5903144318981608,68.0,-0.6000000000000085,152.3,0,1.363678839540305,WARNING,1.9562316561072108,NORMAL,MEMORY,WARNING
26-07-2026 16:15,CPU + Memory Stress,1,67.3,1200,97.3,431.9,1.4,1.163,0.242,8.46,104.51,458,S1,Windows,18,15.43,1.1867978663997056,1.7804322043660201,-1.7782365105372337,-0.5900420657469267,67.8,-0.29999999999999716,12.800000000000011,0,1.36382473648655,WARNING,2.1856061268983495,NORMAL,MEMORY,WARNING
26-07-2026 16:15,CPU + Memory Stress,1,68.7,1200,96.6,539.7,1.4,6.596,0.412,8.46,104.52,458,S1,Windows,18,15.43,1.2344100807133984,1.7310186282708537,-1.7300873587169059,-0.5889897419807956,68.03999999999999,1.4000000000000057,-107.80000000000007,0,1.3534440328348158,WARNING,1.9430275899591996,NORMAL,MEMORY,WARNING
26-07-2026 16:15,CPU + Memory Stress,1,67.3,1200,95.2,764.2,1.4,4.776,0.171,8.46,104.52,458,S1,Windows,18,15.43,1.1867978663997056,1.6321914760805223,-1.6298138468090801,-0.5904815656727815,67.82000000000001,-1.4000000000000057,-224.5,0,1.2897558852404407,NORMAL,2.128463283846942,NORMAL,MEMORY,LOW
26-07-2026 16:15,CPU + Memory Stress,1,67.6,1200,83.6,2598.8,1.4,0.647,0.296,8.46,104.53,458,S1,Windows,18,15.43,1.1970004837526396,0.8133379293606272,-0.8103849606349273,-0.589707798197685,67.69999999999999,0.29999999999999716,-1834.6000000000001,0,0.8831200757005024,NORMAL,1.9297785730142145,NORMAL,MEMORY,LOW
26-07-2026 16:15,CPU + Memory Stress,1,67.1,1200,83.6,2598.9,1.4,0.627,0.21,8.46,104.53,459,S1,Windows,18,15.43,1.1799961214977495,0.8133379293606272,-0.8103402953734985,-0.5902401502205514,67.6,-0.5,-0.09999999999990905,0,0.8781163043763229,NORMAL,1.9372832100728232,NORMAL,MEMORY,LOW
26-07-2026 16:15,CPU + Memory Stress,1,67.4,1200,83.6,2596.2,1.4,4.367,0.644,8.46,104.54,458,S1,Windows,18,15.43,1.190198738850684,0.8133379293606272,-0.8115462574320782,-0.5875536295470166,67.61999999999999,0.30000000000001137,2.700000000000273,0,0.8808809778592124,NORMAL,1.5568375956154652,NORMAL,MEMORY,LOW
26-07-2026 16:15,CPU + Memory Stress,1,67.2,1200,82.6,2747.4,1.4,0.595,0.446,8.46,104.55,458,S1,Windows,18,15.43,1.1833969939487279,0.7427471063675329,-0.7440123821516181,-0.5887792772275694,67.32000000000001,-0.20000000000000284,-151.20000000000027,0,0.8444015619707158,NORMAL,1.4213696632770207,NORMAL,MEMORY,LOW
26-07-2026 16:15,CPU + Memory Stress,1,67.6,1200,83.4,2623.8,1.4,0.521,0.12,8.46,104.56,458,S1,Windows,18,15.43,1.1970004837526396,0.7992197647620092,-0.7992186452777084,-0.5907972628026208,67.38,0.3999999999999915,123.59999999999991,0,0.8768692561704604,NORMAL,1.3021108499222174,NORMAL,MEMORY,LOW
26-07-2026 16:15,CPU + Memory Stress,1,67.6,1200,83.6,2597.2,1.4,0.872,0.19,8.46,104.57,458,S1,Windows,18,15.43,1.1970004837526396,0.8133379293606272,-0.8110996048177894,-0.5903639530165669,67.38,0.0,26.600000000000364,0,0.8833942355008513,NORMAL,1.690319157338441,NORMAL,MEMORY,LOW
26-07-2026 16:15,CPU + Memory Stress,1,67.6,1200,84.9,2385.8,1.4,0.437,0.112,8.46,104.58,458,S1,Windows,18,15.43,1.1970004837526396,0.9051059992516507,-0.9055219674784324,-0.5908467839210271,67.47999999999999,0.0,211.39999999999964,0,0.929905695181179,NORMAL,1.362389305107306,NORMAL,MEMORY,LOW
26-07-2026 16:15,CPU + Memory Stress,1,67.1,1200,86.5,2136.9,1.4,0.381,0.165,8.46,104.58,458,S1,Windows,18,15.43,1.1799961214977495,1.0180513160406013,-1.016693803174904,-0.5905187065115861,67.42,-0.5,248.9000000000001,0,0.9808567331988033,NORMAL,1.5283997382856618,NORMAL,MEMORY,LOW
26-07-2026 16:16,CPU + Memory Stress,1,67.9,1200,88.8,1777.5,1.4,1.363,0.196,8.46,104.59,458,S1,Windows,18,15.43,1.2072031011055742,1.1804102089247182,-1.1772207527502832,-0.5903268121777623,67.55999999999999,0.8000000000000114,359.4000000000001,0,1.0697935059946968,NORMAL,2.1409975291194625,NORMAL,MEMORY,LOW
26-07-2026 16:16,CPU + Memory Stress,1,67.0,1200,89.6,1647.9,1.4,0.431,0.219,8.47,104.6,457,S1,Windows,18,15.43,1.1765952490467715,1.2368828673191934,-1.235106931562106,-0.5901844389623445,67.44,-0.9000000000000057,129.5999999999999,0,1.0891017090146797,NORMAL,1.732265607529337,NORMAL,MEMORY,LOW
26-07-2026 16:16,CPU + Memory Stress,1,67.4,1200,93.4,1049.3,1.4,0.46,0.131,8.47,104.61,458,S1,Windows,18,15.43,1.190198738850684,1.5051279946929528,-1.5024731864753553,-0.5907291712648124,67.4,0.4000000000000057,598.6000000000001,0,1.2272384916111245,NORMAL,2.1265765391496205,NORMAL,MEMORY,LOW
26-07-2026 16:16,CPU + Memory Stress,1,67.3,1200,94.2,914.3,1.4,0.661,0.135,8.47,104.62,458,S1,Windows,18,15.43,1.1867978663997056,1.561600653087428,-1.5627712894043375,-0.5907044107056093,67.34,-0.10000000000000853,135.0,0,1.2552146958681294,NORMAL,1.843597298273391,NORMAL,MEMORY,LOW
26-07-2026 16:16,CPU + Memory Stress,1,67.2,1200,95.1,779.0,1.4,0.537,0.157,8.47,104.64,458,S1,Windows,18,15.43,1.1833969939487279,1.6251323937812123,-1.6232033881176064,-0.5905682276299924,67.36000000000001,-0.09999999999999432,135.29999999999995,0,1.285313139468502,NORMAL,2.0143967915152934,NORMAL,MEMORY,LOW
26-07-2026 16:16,CPU + Memory Stress,1,68.0,1200,95.9,649.2,1.4,1.745,0.187,8.47,104.65,458,S1,Windows,18,15.43,1.210603973556552,1.6816050521756887,-1.681178897452287,-0.5903825234359692,67.38,0.7999999999999972,129.79999999999995,0,1.3219749918973234,WARNING,1.8566665882634088,NORMAL,MEMORY,WARNING
26-07-2026 16:16,CPU + Memory Stress,1,66.9,1200,82.8,2717.0,1.4,1.004,0.116,8.47,104.65,457,S1,Windows,18,15.43,1.1731943765957937,0.756865270966152,-0.7575906216259963,-0.590822023361824,67.36,-1.0999999999999943,-2067.8,0,0.8487004232661477,NORMAL,1.322798382151937,NORMAL,MEMORY,LOW
26-07-2026 16:16,CPU + Memory Stress,1,67.3,1200,83.1,2678.3,1.4,0.989,0.144,8.47,104.66,458,S1,Windows,18,15.43,1.1867978663997056,0.7780425178640801,-0.7748760777989712,-0.5906486994474023,67.34,0.3999999999999915,38.69999999999982,0,0.8625570707284104,NORMAL,1.994391293630603,NORMAL,MEMORY,LOW
26-07-2026 16:16,CPU + Memory Stress,1,67.3,1200,84.4,2459.1,1.4,1.223,0.16,8.47,104.67,457,S1,Windows,18,15.43,1.1867978663997056,0.8698105877551036,-0.8727823308510667,-0.59054965721059,67.34,0.0,219.20000000000027,0,0.9096489338587741,NORMAL,1.9739985000612832,NORMAL,MEMORY,LOW
26-07-2026 16:16,CPU + Memory Stress,1,67.5,1200,83.7,2570.4,1.4,1.225,0.338,8.48,104.71,457,S1,Windows,18,15.43,1.1935996113016618,0.8203970116599373,-0.823069894880728,-0.5894478123260527,67.4,0.20000000000000284,-111.30000000000018,0,0.8867025283298358,NORMAL,1.8574928093418692,NORMAL,MEMORY,LOW
26-07-2026 16:16,CPU + Memory Stress,1,67.8,1200,85.4,2314.3,1.4,1.247,0.155,8.48,104.72,457,S1,Windows,18,15.43,1.2038022286545957,0.9404014107481978,-0.9374576294000785,-0.5905806079095939,67.35999999999999,0.29999999999999716,256.0999999999999,0,0.9488687392827726,NORMAL,1.965763974055671,NORMAL,MEMORY,LOW
26-07-2026 16:16,CPU + Memory Stress,1,67.4,1200,87.2,2020.8,1.4,6.232,0.35,8.49,104.74,456,S1,Windows,18,15.43,1.190198738850684,1.0674648921357675,-1.0685501716938286,-0.5893735306484434,67.46000000000001,-0.3999999999999915,293.5000000000002,0,1.0088838297643898,NORMAL,1.5216378556234826,NORMAL,MEMORY,LOW
26-07-2026 16:17,CPU + Memory Stress,1,67.6,1200,89.7,1633.0,1.4,1.69,0.405,8.49,104.75,457,S1,Windows,18,15.43,1.1970004837526396,1.2439419496185034,-1.2417620555150084,-0.589033072959401,67.52,0.19999999999998863,387.79999999999995,0,1.0984417557062247,NORMAL,1.8486828360533847,NORMAL,MEMORY,LOW
26-07-2026 16:17,CPU + Memory Stress,1,67.5,1200,90.4,1510.6,1.4,0.994,0.232,8.49,104.76,458,S1,Windows,18,15.43,1.1935996113016618,1.2933555257136697,-1.2964323355039522,-0.5901039671449345,67.55999999999999,-0.09999999999999432,122.40000000000009,0,1.1233938016343767,NORMAL,2.1757223187618515,NORMAL,MEMORY,LOW
26-07-2026 16:17,CPU + Memory Stress,1,67.3,1200,94.3,904.7,1.4,0.676,0.106,8.5,104.77,458,S1,Windows,18,15.43,1.1867978663997056,1.568659735386737,-1.5670591545015098,-0.5908839247598316,67.52,-0.20000000000000284,605.8999999999999,0,1.2582258963882011,NORMAL,1.908070929894893,NORMAL,MEMORY,LOW
26-07-2026 16:17,CPU + Memory Stress,1,68.7,1200,95.1,777.5,1.4,4.021,0.302,8.51,104.79,458,S1,Windows,18,15.43,1.2344100807133984,1.6251323937812123,-1.6238733670390395,-0.5896706573588805,67.7,1.4000000000000057,127.20000000000005,0,1.3005715472279673,NORMAL,1.906511028708199,NORMAL,MEMORY,LOW
26-07-2026 16:17,CPU + Memory Stress,1,69.1,1200,96.0,638.9,1.4,1.666,0.111,8.51,104.79,459,S1,Windows,18,15.43,1.2480135705173103,1.6886641344749975,-1.685779419379461,-0.5908529740608278,68.03999999999999,0.3999999999999915,138.60000000000002,0,1.33632979018575,WARNING,2.323333181763529,NORMAL,MEMORY,WARNING
26-07-2026 16:17,CPU + Memory Stress,1,68.4,1200,96.6,532.9,1.4,2.758,0.269,8.51,104.8,459,S1,Windows,18,15.43,1.2242074633604643,1.7310186282708537,-1.7331245964940694,-0.5898749319723059,68.2,-0.6999999999999886,106.0,0,1.3511677331826706,WARNING,2.161731741855482,NORMAL,MEMORY,WARNING
26-07-2026 16:17,CPU + Memory Stress,1,67.4,1200,97.0,474.3,1.4,1.392,0.292,8.51,104.81,459,S1,Windows,18,15.43,1.190198738850684,1.759254957468092,-1.7592984396913904,-0.5897325587568881,68.18,-1.0,58.599999999999966,0,1.3546423085852886,WARNING,1.9031593040982364,NORMAL,MEMORY,WARNING
26-07-2026 16:17,CPU + Memory Stress,1,69.0,1200,96.2,595.3,1.4,5.795,0.111,8.51,104.83,458,S1,Windows,18,15.43,1.2446126980663323,1.7027822990736168,-1.705253473362451,-0.5908529740608278,68.52000000000001,1.5999999999999943,-120.99999999999994,0,1.3434397886266405,WARNING,2.2404658940411344,NORMAL,MEMORY,WARNING
26-07-2026 16:17,CPU + Memory Stress,1,67.4,1200,96.0,629.2,1.4,3.068,0.228,8.51,104.84,460,S1,Windows,18,15.43,1.190198738850684,1.6886641344749975,-1.6901119497380621,-0.5901287277041376,68.26,-1.5999999999999943,-33.90000000000009,0,1.3197069974861444,WARNING,1.9841378145048325,NORMAL,MEMORY,WARNING
26-07-2026 16:17,CPU + Memory Stress,1,67.6,1200,82.3,2796.0,1.4,3.875,0.278,8.51,104.84,459,S1,Windows,18,15.43,1.1970004837526396,0.7215698594696048,-0.7223050650971846,-0.589819220714099,67.96000000000001,0.19999999999998863,-2166.8,0,0.83799596012893,NORMAL,1.3302869186385695,NORMAL,MEMORY,LOW
26-07-2026 16:17,CPU + Memory Stress,1,68.6,1200,83.4,2628.1,1.4,6.088,0.166,8.51,104.85,460,S1,Windows,18,15.43,1.23100920826242,0.7992197647620092,-0.7972980390362668,-0.5905125163717854,68.0,1.0,167.9000000000001,0,0.8866308029889393,NORMAL,1.6141765644352277,NORMAL,MEMORY,LOW
26-07-2026 16:18,CPU + Memory Stress,1,66.9,1200,83.5,2602.3,1.4,1.221,0.186,8.51,104.86,459,S1,Windows,18,15.43,1.1731943765957937,0.8062788470613182,-0.8088216764849167,-0.5903887135757699,67.9,-1.6999999999999886,25.799999999999727,0,0.8736840451092709,NORMAL,1.7990946300790234,NORMAL,MEMORY,LOW
26-07-2026 16:18,CPU + Memory Stress,1,67.7,1200,84.3,2475.0,1.4,1.159,0.319,8.51,104.87,459,S1,Windows,18,15.43,1.200401356203618,0.8627515054557935,-0.8656805542838754,-0.5895654249822674,67.64,0.7999999999999972,127.30000000000018,0,0.9099950543510519,NORMAL,1.9626395217925698,NORMAL,MEMORY,LOW
26-07-2026 16:18,CPU + Memory Stress,1,67.0,1200,86.3,2160.1,1.4,0.972,0.218,8.51,104.88,459,S1,Windows,18,15.43,1.1765952490467715,1.0039331514419823,-1.0063314625234048,-0.5901906291021453,67.56,-0.7000000000000028,314.9000000000001,0,0.9734629384717361,NORMAL,1.8189180371677465,NORMAL,MEMORY,LOW
26-07-2026 16:18,CPU + Memory Stress,1,67.3,1200,88.5,1809.9,1.4,0.646,0.115,8.51,104.88,458,S1,Windows,18,15.43,1.1867978663997056,1.15923296202679,-1.1627492080473274,-0.5908282135016247,67.5,0.29999999999999716,350.1999999999998,0,1.0545247328377392,NORMAL,2.2721992360330985,NORMAL,MEMORY,LOW
26-07-2026 16:18,CPU + Memory Stress,1,67.5,1200,89.4,1679.9,1.4,1.031,0.196,8.51,104.89,458,S1,Windows,18,15.43,1.1935996113016618,1.2227647027205752,-1.2208140479048657,-0.5903268121777623,67.28,0.20000000000000284,130.0,0,1.0871374662231967,NORMAL,1.7754724864533893,NORMAL,MEMORY,LOW
26-07-2026 16:18,CPU + Memory Stress,1,67.3,1200,92.8,1140.4,1.4,2.974,0.16,8.52,104.9,459,S1,Windows,18,15.43,1.1867978663997056,1.4627735008970955,-1.4617831333136497,-0.59054965721059,67.35999999999999,-0.20000000000000284,539.5,0,1.2053379682938883,NORMAL,1.7346548734541247,NORMAL,MEMORY,LOW
26-07-2026 16:19,CPU Stress,1,69.3,1200,52.8,7452.9,1.4,13.289,0.0,8.67,107.76,458,S1,Windows,18,15.43,1.2548153154192665,-1.3608594188266787,1.3577114943841253,-0.5915400795787135,67.67999999999999,2.0,-6312.5,0,1.1745527350663512,NORMAL,2.7338610410191255,WARNING,NORMAL,WARNING
26-07-2026 16:19,CPU Stress,1,67.9,1200,52.7,7482.2,1.4,0.95,6.018,8.67,107.77,458,S1,Windows,18,15.43,1.2072031011055742,-1.3679185011259876,1.370798415982786,-0.5542878182576711,67.86,-1.3999999999999915,-29.300000000000182,0,1.15755372751756,NORMAL,2.6267329057574273,NORMAL,NORMAL,LOW
26-07-2026 16:19,CPU Stress,1,67.4,1200,52.4,7515.9,1.4,0.653,5.907,8.67,107.78,458,S1,Windows,18,15.43,1.190198738850684,-1.3890957480239163,1.385850609084317,-0.5549749237755568,67.88,-0.5,-33.69999999999982,0,1.1619534526343547,NORMAL,2.735427868009571,WARNING,NORMAL,WARNING
26-07-2026 16:19,CPU Stress,1,67.3,1200,52.3,7537.5,1.4,0.476,4.547,8.67,107.79,458,S1,Windows,18,15.43,1.1867978663997056,-1.3961548303232258,1.3954983055529542,-0.5633935139046059,67.84,-0.10000000000000853,-21.600000000000364,0,1.1666641729083915,NORMAL,2.2568762406082037,NORMAL,NORMAL,LOW
26-07-2026 16:19,CPU Stress,1,67.4,1200,52.2,7553.5,1.4,1.082,4.084,8.67,107.8,458,S1,Windows,18,15.43,1.190198738850684,-1.403213912622535,1.4026447473815744,-0.566259548632363,67.85999999999999,0.10000000000000853,-16.0,0,1.1718046546447531,NORMAL,2.2602869944112647,NORMAL,NORMAL,LOW
26-07-2026 16:19,CPU Stress,1,67.3,1200,52.1,7568.5,1.4,0.775,3.189,8.67,107.81,460,S1,Windows,18,15.43,1.1867978663997056,-1.4102729949218444,1.4093445365959056,-0.5717997237540535,67.46000000000001,-0.10000000000000853,-15.0,0,1.175350110466457,NORMAL,2.292800593791318,NORMAL,NORMAL,LOW
26-07-2026 16:19,CPU Stress,1,67.4,1200,52.1,7575.7,1.4,0.994,2.387,8.7,107.84,459,S1,Windows,18,15.43,1.190198738850684,-1.4102729949218444,1.4125604354187846,-0.5767642158742721,67.36,0.10000000000000853,-7.199999999999818,0,1.17800645039037,NORMAL,2.50729446973596,NORMAL,NORMAL,LOW
26-07-2026 16:19,CPU Stress,1,68.4,1200,52.1,7577.6,1.4,0.513,1.94,8.72,107.87,459,S1,Windows,18,15.43,1.2242074633604643,-1.4102729949218444,1.4134090753859334,-0.579531208365217,67.56,1.0,-1.9000000000005457,0,1.1889321942349227,NORMAL,2.7383542553639844,WARNING,NORMAL,WARNING
26-07-2026 16:19,CPU Stress,1,66.9,1200,52.0,7580.6,1.4,1.016,1.636,8.73,107.96,459,S1,Windows,18,15.43,1.1731943765957937,-1.417332077221154,1.4147490332287997,-0.5814130108646515,67.48,-1.5,-3.0,0,1.1763903449637745,NORMAL,2.5750636163184555,NORMAL,NORMAL,LOW
26-07-2026 16:19,CPU Stress,1,67.7,1200,52.1,7571.4,1.4,4.865,3.047,8.73,107.99,460,S1,Windows,18,15.43,1.200401356203618,-1.4102729949218444,1.410639829177343,-0.572678723605763,67.53999999999999,0.7999999999999972,9.200000000000728,0,1.17986601589426,NORMAL,2.2639868960283835,NORMAL,NORMAL,LOW
26-07-2026 16:19,CPU Stress,1,67.6,1200,52.2,7557.4,1.4,3.601,4.935,8.73,108.01,459,S1,Windows,18,15.43,1.1970004837526396,-1.403213912622535,1.4043866925773003,-0.5609917396619066,67.6,-0.10000000000000853,14.0,0,1.1731400053603938,NORMAL,2.3176587959210564,NORMAL,NORMAL,LOW
26-07-2026 16:20,CPU Stress,1,67.2,1200,52.2,7555.0,1.4,0.624,0.456,8.74,108.02,460,S1,Windows,18,15.43,1.1833969939487279,-1.403213912622535,1.4033147263030075,-0.5887173758295616,67.56,-0.3999999999999915,2.399999999999636,0,1.1743896923978927,NORMAL,2.2392525828925276,NORMAL,NORMAL,LOW
26-07-2026 16:20,CPU Stress,1,67.3,1200,52.2,7553.0,1.4,0.593,0.299,8.74,108.03,460,S1,Windows,18,15.43,1.1867978663997056,-1.403213912622535,1.40242142107443,-0.5896892277782827,67.34,0.09999999999999432,2.0,0,1.1754256634772147,NORMAL,2.2759642106978064,NORMAL,NORMAL,LOW
26-07-2026 16:20,CPU Stress,1,67.5,1200,52.2,7553.6,1.4,0.518,0.224,8.74,108.04,459,S1,Windows,18,15.43,1.1935996113016618,-1.403213912622535,1.4026894126430034,-0.5901534882633406,67.46,0.20000000000000284,-0.6000000000003638,0,1.1776126373585278,NORMAL,2.2624477156097007,NORMAL,NORMAL,LOW
26-07-2026 16:20,CPU Stress,1,67.5,1200,52.2,7560.6,1.4,0.965,0.154,8.74,108.05,460,S1,Windows,18,15.43,1.1935996113016618,-1.403213912622535,1.4058159809430246,-0.5905867980493946,67.42,0.0,-7.0,0,1.178324612975743,NORMAL,2.5760114988312113,NORMAL,NORMAL,LOW
26-07-2026 16:20,CPU Stress,1,68.6,1200,52.5,7512.4,1.4,7.416,0.096,8.74,108.14,460,S1,Windows,18,15.43,1.23100920826242,-1.3820366657246068,1.3842873249343062,-0.5909458261578393,67.61999999999999,1.0999999999999943,48.20000000000073,0,1.178960392414537,NORMAL,2.50735088227834,NORMAL,NORMAL,LOW
26-07-2026 16:20,CPU Stress,1,67.4,1200,52.6,7495.1,1.4,1.744,0.201,8.75,108.17,460,S1,Windows,18,15.43,1.190198738850684,-1.3749775834252973,1.376560234707111,-0.5902958614787585,67.66,-1.1999999999999886,17.299999999999272,0,1.1629241159199686,NORMAL,2.3468022869243352,NORMAL,NORMAL,LOW
26-07-2026 16:20,CPU Stress,1,68.2,1200,52.7,7480.5,1.4,0.768,0.268,8.89,108.19,461,S1,Windows,18,15.43,1.217405718458508,-1.3679185011259876,1.3700391065384951,-0.5898811221121067,67.84,0.7999999999999972,14.600000000000364,0,1.1675813116054692,NORMAL,2.4589855485246424,NORMAL,NORMAL,LOW
26-07-2026 16:20,CPU Stress,1,67.9,1200,52.7,7481.8,1.4,0.504,0.153,8.91,108.29,459,S1,Windows,18,15.43,1.2072031011055742,-1.3679185011259876,1.3706197549370707,-0.5905929881891954,67.92,-0.29999999999999716,-1.300000000000182,0,1.164779029294722,NORMAL,2.5824882421918014,NORMAL,NORMAL,LOW
26-07-2026 16:20,CPU Stress,1,67.5,1200,52.7,7474.4,1.4,1.039,0.189,8.92,108.31,461,S1,Windows,18,15.43,1.1935996113016618,-1.3679185011259876,1.3673145255913335,-0.5903701431563677,67.92,-0.4000000000000057,7.400000000000546,0,1.159992367477835,NORMAL,2.236329483009479,NORMAL,NORMAL,LOW
26-07-2026 16:20,CPU Stress,1,68.3,1200,52.8,7466.0,1.4,5.712,0.271,8.92,108.31,460,S1,Windows,18,15.43,1.220806590909486,-1.3608594188266787,1.3635626436313082,-0.5898625516927044,67.86,0.7999999999999972,8.399999999999636,0,1.165184841985652,NORMAL,2.5872153437872094,NORMAL,NORMAL,LOW
26-07-2026 16:20,CPU Stress,1,68.2,1200,52.8,7464.3,1.4,1.039,0.378,8.95,108.46,460,S1,Windows,18,15.43,1.217405718458508,-1.3608594188266787,1.3628033341870174,-0.5892002067340218,68.02,-0.09999999999999432,1.699999999999818,0,1.1638802493697638,NORMAL,2.4185997421218164,NORMAL,NORMAL,LOW
26-07-2026 16:21,CPU Stress,1,67.4,1200,52.8,7461.6,1.4,0.985,0.327,8.95,108.47,460,S1,Windows,18,15.43,1.190198738850684,-1.3608594188266787,1.3615973721284378,-0.5895159038638612,67.86,-0.7999999999999972,2.699999999999818,0,1.1555401025016685,NORMAL,2.2346333193556123,NORMAL,NORMAL,LOW
26-07-2026 16:21,CPU Stress,1,67.7,1200,52.8,7460.4,1.4,1.611,0.411,8.95,108.48,460,S1,Windows,18,15.43,1.200401356203618,-1.3608594188266787,1.361061388991291,-0.5889959321205964,67.82000000000001,0.29999999999999716,1.2000000000007276,0,1.1583896967314664,NORMAL,2.216823696977391,NORMAL,NORMAL,LOW
26-07-2026 16:21,CPU Stress,1,69.1,1200,53.0,7434.2,1.4,1.198,0.304,8.96,108.49,462,S1,Windows,18,15.43,1.2480135705173103,-1.3467412542280595,1.3493590904969257,-0.5896582770792789,68.14000000000001,1.3999999999999915,26.199999999999818,0,1.1662299209388518,NORMAL,2.575231653294297,NORMAL,NORMAL,LOW
26-07-2026 16:21,CPU Stress,1,67.4,1200,52.7,7472.0,1.4,0.597,0.072,8.96,108.58,461,S1,Windows,18,15.43,1.190198738850684,-1.3679185011259876,1.3662425593170406,-0.5910943895130579,67.96000000000001,-1.6999999999999886,-37.80000000000018,0,1.1589025617590214,NORMAL,2.3616417069106985,NORMAL,NORMAL,LOW
26-07-2026 16:21,CPU Stress,1,67.7,1200,52.2,7551.6,1.4,0.66,0.331,8.96,108.6,460,S1,Windows,18,15.43,1.200401356203618,-1.403213912622535,1.4017961074144258,-0.5894911433046581,67.86,0.29999999999999716,-79.60000000000036,0,1.1793420307916627,NORMAL,2.3580915513640224,NORMAL,NORMAL,LOW
26-07-2026 16:21,CPU Stress,1,67.3,1200,52.2,7562.7,1.4,0.878,0.695,8.96,108.61,460,S1,Windows,18,15.43,1.1867978663997056,-1.403213912622535,1.4067539514330307,-0.5872379324171774,67.84,-0.4000000000000057,-11.099999999999454,0,1.175801910476714,NORMAL,2.8230672924240965,WARNING,NORMAL,WARNING
26-07-2026 16:21,CPU Stress,1,67.3,1200,52.1,7567.4,1.4,0.617,0.227,8.96,108.62,460,S1,Windows,18,15.43,1.1867978663997056,-1.4102729949218444,1.4088532187201879,-0.5901349178439383,67.76,0.0,-4.699999999999818,0,1.1789188857092903,NORMAL,2.354192963226126,NORMAL,NORMAL,LOW
26-07-2026 16:21,CPU Stress,1,67.1,1200,52.1,7570.0,1.4,0.579,0.209,8.96,108.63,460,S1,Windows,18,15.43,1.1799961214977495,-1.4102729949218444,1.4100145155173387,-0.5902463403603522,67.36,-0.20000000000000284,-2.600000000000364,0,1.1771329061014164,NORMAL,2.2465875835143607,NORMAL,NORMAL,LOW
26-07-2026 16:21,CPU Stress,1,67.4,1200,52.1,7577.3,1.4,0.866,0.143,8.96,108.64,459,S1,Windows,18,15.43,1.190198738850684,-1.4102729949218444,1.4132750796016469,-0.5906548895872031,67.36,0.30000000000001137,-7.300000000000182,0,1.1809275139695286,NORMAL,2.6796239807988163,NORMAL,NORMAL,LOW
26-07-2026 16:21,CPU Stress,1,67.5,1200,52.0,7583.5,1.4,0.803,0.598,8.96,108.65,459,S1,Windows,18,15.43,1.1935996113016618,-1.417332077221154,1.416044325810237,-0.5878383759778522,67.32000000000001,0.09999999999999432,-6.199999999999818,0,1.1840560469144625,NORMAL,2.3468656295280708,NORMAL,NORMAL,LOW
26-07-2026 16:21,CPU Stress,1,67.9,1200,52.0,7584.5,1.4,0.579,0.152,8.96,108.66,459,S1,Windows,18,15.43,1.2072031011055742,-1.417332077221154,1.4164909784245259,-0.5905991783289962,67.44,0.4000000000000057,-1.0,0,1.188778584848723,NORMAL,2.3084710722679764,NORMAL,NORMAL,LOW
26-07-2026 16:21,CPU Stress,1,67.1,1200,52.0,7583.4,1.4,0.405,0.108,8.96,108.67,460,S1,Windows,18,15.43,1.1799961214977495,-1.417332077221154,1.4159996605488079,-0.59087154448023,67.4,-0.8000000000000114,1.1000000000003638,0,1.1805727006214786,NORMAL,2.3428989715672044,NORMAL,NORMAL,LOW
26-07-2026 16:22,CPU Stress,1,68.5,1200,52.2,7548.8,1.4,0.914,0.27,8.97,108.68,460,S1,Windows,18,15.43,1.2276083358114422,-1.403213912622535,1.4005454800944173,-0.5898687418325052,67.68,1.4000000000000057,34.599999999999454,0,1.1873295189155777,NORMAL,2.6227087063383934,NORMAL,NORMAL,LOW
26-07-2026 16:22,CPU Stress,1,67.7,1200,52.1,7565.3,1.4,1.13,0.327,8.97,108.69,459,S1,Windows,18,15.43,1.200401356203618,-1.4102729949218444,1.4079152482301818,-0.5895159038638612,67.74,-0.7999999999999972,-16.5,0,1.1826885357564472,NORMAL,2.537154995426934,NORMAL,NORMAL,LOW
26-07-2026 16:22,CPU Stress,1,67.2,1200,52.1,7568.2,1.4,0.607,0.199,8.98,108.72,459,S1,Windows,18,15.43,1.1833969939487279,-1.4102729949218444,1.409210540811619,-0.5903082417583599,67.67999999999999,-0.5,-2.899999999999636,0,1.1780047531751672,NORMAL,2.305915584051604,NORMAL,NORMAL,LOW
26-07-2026 16:22,CPU Stress,1,67.3,1200,52.0,7579.6,1.4,0.781,0.312,8.99,108.73,458,S1,Windows,18,15.43,1.1867978663997056,-1.417332077221154,1.414302380614511,-0.5896087559608728,67.56,0.09999999999999432,-11.400000000000546,0,1.1820212104013348,NORMAL,2.69833173823982,WARNING,NORMAL,WARNING
26-07-2026 16:22,CPU Stress,1,67.4,1200,52.0,7580.1,1.4,1.085,0.198,9.0,108.75,458,S1,Windows,18,15.43,1.190198738850684,-1.417332077221154,1.4145257069216555,-0.5903144318981608,67.62,0.10000000000000853,-0.5,0,1.1832272725855149,NORMAL,2.642459146394015,NORMAL,NORMAL,LOW
26-07-2026 16:22,CPU Stress,1,67.6,1200,52.1,7571.4,1.4,4.735,3.945,9.01,108.79,458,S1,Windows,18,15.43,1.1970004837526396,-1.4102729949218444,1.410639829177343,-0.5671199780646703,67.44,0.19999999999998863,8.700000000000728,0,1.177734005050748,NORMAL,2.260889688662673,NORMAL,NORMAL,LOW
26-07-2026 16:22,CPU Stress,1,67.7,1200,52.2,7555.7,1.4,1.364,0.337,9.01,108.8,458,S1,Windows,18,15.43,1.200401356203618,-1.403213912622535,1.4036273831330095,-0.5894540024658534,67.44,0.10000000000000853,15.699999999999818,0,1.1797008577676185,NORMAL,2.2607965712094464,NORMAL,NORMAL,LOW
26-07-2026 16:22,CPU Stress,1,67.2,1200,52.2,7558.8,1.4,0.463,0.106,9.01,108.8,458,S1,Windows,18,15.43,1.1833969939487279,-1.403213912622535,1.4050120062373048,-0.5908839247598316,67.44000000000001,-0.5,-3.100000000000364,0,1.1751624581708062,NORMAL,2.401295053023651,NORMAL,NORMAL,LOW
26-07-2026 16:22,CPU Stress,1,67.3,1200,52.2,7557.2,1.4,0.614,0.325,9.01,108.81,458,S1,Windows,18,15.43,1.1867978663997056,-1.403213912622535,1.4042973620544426,-0.5895282841434627,67.44,0.09999999999999432,1.6000000000003638,0,1.1757686629462532,NORMAL,2.3011272703196863,NORMAL,NORMAL,LOW
26-07-2026 16:22,CPU Stress,1,67.2,1200,52.2,7556.7,1.4,0.709,0.094,9.01,108.82,458,S1,Windows,18,15.43,1.1833969939487279,-1.403213912622535,1.4040740357472983,-0.590958206437441,67.4,-0.09999999999999432,0.5,0,1.1749897204083266,NORMAL,2.276455499890953,NORMAL,NORMAL,LOW
26-07-2026 16:22,CPU Stress,1,67.7,1200,52.2,7550.5,1.4,0.634,0.16,9.02,108.83,458,S1,Windows,18,15.43,1.200401356203618,-1.403213912622535,1.401304789538708,-0.59054965721059,67.42,0.5,6.199999999999818,0,1.1794554699977056,NORMAL,2.439736292957168,NORMAL,NORMAL,LOW
26-07-2026 16:22,CPU Stress,1,67.0,1200,52.1,7569.8,1.4,0.6,0.157,9.02,108.84,458,S1,Windows,18,15.43,1.1765952490467715,-1.4102729949218444,1.4099251849944812,-0.5905682276299924,67.28,-0.7000000000000028,-19.300000000000182,0,1.1761591557154796,NORMAL,2.2469536091960673,NORMAL,NORMAL,LOW
26-07-2026 16:23,CPU Stress,1,67.4,1200,52.0,7579.6,1.4,0.63,0.145,9.02,108.85,458,S1,Windows,18,15.43,1.190198738850684,-1.417332077221154,1.414302380614511,-0.5906425093076016,67.32000000000001,0.4000000000000057,-9.800000000000182,0,1.183248222805974,NORMAL,2.700653288245819,WARNING,NORMAL,WARNING
26-07-2026 16:23,CPU Stress,1,67.2,1200,52.1,7578.6,1.4,0.669,0.147,9.02,108.87,458,S1,Windows,18,15.43,1.1833969939487279,-1.4102729949218444,1.4138557280002222,-0.590630129028,67.3,-0.20000000000000284,1.0,0,1.178998168066816,NORMAL,2.8386346776852727,WARNING,NORMAL,WARNING
26-07-2026 16:23,CPU Stress,1,67.6,1200,52.1,7577.9,1.4,0.753,0.207,9.02,108.89,458,S1,Windows,18,15.43,1.1970004837526396,-1.4102729949218444,1.4135430711702197,-0.5902587206399538,67.38,0.3999999999999915,0.7000000000007276,0,1.18294240196438,NORMAL,2.7571383213961256,WARNING,NORMAL,WARNING
26-07-2026 16:23,CPU Stress,1,67.0,1200,52.1,7577.6,1.4,0.624,0.116,9.03,108.9,458,S1,Windows,18,15.43,1.1765952490467715,-1.4102729949218444,1.4134090753859334,-0.590822023361824,67.24,-0.5999999999999943,0.2999999999992724,0,1.1769066929401364,NORMAL,2.706477577544281,WARNING,NORMAL,WARNING
26-07-2026 16:23,CPU Stress,1,67.5,1200,52.1,7574.1,1.4,0.492,0.318,9.03,108.92,459,S1,Windows,18,15.43,1.1935996113016618,-1.4102729949218444,1.4118457912359228,-0.5895716151220681,67.34,0.5,3.5,0,1.18144526313865,NORMAL,2.3775122279160206,NORMAL,NORMAL,LOW
26-07-2026 16:23,CPU Stress,1,67.6,1200,52.1,7570.5,1.4,0.433,0.142,9.03,108.93,457,S1,Windows,18,15.43,1.1970004837526396,-1.4102729949218444,1.4102378418244832,-0.5906610797270039,67.38,0.09999999999999432,3.600000000000364,0,1.1823618279126427,NORMAL,2.2562616132025815,NORMAL,NORMAL,LOW
26-07-2026 16:23,CPU Stress,1,67.2,1200,52.1,7570.3,1.4,1.101,0.15,9.03,108.94,458,S1,Windows,18,15.43,1.1833969939487279,-1.4102729949218444,1.4101485113016254,-0.5906115586085977,67.38,-0.3999999999999915,0.1999999999998181,0,1.1782530106432163,NORMAL,2.2463675938592065,NORMAL,NORMAL,LOW
26-07-2026 16:23,CPU Stress,1,71.3,1200,53.0,7422.1,1.4,5.019,0.272,9.03,108.94,459,S1,Windows,18,15.43,1.3228327644388274,-1.3467412542280595,1.3439545938640318,-0.5898563615529036,68.12,4.099999999999994,148.19999999999982,0,1.187634396683453,NORMAL,2.675569350509957,NORMAL,CPU,LOW
26-07-2026 16:23,CPU Stress,1,67.9,1200,53.8,7295.5,1.4,0.966,0.16,9.03,108.96,459,S1,Windows,18,15.43,1.2072031011055742,-1.2902685958335842,1.2874083728950751,-0.59054965721059,68.3,-3.3999999999999915,126.60000000000036,0,1.1248331151028808,NORMAL,2.573435167095962,NORMAL,NORMAL,LOW
26-07-2026 16:23,CPU Stress,1,67.0,1200,53.8,7302.7,1.4,0.628,0.336,9.03,108.97,460,S1,Windows,18,15.43,1.1765952490467715,-1.2902685958335842,1.2906242717179541,-0.5894601926056543,68.2,-0.9000000000000057,-7.199999999999818,0,1.1160760463288284,NORMAL,2.1402162463685976,NORMAL,NORMAL,LOW
26-07-2026 16:23,CPU Stress,1,67.2,1200,53.7,7322.1,1.4,0.801,0.373,9.03,108.99,459,S1,Windows,18,15.43,1.1833969939487279,-1.2973276781328933,1.2992893324351562,-0.5892311574330257,68.11999999999999,0.20000000000000284,-19.400000000000546,0,1.1219214995981228,NORMAL,2.3451917515713894,NORMAL,NORMAL,LOW
26-07-2026 16:23,CPU Stress,1,68.1,1200,53.7,7311.6,1.4,4.786,0.47,9.03,108.99,459,S1,Windows,18,15.43,1.21400484600753,-1.2973276781328933,1.2945994799851244,-0.5886307138723509,68.3,0.8999999999999915,10.5,0,1.130045796013622,NORMAL,2.548635115163457,NORMAL,NORMAL,LOW
26-07-2026 16:24,CPU Stress,1,68.6,1200,53.9,7283.1,1.4,1.484,0.588,9.03,109.0,459,S1,Windows,18,15.43,1.23100920826242,-1.2832095135342747,1.2818698804778947,-0.5879002773758599,67.76,0.5,28.5,0,1.1282196481097595,NORMAL,2.2699293494105794,NORMAL,NORMAL,LOW
26-07-2026 16:24,CPU Stress,1,68.6,1200,54.0,7265.6,1.4,0.499,0.291,9.04,109.01,460,S1,Windows,18,15.43,1.23100920826242,-1.2761504312349652,1.2740534597278415,-0.589738748896689,67.9,0.0,17.5,0,1.1249063335741216,NORMAL,2.397832448412901,NORMAL,NORMAL,LOW
26-07-2026 16:24,CPU Stress,1,70.0,1200,54.2,7241.4,1.4,0.754,0.35,9.04,109.03,461,S1,Windows,18,15.43,1.2786214225761128,-1.2620322666363462,1.2632444664620532,-0.5893735306484434,68.5,1.4000000000000057,24.200000000000728,0,1.1327197061858372,NORMAL,2.2699913113962347,NORMAL,NORMAL,LOW
26-07-2026 16:24,CPU Stress,1,68.5,1200,54.3,7228.7,1.4,0.589,0.187,9.04,109.03,460,S1,Windows,18,15.43,1.2276083358114422,-1.254973184337037,1.257571978260586,-0.5903825234359692,68.76,-1.5,12.699999999999818,0,1.114365356383855,NORMAL,2.4867683977130586,NORMAL,NORMAL,LOW
26-07-2026 16:24,CPU Stress,1,70.8,1200,56.1,6935.5,1.4,8.96,0.29,9.16,111.53,462,S1,Windows,18,15.43,1.305828402183937,-1.127909702949467,1.1266134317511227,-0.5897449390364897,69.3,2.299999999999997,293.1999999999998,0,1.0733931056975436,NORMAL,2.1987580439235836,NORMAL,CPU,LOW
26-07-2026 16:24,CPU Stress,1,71.9,1200,58.3,6593.2,1.4,8.54,0.465,9.32,115.93,464,S1,Windows,18,15.43,1.3432379991446959,-0.9726098923646597,0.9737242418800814,-0.5886616645713547,69.96000000000001,1.1000000000000085,342.3000000000002,0,1.0072315487430938,NORMAL,2.0830743010200825,NORMAL,CPU,LOW
26-07-2026 16:24,CPU Stress,1,69.8,1200,58.6,6541.1,1.4,3.664,0.418,9.35,116.82,463,S1,Windows,18,15.43,1.2718196776741566,-0.9514326454667311,0.9504536406756374,-0.588952601141991,70.2,-2.1000000000000085,52.099999999999454,0,0.9748569453057919,NORMAL,1.9921963733072452,NORMAL,NORMAL,LOW
26-07-2026 16:24,CPU Stress,1,68.7,1200,57.3,6749.6,1.4,1.227,0.245,9.4,119.23,463,S1,Windows,18,15.43,1.2344100807133984,-1.043200715357754,1.0435807107548432,-0.5900234953275244,69.94,-1.0999999999999943,-208.5,0,1.0100040800378192,NORMAL,1.9811805416808135,NORMAL,NORMAL,LOW
26-07-2026 16:24,CPU Stress,1,68.8,1200,56.2,6924.5,1.4,0.653,0.222,9.43,120.64,463,S1,Windows,18,15.43,1.2378109531643762,-1.1208506206501574,1.1217002529939466,-0.5901658685429422,70.0,0.09999999999999432,-174.89999999999964,0,1.0499716964517378,NORMAL,2.080148105089006,NORMAL,NORMAL,LOW
26-07-2026 16:24,CPU Stress,1,68.9,1200,55.9,6964.9,1.4,0.793,0.216,9.45,121.85,462,S1,Windows,18,15.43,1.2412118256153546,-1.142027867548086,1.1397450186112121,-0.5902030093817469,69.62,0.10000000000000853,-40.399999999999636,0,1.060961513547624,NORMAL,2.3451159501164813,NORMAL,NORMAL,LOW
26-07-2026 16:24,CPU Stress,1,68.9,1200,55.9,6964.7,1.4,0.605,0.269,9.48,122.92,462,S1,Windows,18,15.43,1.2412118256153546,-1.142027867548086,1.1396556880883544,-0.5898749319723059,69.02000000000001,0.0,0.1999999999998181,0,1.0608780319611644,NORMAL,2.3661506893364264,NORMAL,NORMAL,LOW
26-07-2026 16:25,CPU Stress,1,70.0,1200,56.1,6934.7,1.4,2.571,0.285,9.48,122.93,463,S1,Windows,18,15.43,1.2786214225761128,-1.127909702949467,1.1262561096596917,-0.5897758897354937,69.06,1.0999999999999943,30.0,0,1.065165737536711,NORMAL,2.2337250724160964,NORMAL,NORMAL,LOW
26-07-2026 16:25,CPU Stress,1,71.0,1200,57.0,6800.9,1.4,1.092,0.295,9.49,122.98,463,S1,Windows,18,15.43,1.3126301470858932,-1.0643779622556822,1.066493989867856,-0.5897139883374859,69.52000000000001,1.0,133.80000000000018,0,1.044344028443541,NORMAL,2.2992103375306643,NORMAL,CPU,LOW
26-07-2026 16:25,CPU Stress,1,69.3,1200,56.8,6822.5,1.4,1.796,0.15,9.49,122.98,462,S1,Windows,18,15.43,1.2548153154192665,-1.0784961268543012,1.0761416863364934,-0.5906115586085977,69.62,-1.7000000000000028,-21.600000000000364,0,1.0333440816710886,NORMAL,2.326329688336907,NORMAL,NORMAL,LOW
26-07-2026 16:25,CPU Stress,1,68.8,1200,56.8,6835.7,1.4,0.489,0.101,9.49,122.99,462,S1,Windows,18,15.43,1.2378109531643762,-1.0784961268543012,1.0820375008451049,-0.5909148754588355,69.6,-0.5,-13.199999999999818,0,1.0294825992663912,NORMAL,2.6394696645752114,NORMAL,NORMAL,LOW
26-07-2026 16:25,CPU Stress,1,68.7,1200,56.4,6888.4,1.4,0.648,0.118,9.5,123.01,462,S1,Windows,18,15.43,1.2344100807133984,-1.1067324560515388,1.1055760936181223,-0.5908096430822224,69.55999999999999,-0.09999999999999432,-52.69999999999982,0,1.04161990836955,NORMAL,2.1046046178129734,NORMAL,NORMAL,LOW
26-07-2026 16:25,CPU Stress,1,69.0,1200,56.5,6870.6,1.4,1.647,0.258,9.5,123.01,464,S1,Windows,18,15.43,1.2446126980663323,-1.0996733737522293,1.0976256770837827,-0.5899430235101144,69.35999999999999,0.29999999999999716,17.799999999999272,0,1.0407995616643477,NORMAL,2.2637023467979507,NORMAL,NORMAL,LOW
26-07-2026 16:25,CPU Stress,1,69.2,1200,56.4,6896.2,1.4,3.14,0.317,9.5,123.02,463,S1,Windows,18,15.43,1.2514144429682885,-1.1067324560515388,1.1090599840095745,-0.589577805261869,69.0,0.20000000000000284,-25.599999999999454,0,1.047171627560237,NORMAL,2.3300735286170133,NORMAL,NORMAL,LOW
26-07-2026 16:25,CPU Stress,1,69.9,1200,56.6,6862.9,1.4,2.874,0.179,9.5,123.04,464,S1,Windows,18,15.43,1.275220550125135,-1.0926142914529198,1.094186451953759,-0.5904320445543754,69.12,0.7000000000000028,33.30000000000018,0,1.0472741517750432,NORMAL,2.184839524218939,NORMAL,NORMAL,LOW
26-07-2026 16:25,CPU Stress,1,70.9,1200,58.9,6493.0,1.4,2.939,0.427,9.62,124.38,464,S1,Windows,18,15.43,1.3092292746349155,-0.930255398568803,0.9289696499283481,-0.588896889883784,69.54,1.0,369.89999999999964,0,0.9754187099235421,NORMAL,2.0494550472156914,NORMAL,CPU,LOW
26-07-2026 16:25,CPU Stress,1,69.2,1200,58.6,6537.8,1.4,0.882,0.238,9.72,126.13,463,S1,Windows,18,15.43,1.2514144429682885,-0.9514326454667311,0.9489796870484845,-0.5900668263061298,69.64,-1.7000000000000028,-44.80000000000018,0,0.9686634292014288,NORMAL,2.260966344130634,NORMAL,NORMAL,LOW
26-07-2026 16:25,CPU Stress,1,70.9,1200,58.5,6556.4,1.4,2.824,0.36,9.87,129.14,464,S1,Windows,18,15.43,1.3092292746349155,-0.9584917277660406,0.9572874256742551,-0.5893116292504358,70.02000000000001,1.7000000000000028,-18.599999999999454,0,0.989636111705225,NORMAL,2.0586017209514966,NORMAL,CPU,LOW
26-07-2026 16:26,CPU Stress,1,68.5,1200,58.2,6604.9,1.4,0.784,0.751,9.88,129.16,463,S1,Windows,18,15.43,1.2276083358114422,-0.9796689746639687,0.9789500774672598,-0.5868912845883341,69.88,-2.4000000000000057,-48.5,0,0.975351465553742,NORMAL,1.9489931702828938,NORMAL,NORMAL,LOW
26-07-2026 16:26,CPU Stress,1,68.8,1200,57.6,6704.9,1.4,0.754,0.176,9.89,129.17,463,S1,Windows,18,15.43,1.2378109531643762,-1.0220234684598255,1.0236153388961353,-0.5904506149737777,69.66,0.29999999999999716,-100.0,0,1.000763517261243,NORMAL,2.1037832931482425,NORMAL,NORMAL,LOW
26-07-2026 16:26,CPU Stress,1,69.3,1200,58.1,6620.4,1.4,1.263,0.916,9.95,131.73,463,S1,Windows,18,15.43,1.2548153154192665,-0.9867280569632783,0.9858731929887355,-0.5858699115212068,69.34,0.5,84.5,0,0.9868116326167519,NORMAL,1.9907582811902826,NORMAL,NORMAL,LOW
26-07-2026 16:26,CPU Stress,1,70.8,1200,58.3,6590.2,1.4,0.324,0.514,9.97,132.07,465,S1,Windows,18,15.43,1.305828402183937,-0.9726098923646597,0.9723842840372151,-0.588358347721117,69.66,1.5,30.199999999999818,0,0.9956800147162453,NORMAL,1.9826521992998367,NORMAL,CPU,LOW
26-07-2026 16:26,CPU Stress,1,69.4,1200,58.0,6633.9,1.4,0.363,0.602,9.99,132.2,466,S1,Windows,18,15.43,1.2582161878702447,-0.9937871392625878,0.9919030032816337,-0.5878136154186491,69.35999999999999,-1.3999999999999915,-43.69999999999982,0,0.9915443218799064,NORMAL,2.161907905316684,NORMAL,NORMAL,LOW
26-07-2026 16:26,CPU Stress,1,68.4,1200,57.8,6664.4,1.4,0.32,0.608,10.0,132.22,466,S1,Windows,18,15.43,1.2242074633604643,-1.007905303861207,1.0055259080174408,-0.5877764745798444,69.34,-1.0,-30.5,0,0.9882943066859582,NORMAL,2.2603061106957707,NORMAL,NORMAL,LOW
26-07-2026 16:26,CPU Stress,1,70.7,1200,57.7,6690.5,1.4,0.231,0.076,10.0,132.23,465,S1,Windows,18,15.43,1.3024275297329593,-1.014964386160516,1.0171835412503776,-0.5910696289538548,69.72,2.299999999999997,-26.100000000000364,0,1.0168682088088892,NORMAL,2.278835143632197,NORMAL,CPU,LOW
26-07-2026 16:26,CPU Stress,1,70.5,1200,57.7,6681.5,1.4,0.253,0.183,10.01,132.24,466,S1,Windows,18,15.43,1.295625784831003,-1.014964386160516,1.0131636677217786,-0.5904072839951723,69.96000000000001,-0.20000000000000284,9.0,0,1.0138912416408459,NORMAL,2.1901869436699157,NORMAL,CPU,LOW
26-07-2026 16:26,CPU Stress,1,71.1,1200,58.0,6645.8,1.4,0.518,0.297,10.04,132.29,467,S1,Windows,18,15.43,1.3160310195368712,-0.9937871392625878,0.9972181693916702,-0.5897016080578843,70.02000000000001,0.5999999999999943,35.69999999999982,0,1.0103294031297487,NORMAL,2.6058252648206,NORMAL,CPU,LOW
26-07-2026 16:26,CPU Stress,1,69.8,1200,58.0,6630.7,1.4,0.875,0.129,10.08,132.34,467,S1,Windows,18,15.43,1.2718196776741566,-0.9937871392625878,0.9904737149159097,-0.5907415515444139,70.1,-1.2999999999999972,15.100000000000364,0,0.9959250983730881,NORMAL,2.548308297792694,NORMAL,NORMAL,LOW
26-07-2026 16:27,CPU Stress,1,67.9,1200,57.0,6791.4,1.4,0.647,0.098,10.08,132.35,464,S1,Windows,18,15.43,1.2072031011055742,-1.0643779622556822,1.0622507900321128,-0.5909334458782378,70.0,-1.8999999999999915,-160.69999999999982,0,1.012111166190447,NORMAL,2.2276409509814767,NORMAL,NORMAL,LOW
26-07-2026 16:27,CPU Stress,1,69.8,1200,59.1,6466.3,1.4,68.817,0.449,10.08,132.37,474,S1,Windows,18,15.43,1.2718196776741566,-0.9161372339701839,0.9170440251268384,-0.5887607068081671,69.82000000000001,1.8999999999999915,325.09999999999945,0,0.9575480198803032,NORMAL,1.9535060490420815,NORMAL,NORMAL,LOW
26-07-2026 16:27,CPU Stress,1,71.0,1200,59.3,6434.5,1.4,4.628,0.75,10.11,132.44,473,S1,Windows,18,15.43,1.3126301470858932,-0.9020190693715653,0.9028404719924559,-0.5868974747281349,69.92,1.2000000000000028,31.800000000000182,0,0.9623423542813556,NORMAL,1.9699942812022553,NORMAL,CPU,LOW
26-07-2026 16:27,CPU Stress,1,68.8,1200,59.1,6463.4,1.4,1.155,0.416,10.11,132.46,475,S1,Windows,18,15.43,1.2378109531643762,-0.9161372339701839,0.9157487325454007,-0.5889649814215926,69.46,-2.200000000000003,-28.899999999999636,0,0.9471271989337666,NORMAL,1.8849763772502763,NORMAL,NORMAL,LOW
26-07-2026 16:27,CPU Stress,1,69.1,1200,58.6,6537.2,1.4,1.28,0.473,10.11,132.47,475,S1,Windows,18,15.43,1.2480135705173103,-0.9514326454667311,0.9487116954799111,-0.5886121434529485,69.32000000000001,0.29999999999999716,-73.80000000000018,0,0.9672986325817844,NORMAL,2.330420416014575,NORMAL,NORMAL,LOW
26-07-2026 16:27,CPU Stress,1,67.8,1200,58.5,6564.2,1.4,1.205,0.244,10.11,132.48,473,S1,Windows,18,15.43,1.2038022286545957,-0.9584917277660406,0.9607713160657074,-0.5900296854673253,69.3,-1.2999999999999972,-27.0,0,0.9588483872327974,NORMAL,2.1770334850884225,NORMAL,NORMAL,LOW
26-07-2026 16:27,CPU Stress,1,68.4,1200,58.5,6566.4,1.4,0.318,0.176,10.11,132.48,475,S1,Windows,18,15.43,1.2242074633604643,-0.9584917277660406,0.9617539518171426,-0.5904506149737777,69.02000000000001,0.6000000000000085,-2.199999999999818,0,0.9652506706961355,NORMAL,2.467906234037327,NORMAL,NORMAL,LOW
26-07-2026 16:27,CPU Stress,1,69.0,1200,58.0,6636.4,1.4,0.397,0.352,10.12,132.5,471,S1,Windows,18,15.43,1.2446126980663323,-0.9937871392625878,0.9930196348173556,-0.5893611503688418,68.62,0.5999999999999943,-70.0,0,0.9879961082359155,NORMAL,1.9793327982982274,NORMAL,NORMAL,LOW
26-07-2026 16:27,CPU Stress,1,67.5,1200,57.5,6724.2,1.4,0.822,0.249,10.12,132.51,470,S1,Windows,18,15.43,1.1935996113016618,-1.029082550759135,1.0322357343519084,-0.5899987347683214,68.36,-1.5,-87.80000000000018,0,0.9912515424422851,NORMAL,2.4578518199665194,NORMAL,NORMAL,LOW
26-07-2026 16:27,CPU Stress,1,69.4,1200,57.7,6693.5,1.4,0.314,0.147,10.14,132.53,470,S1,Windows,18,15.43,1.2582161878702447,-1.014964386160516,1.0185234990932437,-0.590630129028,68.42,1.9000000000000057,30.699999999999818,0,1.003784897833477,NORMAL,2.6195101030822125,NORMAL,NORMAL,LOW
26-07-2026 16:27,CPU Stress,1,68.8,1200,57.9,6646.6,1.4,0.277,0.106,10.14,132.54,472,S1,Windows,18,15.43,1.2378109531643762,-1.0008462215618974,0.9975754914831012,-0.5908839247598316,68.62,-0.6000000000000085,46.899999999999636,0,0.9892890356664688,NORMAL,2.5170224815467934,NORMAL,NORMAL,LOW
26-07-2026 16:28,CPU Stress,1,71.9,1200,59.5,6405.7,1.4,0.282,0.519,10.15,132.56,477,S1,Windows,18,15.43,1.3432379991446959,-0.8879009047729463,0.8899768767009396,-0.588327397022113,69.32000000000001,3.1000000000000085,240.90000000000055,0,0.9650025259199032,NORMAL,2.1914069239070844,NORMAL,CPU,LOW
26-07-2026 16:28,CPU Stress,1,70.8,1200,61.6,6066.5,1.4,0.878,0.272,10.15,132.63,477,S1,Windows,18,15.43,1.305828402183937,-0.739660176487448,0.7384723099341934,-0.5898563615529036,69.67999999999999,-1.1000000000000085,339.1999999999998,0,0.8793123078988349,NORMAL,1.8966476069303302,NORMAL,CPU,LOW
26-07-2026 16:28,CPU Stress,1,74.2,1200,60.2,6291.5,1.4,0.675,0.199,10.22,137.13,481,S1,Windows,18,15.43,1.4214580655171907,-0.83848732867778,0.8389691481491637,-0.5903082417583599,71.02000000000001,3.4000000000000057,-225.0,0,0.963839096239996,NORMAL,1.996417260705119,NORMAL,CPU,LOW
26-07-2026 16:28,CPU Stress,1,69.5,1200,59.7,6370.9,1.4,0.328,0.267,10.24,137.49,479,S1,Windows,18,15.43,1.2616170603212227,-0.8737827401743272,0.8744333657236908,-0.5898873122519075,71.04,-4.700000000000003,-79.39999999999964,0,0.9334840757437847,NORMAL,1.8883825468727407,NORMAL,NORMAL,LOW
26-07-2026 16:28,CPU Stress,1,71.9,1200,60.9,6179.2,1.4,0.4,0.175,10.26,138.5,479,S1,Windows,18,15.43,1.3432379991446959,-0.7890737525826143,0.7888100595645362,-0.5904568051135785,71.66,2.4000000000000057,191.69999999999982,0,0.915546898453816,NORMAL,1.8791140382065499,NORMAL,CPU,LOW
26-07-2026 16:28,CPU Stress,1,68.3,1200,61.3,6114.7,1.4,1.2,0.187,10.27,138.52,479,S1,Windows,18,15.43,1.220806590909486,-0.7608374233853766,0.7600009659429114,-0.5903825234359692,70.94,-3.6000000000000085,64.5,0,0.8645699021642349,NORMAL,1.7904722311394128,NORMAL,NORMAL,LOW
26-07-2026 16:28,CPU Stress,1,69.5,1200,60.5,6237.9,1.4,0.28,0.362,10.3,139.41,478,S1,Windows,18,15.43,1.2616170603212227,-0.8173100817798519,0.8150285680232862,-0.5892992489708342,70.67999999999999,1.2000000000000028,-123.19999999999982,0,0.9045437060291465,NORMAL,2.136945183220883,NORMAL,NORMAL,LOW
26-07-2026 16:28,CPU Stress,1,69.2,1200,59.4,6419.7,1.4,0.242,0.226,10.31,139.69,473,S1,Windows,18,15.43,1.2514144429682885,-0.8949599870722558,0.8962300133009822,-0.5901411079837391,69.67999999999999,-0.29999999999999716,-181.80000000000018,0,0.9411865532691076,NORMAL,1.967174510385784,NORMAL,NORMAL,LOW
26-07-2026 16:28,CPU Stress,1,70.6,1200,59.5,6408.8,1.4,1.687,0.165,10.32,139.99,470,S1,Windows,18,15.43,1.2990266572819809,-0.8879009047729463,0.8913614998052348,-0.5905187065115861,69.9,1.3999999999999915,10.899999999999636,0,0.9524543098798424,NORMAL,2.540380513718111,NORMAL,CPU,LOW
26-07-2026 16:28,CPU Stress,1,70.1,1200,59.2,6450.8,1.4,0.409,0.212,10.34,140.33,469,S1,Windows,18,15.43,1.2820222950270908,-0.9090781516708744,0.9101209096053626,-0.5902277699409498,69.53999999999999,-0.5,-42.0,0,0.957399869918652,NORMAL,1.9729592335515584,NORMAL,CPU,LOW
26-07-2026 16:29,CPU Stress,1,70.3,1200,59.1,6459.4,1.4,0.332,0.19,10.35,140.78,469,S1,Windows,18,15.43,1.288824039929047,-0.9161372339701839,0.9139621220882457,-0.5903639530165669,69.94,0.20000000000000284,-8.599999999999454,0,0.9623535971907318,NORMAL,2.1965819964258793,NORMAL,CPU,LOW
26-07-2026 16:29,CPU Stress,1,69.7,1200,58.7,6532.5,1.4,0.235,0.247,10.36,140.79,466,S1,Windows,18,15.43,1.2684188052231788,-0.9443735631674215,0.9466124281927539,-0.5900111150479229,69.97999999999999,-0.5999999999999943,-73.10000000000036,0,0.9711624191653154,NORMAL,2.207448963521654,NORMAL,NORMAL,LOW
26-07-2026 16:29,CPU Stress,1,68.7,1200,58.3,6587.1,1.4,0.783,0.067,10.37,141.02,466,S1,Windows,18,15.43,1.2344100807133984,-0.9726098923646597,0.9709996609329202,-0.5911253402120618,69.88,-1.0,-54.600000000000364,0,0.9745309921524138,NORMAL,2.0739804319577733,NORMAL,NORMAL,LOW
26-07-2026 16:29,CPU Stress,1,68.8,1200,58.2,6599.4,1.4,0.284,0.145,10.38,141.34,466,S1,Windows,18,15.43,1.2378109531643762,-0.9796689746639687,0.9764934880886716,-0.5906425093076016,69.52,0.09999999999999432,-12.299999999999272,0,0.978671177827758,NORMAL,2.474571418213826,NORMAL,NORMAL,LOW
26-07-2026 16:29,CPU Stress,1,70.3,1200,58.4,6576.7,1.4,0.854,0.259,10.4,141.62,470,S1,Windows,18,15.43,1.288824039929047,-0.9655508100653502,0.9663544737443169,-0.5899368333703137,69.56,1.5,22.699999999999818,0,0.9875707164212452,NORMAL,1.9959683938146167,NORMAL,CPU,LOW
26-07-2026 16:29,CPU Stress,1,72.0,1200,58.7,6522.5,1.4,0.37,0.095,10.41,142.05,473,S1,Windows,18,15.43,1.3466388715956736,-0.9443735631674215,0.9421459020498664,-0.5909520162976402,69.9,1.7000000000000028,54.19999999999982,0,0.9939233140984297,NORMAL,2.272925576397116,NORMAL,CPU,LOW
26-07-2026 16:29,CPU Stress,1,72.1,1200,59.3,6435.3,1.4,0.621,0.208,10.43,142.35,476,S1,Windows,18,15.43,1.3500397440466514,-0.9020190693715653,0.9031977940838869,-0.590252530500153,70.38,0.09999999999999432,87.19999999999982,0,0.974307708942273,NORMAL,2.0450261301650907,NORMAL,CPU,LOW
26-07-2026 16:29,CPU Stress,1,71.0,1200,58.8,6512.0,1.4,0.269,0.375,10.44,142.49,474,S1,Windows,18,15.43,1.3126301470858932,-0.9373144808681125,0.9374560495998344,-0.5892187771534242,70.83999999999999,-1.0999999999999943,-76.69999999999982,0,0.9803183537368535,NORMAL,1.9587821671155745,NORMAL,CPU,LOW
26-07-2026 16:29,CPU Stress,1,70.4,1200,59.3,6426.5,1.4,0.795,0.367,10.61,148.27,474,S1,Windows,18,15.43,1.2922249123800251,-0.9020190693715653,0.8992672510781458,-0.5892682982718304,71.16,-0.5999999999999943,85.5,0,0.9559803043954723,NORMAL,2.339293917990652,NORMAL,CPU,LOW
26-07-2026 16:31,All Stress,1,73.1,1200,78.3,3424.3,1.4,0.0,76.002,10.97,155.57,468,S1,Windows,18,15.43,1.3840484685564318,0.43920656749722736,-0.4416732275395588,-0.121077074440486,71.72,2.6999999999999886,3002.2,0,0.6595265712121067,NORMAL,1.8405429183288011,NORMAL,CPU,LOW
26-07-2026 16:31,All Stress,1,74.1,1200,88.0,1893.9,1.4,0.399,67.567,10.97,155.59,468,S1,Windows,18,15.43,1.4180571930662123,1.1239375505302427,-1.1252303884470718,-0.17329090365999272,72.14,1.0,1530.4,0,1.0223026815003493,NORMAL,1.7101386552962559,NORMAL,COMBINED,LOW
26-07-2026 16:31,All Stress,1,73.4,1200,82.5,2767.6,1.4,0.268,47.39,10.97,155.6,468,S1,Windows,18,15.43,1.3942510859093664,0.7356880240682239,-0.7349899993429853,-0.2981893544201571,72.4,-0.6999999999999886,-873.6999999999998,0,0.8456176037459056,NORMAL,1.4710238577379473,NORMAL,COMBINED,LOW
26-07-2026 16:31,All Stress,1,74.0,1200,96.2,606.5,1.4,14.11,52.323,10.98,155.61,468,S1,Windows,18,15.43,1.4146563206152345,1.7027822990736168,-1.7002509640824168,-0.2676533947829518,73.0,0.5999999999999943,2161.1,0,1.328812457679729,WARNING,2.296443625671203,NORMAL,COMBINED,WARNING
26-07-2026 16:31,All Stress,1,73.2,1200,90.0,1577.0,1.4,1.048,58.414,10.98,155.62,468,S1,Windows,18,15.43,1.3874493410074102,1.2651191965164315,-1.2667746019151787,-0.22994925325645324,73.56,-0.7999999999999972,-970.5,0,1.0951153322914788,NORMAL,1.8213964835198955,NORMAL,COMBINED,LOW
26-07-2026 16:31,All Stress,1,73.1,1200,82.9,2699.6,1.4,3.175,39.297,10.98,155.64,468,S1,Windows,18,15.43,1.3840484685564318,0.763924353265462,-0.7653623771146207,-0.3482861558278,73.56,-0.10000000000000853,-1122.6,0,0.8671215531350522,NORMAL,1.5844863211014055,NORMAL,COMBINED,LOW
26-07-2026 16:31,All Stress,1,73.0,1200,83.2,2655.7,1.4,1.099,71.695,10.98,155.64,467,S1,Windows,18,15.43,1.380647596105454,0.7851016001633901,-0.7849704268818972,-0.1477380065624084,73.34,-0.09999999999999432,43.90000000000009,0,0.8362664455695145,NORMAL,1.4493669526683393,NORMAL,COMBINED,LOW
26-07-2026 16:31,All Stress,1,73.3,1200,84.4,2470.7,1.4,1.061,40.779,10.98,155.65,465,S1,Windows,18,15.43,1.390850213458388,0.8698105877551036,-0.8676011605253171,-0.33911236864305677,73.32,0.29999999999999716,185.0,0,0.9195409461977222,NORMAL,1.8166149471784776,NORMAL,COMBINED,LOW
26-07-2026 16:31,All Stress,1,73.2,1200,97.3,431.6,1.4,0.917,69.022,10.98,155.66,464,S1,Windows,18,15.43,1.3874493410074102,1.7804322043660201,-1.7783705063215205,-0.16428425024987028,73.16,-0.09999999999999432,2039.1,0,1.338895414926307,WARNING,2.2299385227909307,NORMAL,COMBINED,WARNING
26-07-2026 16:32,All Stress,1,73.7,1200,91.9,1275.8,1.4,2.631,44.764,10.98,155.67,464,S1,Windows,18,15.43,1.4044537032623003,1.3992417602033111,-1.401306369338952,-0.31444466153698275,73.25999999999999,0.5,-844.1999999999999,0,1.1842588452148703,NORMAL,1.9922839296167671,NORMAL,COMBINED,LOW
26-07-2026 16:32,All Stress,1,73.3,1200,87.0,2051.9,1.4,2.668,60.406,10.98,155.67,465,S1,Windows,18,15.43,1.390850213458388,1.0533467275371484,-1.0546592753894481,-0.21761849477331663,73.3,-0.4000000000000057,-776.1000000000001,0,0.9877146363312138,NORMAL,1.6605111960982382,NORMAL,COMBINED,LOW
26-07-2026 16:32,All Stress,1,74.0,1200,91.9,1272.7,1.4,0.676,45.392,10.98,155.68,464,S1,Windows,18,15.43,1.4146563206152345,1.3992417602033111,-1.4026909924432474,-0.3105572537420983,73.5,0.7000000000000028,779.2,0,1.186819073482633,NORMAL,2.4070446416653537,NORMAL,COMBINED,LOW
26-07-2026 16:32,All Stress,1,73.8,1200,96.8,512.5,1.4,9.742,51.608,10.98,155.7,463,S1,Windows,18,15.43,1.4078545757132783,1.745136792869473,-1.74223630982556,-0.2720793447405034,73.6,-0.20000000000000284,760.2,0,1.348760541488038,WARNING,2.419721950162586,NORMAL,COMBINED,WARNING
26-07-2026 16:32,All Stress,1,75.7,1200,98.8,185.4,1.4,48.302,89.991,10.98,155.74,463,S1,Windows,18,15.43,1.4724711522818612,1.8863184388556615,-1.8883363799594124,-0.03448320876749496,74.1,1.9000000000000057,327.1,0,1.3922007950866382,WARNING,2.3283856155275915,NORMAL,COMBINED,WARNING
26-07-2026 16:32,All Stress,1,76.3,1200,96.6,540.8,1.4,2.341,49.618,10.98,155.75,462,S1,Windows,18,15.43,1.4928763869877293,1.7310186282708537,-1.7295960408411881,-0.2843977229440384,74.61999999999999,0.5999999999999943,-355.4,0,1.3699672573346202,WARNING,2.112680089222733,NORMAL,COMBINED,WARNING
26-07-2026 16:32,All Stress,1,73.5,1200,94.5,867.7,1.4,1.318,48.04,10.98,155.76,462,S1,Windows,18,15.43,1.3976519583603442,1.5827778999853561,-1.5835853012301937,-0.2941657635496557,74.66,-2.799999999999997,-326.9000000000001,0,1.26967917045968,NORMAL,1.8790859684780534,NORMAL,COMBINED,LOW
26-07-2026 16:32,All Stress,1,74.2,1200,85.6,2270.4,1.4,10.522,164.688,10.98,155.77,462,S1,Windows,18,15.43,1.4214580655171907,0.954519575346816,-0.957065679167355,0.42790166393072576,74.7,0.7000000000000028,-1402.7,0,0.9897867608788181,NORMAL,2.0994846245750263,NORMAL,COMBINED,LOW
26-07-2026 16:32,All Stress,1,73.1,1200,94.5,865.9,1.4,3.275,67.849,10.98,155.78,462,S1,Windows,18,15.43,1.3840484685564318,1.5827778999853561,-1.5843892759359135,-0.17154528423617513,74.56,-1.1000000000000085,1404.5,0,1.241234822596954,NORMAL,1.9948954525785034,NORMAL,COMBINED,LOW
26-07-2026 16:32,All Stress,1,73.6,1200,84.1,2516.6,1.4,10.809,61.879,10.98,155.78,462,S1,Windows,18,15.43,1.4010528308113221,0.8486333408571745,-0.8470998055294632,-0.2085004188467804,74.14,0.5,-1650.6999999999998,0,0.8860258963757978,NORMAL,1.6587894396142564,NORMAL,COMBINED,LOW
26-07-2026 16:32,All Stress,1,73.0,1200,92.4,1200.8,1.4,9.859,52.299,10.98,155.79,462,S1,Windows,18,15.43,1.380647596105454,1.4345371716998583,-1.4348053154106089,-0.2678019581381703,73.47999999999999,-0.5999999999999943,1315.8,0,1.1850768850513496,NORMAL,1.736606185160867,NORMAL,COMBINED,LOW
26-07-2026 16:32,All Stress,1,75.0,1200,88.3,1851.3,1.4,2.056,68.773,10.98,155.8,461,S1,Windows,18,15.43,1.448665045125015,1.145114797428171,-1.1442577898157726,-0.1658255950602624,73.78,2.0,-650.5,0,1.040150629741163,NORMAL,1.688581873832308,NORMAL,COMBINED,LOW
26-07-2026 16:33,All Stress,1,72.4,1200,96.3,583.0,1.4,4.067,54.624,10.98,155.81,461,S1,Windows,18,15.43,1.360242361399586,1.7098413813729256,-1.7107473005182026,-0.2534098831013768,73.42,-2.5999999999999943,1268.3,0,1.3138565595556693,NORMAL,1.9603768114692184,NORMAL,COMBINED,LOW
26-07-2026 16:33,All Stress,1,72.8,1200,89.2,1711.6,1.4,1.314,70.007,10.98,155.81,460,S1,Windows,18,15.43,1.373845851203498,1.2086465381219562,-1.2066551600319122,-0.15818696254611045,73.35999999999999,0.3999999999999915,-1128.6,0,1.0477161413132408,NORMAL,1.885801583094245,NORMAL,COMBINED,LOW
26-07-2026 16:33,All Stress,1,73.0,1200,98.6,222.3,1.4,4.355,48.49,10.98,155.83,460,S1,Windows,18,15.43,1.380647596105454,1.8722002742570425,-1.871854898492157,-0.29138020063930853,73.24000000000001,0.20000000000000284,1489.3,0,1.408501380935042,WARNING,2.050025360543706,NORMAL,COMBINED,WARNING
26-07-2026 16:33,All Stress,1,74.3,1200,87.3,2009.9,1.4,20.457,87.994,10.98,155.83,460,S1,Windows,18,15.43,1.4248589379681684,1.0745239744350765,-1.073418685189576,-0.046844917949635426,73.5,1.2999999999999972,-1787.6000000000001,0,0.9738675943488159,NORMAL,1.7009176758912916,NORMAL,COMBINED,LOW
26-07-2026 16:33,All Stress,1,72.7,1200,82.7,2737.0,1.4,2.0,22.049,10.98,155.84,460,S1,Windows,18,15.43,1.3704449787525201,0.7498061886668429,-0.7486575693402212,-0.45505368711150496,73.04,-1.5999999999999943,-727.0999999999999,0,0.8768176015161542,NORMAL,1.515228957894506,NORMAL,COMBINED,LOW
26-07-2026 16:33,All Stress,1,73.7,1200,73.6,4177.8,1.4,7.297,68.594,10.98,155.85,460,S1,Windows,18,15.43,1.4044537032623003,0.10742969942968372,-0.10512048267298081,-0.1669336300846005,73.3,1.0,-1440.8000000000002,0,0.5079758433591115,NORMAL,1.8690943946466112,NORMAL,CPU,LOW
26-07-2026 16:33,All Stress,1,73.1,1200,77.9,3488.0,1.4,1.76,41.777,10.98,155.86,460,S1,Windows,18,15.43,1.3840484685564318,0.41097023829999024,-0.4132214560093651,-0.33293460912188694,73.36,-0.6000000000000085,689.8000000000002,0,0.687736825083177,NORMAL,1.762763637679806,NORMAL,CPU,LOW
26-07-2026 16:33,All Stress,1,73.8,1200,86.6,2114.8,1.4,4.239,62.634,10.98,155.86,460,S1,Windows,18,15.43,1.4078545757132783,1.0251103983399104,-1.0265648259506854,-0.20382686329719796,73.52,0.7000000000000028,1373.1999999999998,0,0.9759678300655332,NORMAL,1.6903407157286818,NORMAL,COMBINED,LOW
26-07-2026 16:33,All Stress,1,73.3,1200,79.4,3251.3,1.4,18.974,45.417,10.98,155.87,459,S1,Windows,18,15.43,1.390850213458388,0.5168564727896318,-0.5189441298115137,-0.31040250024707905,73.32000000000001,-0.5,-1136.5,0,0.7381813318861244,NORMAL,1.7212591920320655,NORMAL,CPU,LOW
26-07-2026 16:33,All Stress,1,73.1,1200,86.8,2081.3,1.4,2.423,50.376,10.98,155.89,456,S1,Windows,18,15.43,1.3840484685564318,1.0392285629385294,-1.0415276885293587,-0.2797055969750537,73.39999999999999,-0.20000000000000284,1170.0,0,0.9912297665493709,NORMAL,1.8834479156195802,NORMAL,COMBINED,LOW
26-07-2026 16:33,All Stress,1,72.9,1200,82.4,2774.3,1.4,0.57,60.669,10.98,155.9,455,S1,Windows,18,15.43,1.3772467236544763,0.7286289417689148,-0.7319974268272506,-0.21599048800571377,73.24,-0.19999999999998863,-693.0,0,0.8213602825936103,NORMAL,2.1584107562658565,NORMAL,COMBINED,LOW
26-07-2026 16:34,All Stress,1,72.8,1200,71.7,4468.8,1.4,0.91,43.068,10.98,155.91,455,S1,Windows,18,15.43,1.373845851203498,-0.02669286425719495,0.02485542808504732,-0.3249431386390911,73.17999999999999,-0.10000000000000853,-1694.5,0,0.49012132798303554,NORMAL,1.711774359079528,NORMAL,CPU,LOW
26-07-2026 16:34,All Stress,1,73.0,1200,79.0,3325.2,1.4,0.515,63.049,10.98,155.92,455,S1,Windows,18,15.43,1.380647596105454,0.48862014359239364,-0.4859365016155747,-0.20125795527987783,73.02000000000001,0.20000000000000284,1143.6000000000004,0,0.6982192132884448,NORMAL,1.9241934717378741,NORMAL,CPU,LOW
26-07-2026 16:34,All Stress,1,70.8,1200,84.5,2448.2,1.4,0.326,32.006,10.98,155.93,455,S1,Windows,18,15.43,1.305828402183937,0.8768696700544125,-0.8776508443468142,-0.3934184651152242,72.52,-2.200000000000003,877.0,0,0.9090232835639125,NORMAL,1.4422948673699647,NORMAL,COMBINED,LOW
26-07-2026 16:34,All Stress,1,72.9,1200,78.2,3445.5,1.4,0.402,75.174,10.98,155.93,455,S1,Windows,18,15.43,1.3772467236544763,0.43214748519791835,-0.43220419211663724,-0.12620251019552464,72.48,2.1000000000000085,-997.3000000000002,0,0.6544996031181507,NORMAL,1.4063410659455977,NORMAL,CPU,LOW
26-07-2026 16:34,All Stress,1,73.9,1200,85.2,2334.2,1.4,1.128,42.869,10.98,155.94,455,S1,Windows,18,15.43,1.4112554481642565,0.9262832461495788,-0.9285692423757324,-0.32617497645944454,72.67999999999999,1.0,1111.3000000000002,0,0.9522104520611859,NORMAL,1.8613434296832403,NORMAL,COMBINED,LOW
26-07-2026 16:34,All Stress,1,72.3,1200,78.2,3450.2,1.4,0.604,66.742,10.98,155.95,455,S1,Windows,18,15.43,1.3568414889486076,0.43214748519791835,-0.4301049248294802,-0.17839776899562906,72.58000000000001,-1.6000000000000085,-1116.0,0,0.6583972310089796,NORMAL,1.7080320968303473,NORMAL,CPU,LOW
26-07-2026 16:34,All Stress,1,72.8,1200,82.7,2734.8,1.4,0.621,47.699,10.98,155.95,455,S1,Windows,18,15.43,1.373845851203498,0.7498061886668429,-0.7496402050916564,-0.2962766012217187,72.53999999999999,0.5,715.3999999999996,0,0.8462789732237772,NORMAL,1.4164357608939384,NORMAL,COMBINED,LOW
26-07-2026 16:34,All Stress,1,73.2,1200,77.8,3507.7,1.4,0.499,48.205,10.98,155.96,455,S1,Windows,18,15.43,1.3874493410074102,0.4039111560006802,-0.4044223995078767,-0.29314439048252844,73.02000000000001,0.4000000000000057,-772.8999999999996,0,0.6769215071005081,NORMAL,1.41324558014848,NORMAL,CPU,LOW
26-07-2026 16:34,All Stress,1,73.1,1200,86.4,2143.5,1.4,0.867,60.118,10.98,155.97,455,S1,Windows,18,15.43,1.3840484685564318,1.0109922337412922,-1.0137458959205983,-0.21940125503593877,73.05999999999999,-0.10000000000000853,1364.1999999999998,0,0.9651416408806245,NORMAL,2.014083002727584,NORMAL,COMBINED,LOW
26-07-2026 16:34,All Stress,1,73.0,1200,77.0,3630.0,1.4,1.578,39.947,10.98,155.98,455,S1,Windows,18,15.43,1.380647596105454,0.34743849760620493,-0.3497967847803617,-0.34426256495729857,72.88,-0.09999999999999432,-1486.5,0,0.6572376980610297,NORMAL,1.795589718977553,NORMAL,CPU,LOW
26-07-2026 16:34,All Stress,1,73.3,1200,86.9,2075.3,1.4,1.101,66.895,10.99,156.07,455,S1,Windows,18,15.43,1.390850213458388,1.0462876452378393,-1.0442076042150914,-0.17745067760611108,73.08,0.29999999999999716,1554.6999999999998,0,0.9754730139731087,NORMAL,1.8525457325280619,NORMAL,COMBINED,LOW
26-07-2026 16:34,All Stress,1,72.8,1200,76.6,3704.9,1.4,0.503,41.263,10.99,156.08,455,S1,Windows,18,15.43,1.373845851203498,0.31920216840896676,-0.3163425039701338,-0.33611634097948345,73.08,-0.5,-1629.6,0,0.6384061748736629,NORMAL,1.9675015283116333,NORMAL,CPU,LOW
26-07-2026 16:35,All Stress,1,73.0,1200,87.4,1999.0,1.4,1.107,66.16,10.99,156.09,455,S1,Windows,18,15.43,1.380647596105454,1.0815830567343865,-1.0782871986853235,-0.18200043035967806,73.03999999999999,0.20000000000000284,1705.9,0,0.9907267216609525,NORMAL,2.2404732104137484,NORMAL,COMBINED,LOW
26-07-2026 16:35,All Stress,1,72.8,1200,79.5,3245.4,1.4,0.613,42.569,10.99,156.1,455,S1,Windows,18,15.43,1.373845851203498,0.5239155550889408,-0.5215793802358174,-0.32803201839967594,72.98,-0.20000000000000284,-1246.4,0,0.7392507016148303,NORMAL,1.7915118882059573,NORMAL,CPU,LOW
26-07-2026 16:35,All Stress,1,72.7,1200,77.8,3503.9,1.4,0.378,66.705,10.99,156.11,455,S1,Windows,18,15.43,1.3704449787525201,0.4039111560006802,-0.40611967944217386,-0.17862680416825763,72.91999999999999,-0.09999999999999432,-258.5,0,0.6492561371480464,NORMAL,1.7459752008020364,NORMAL,CPU,LOW
26-07-2026 16:35,All Stress,1,71.2,1200,79.9,3170.3,1.4,0.403,31.756,10.99,156.11,455,S1,Windows,18,15.43,1.3194318919878494,0.5521518842861789,-0.555122991568903,-0.39496600006541704,72.5,-1.5,333.5999999999999,0,0.7514929312090726,NORMAL,1.9619345911532249,NORMAL,CPU,LOW
26-07-2026 16:35,All Stress,1,70.3,1200,87.5,1981.2,1.4,0.84,53.025,10.99,156.12,455,S1,Windows,18,15.43,1.288824039929047,1.0886421390336956,-1.0862376152196633,-0.2633079166428103,72.0,-0.9000000000000057,1189.1000000000001,0,0.9831489600613175,NORMAL,1.886082956608962,NORMAL,COMBINED,LOW
26-07-2026 16:35,All Stress,1,73.0,1200,76.5,3719.4,1.4,0.69,37.246,10.99,156.12,455,S1,Windows,18,15.43,1.380647596105454,0.31214308610965774,-0.3098660410629468,-0.3609821325591821,72.0,2.700000000000003,-1738.2,0,0.6420068393889593,NORMAL,1.7810554384430632,NORMAL,CPU,LOW
26-07-2026 16:35,All Stress,1,73.0,1200,87.7,1937.6,1.4,0.278,67.926,10.99,156.13,455,S1,Windows,18,15.43,1.380647596105454,1.1027603036323146,-1.1057116692026532,-0.17106864347151574,72.03999999999999,0.0,1781.8000000000002,0,1.0003784324561642,NORMAL,2.1086570778521705,NORMAL,COMBINED,LOW
26-07-2026 16:35,All Stress,1,73.0,1200,78.7,3364.2,1.4,0.449,41.831,10.99,156.14,455,S1,Windows,18,15.43,1.380647596105454,0.46744289669446554,-0.46851704965831326,-0.33260034157264523,72.1,0.0,-1426.6,0,0.7146506260861676,NORMAL,1.4755001529520881,NORMAL,CPU,LOW
26-07-2026 16:35,All Stress,1,72.8,1200,87.8,1928.1,1.4,1.267,54.804,10.99,156.15,455,S1,Windows,18,15.43,1.373845851203498,1.1098193859316237,-1.1099548690383965,-0.25229565793723796,72.42,-0.20000000000000284,1436.1,0,1.0175496765356633,NORMAL,1.5481376949221684,NORMAL,COMBINED,LOW
26-07-2026 16:35,All Stress,1,72.8,1200,83.1,2667.4,1.4,1.652,54.511,10.99,156.16,455,S1,Windows,18,15.43,1.373845851203498,0.7780425178640801,-0.7797445912947186,-0.254109368898864,72.92,0.0,-739.3000000000002,0,0.8523373027589899,NORMAL,1.6419293264513286,NORMAL,COMBINED,LOW
26-07-2026 16:35,All Stress,1,74.0,1200,72.2,4395.7,1.4,7.995,44.868,10.99,156.17,458,S1,Windows,18,15.43,1.4146563206152345,0.008602547239352226,-0.0077948780194609405,-0.31380088699770253,73.12,1.2000000000000028,-1728.2999999999997,0,0.4912968133598087,NORMAL,1.5516563006439206,NORMAL,CPU,LOW
26-07-2026 16:35,All Stress,1,72.9,1200,83.9,2546.6,1.4,2.473,70.08,10.99,156.18,458,S1,Windows,18,15.43,1.3772467236544763,0.8345151762585563,-0.8337002271008005,-0.15773508234065417,73.1,-1.0999999999999943,1849.1,0,0.8618156318622007,NORMAL,1.5136628923519715,NORMAL,COMBINED,LOW
26-07-2026 16:36,All Stress,1,73.2,1200,74.4,4041.7,1.4,16.876,42.61,10.99,156.19,458,S1,Windows,18,15.43,1.3874493410074102,0.16390235782416002,-0.16590990347768073,-0.32777822266784434,73.14,0.29999999999999716,-1495.1,0,0.564143134878576,NORMAL,1.7212920070693503,NORMAL,CPU,LOW
26-07-2026 16:36,All Stress,1,72.9,1200,84.5,2446.6,1.4,0.964,69.325,10.99,156.2,457,S1,Windows,18,15.43,1.3772467236544763,0.8768696700544125,-0.8783654885296761,-0.16240863789023655,73.16,-0.29999999999999716,1595.1,0,0.8843897433966491,NORMAL,1.6305297635063194,NORMAL,COMBINED,LOW
26-07-2026 16:36,All Stress,1,72.9,1200,87.8,1926.8,1.4,0.931,39.119,10.99,156.2,457,S1,Windows,18,15.43,1.3772467236544763,1.1098193859316237,-1.1105355174369715,-0.3493880007123373,73.17999999999999,0.0,519.8,0,1.0381045365056918,NORMAL,1.583107497767871,NORMAL,COMBINED,LOW
26-07-2026 16:36,All Stress,1,73.4,1200,81.0,3001.8,1.4,1.12,63.397,10.99,156.21,457,S1,Windows,18,15.43,1.3942510859093664,0.6298017895785823,-0.6303839570765585,-0.1991037866292094,73.06,0.5,-1075.0000000000002,0,0.7731134113875382,NORMAL,1.4462418411151476,NORMAL,COMBINED,LOW
26-07-2026 16:36,All Stress,1,72.8,1200,86.8,2083.1,1.4,0.333,37.268,10.99,156.23,458,S1,Windows,18,15.43,1.373845851203498,1.0392285629385294,-1.0407237138236392,-0.36084594948356513,73.04,-0.6000000000000085,918.7000000000003,0,1.004236256904049,NORMAL,1.6751801599193679,NORMAL,COMBINED,LOW
26-07-2026 16:36,All Stress,1,73.3,1200,76.8,3664.8,1.4,6.001,52.424,10.99,156.24,459,S1,Windows,18,15.43,1.390850213458388,0.33332033300758585,-0.33425327380311287,-0.2670281906630739,73.06,0.5,-1581.7000000000003,0,0.6375074568330295,NORMAL,1.471770436575259,NORMAL,CPU,LOW
26-07-2026 16:36,All Stress,1,73.0,1200,81.5,2925.4,1.4,0.885,51.56,10.99,156.24,456,S1,Windows,18,15.43,1.380647596105454,0.6650972010751295,-0.6645082168082195,-0.27237647145094035,73.08,-0.29999999999999716,739.4000000000001,0,0.801100376806007,NORMAL,1.4359301143439571,NORMAL,COMBINED,LOW
26-07-2026 16:36,All Stress,1,73.0,1200,87.8,1935.5,1.4,0.641,44.64,10.99,156.25,455,S1,Windows,18,15.43,1.380647596105454,1.1098193859316237,-1.1066496396926595,-0.3152122388722784,73.1,0.0,989.9000000000001,0,1.031512470324111,NORMAL,2.1902889865756543,NORMAL,COMBINED,LOW
26-07-2026 16:36,All Stress,1,73.0,1200,80.4,3091.4,1.4,0.583,63.942,10.99,156.25,455,S1,Windows,18,15.43,1.380647596105454,0.5874472957827261,-0.5903638828362859,-0.19573016043778899,73.02,0.0,-1155.9,0,0.7476472762212691,NORMAL,1.984673766652603,NORMAL,COMBINED,LOW
26-07-2026 16:36,All Stress,1,72.9,1200,85.3,2331.2,1.4,0.301,36.202,10.99,156.26,455,S1,Windows,18,15.43,1.3772467236544763,0.9333423284488879,-0.9299092002185987,-0.36744463851118747,73.03999999999999,-0.09999999999999432,760.2000000000003,0,0.9526474833769665,NORMAL,2.2278176921803765,NORMAL,COMBINED,LOW
26-07-2026 16:36,All Stress,1,73.0,1200,79.6,3219.5,1.4,0.353,67.773,10.99,156.27,454,S1,Windows,18,15.43,1.380647596105454,0.5309746373882498,-0.5331476829458962,-0.1720157348610338,72.98,0.09999999999999432,-888.3000000000002,0,0.7145193536094973,NORMAL,1.7457578163121157,NORMAL,CPU,LOW
26-07-2026 16:36,All Stress,1,72.8,1200,86.6,2110.6,1.4,0.211,40.009,10.99,156.28,454,S1,Windows,18,15.43,1.373845851203498,1.0251103983399104,-1.0284407669306983,-0.34387877628965074,72.94000000000001,-0.20000000000000284,1108.9,0,0.9941507835070923,NORMAL,2.2090836649706103,NORMAL,COMBINED,LOW
26-07-2026 16:37,All Stress,1,72.9,1200,80.0,3158.5,1.4,2.037,77.214,10.99,156.29,454,S1,Windows,18,15.43,1.3772467236544763,0.559210966585488,-0.5603934924175104,-0.11357462500195106,72.92,0.10000000000000853,-1047.9,0,0.7157309305558814,NORMAL,1.5169514187034194,NORMAL,CPU,LOW
26-07-2026 16:37,All Stress,1,73.1,1200,84.0,2533.0,1.4,1.89,33.014,11.02,156.31,454,S1,Windows,18,15.43,1.3840484685564318,0.8415742585578654,-0.8397747026551275,-0.3871788041960466,72.94000000000001,0.19999999999998863,625.5,0,0.9130775195045241,NORMAL,1.690354480827588,NORMAL,COMBINED,LOW
26-07-2026 16:37,All Stress,1,68.9,1200,89.7,1629.3,1.4,0.428,49.763,11.02,156.32,454,S1,Windows,18,15.43,1.2412118256153546,1.2439419496185034,-1.2434146701878768,-0.2835001526729266,72.14,-4.199999999999989,903.7,0,1.050929097142318,NORMAL,1.5489831095187083,NORMAL,MEMORY,LOW
26-07-2026 16:37,All Stress,1,73.4,1200,78.7,3359.4,1.4,2.785,38.179,11.02,156.32,454,S1,Windows,18,15.43,1.3942510859093664,0.46744289669446554,-0.47066098220689917,-0.3552067321250624,72.22,4.5,-1730.1000000000001,0,0.7236817376475418,NORMAL,2.0936664182940663,NORMAL,CPU,LOW
26-07-2026 16:37,All Stress,1,73.4,1200,88.8,1767.2,1.4,1.344,64.078,11.02,156.33,454,S1,Windows,18,15.43,1.3942510859093664,1.1804102089247182,-1.1818212746774572,-0.19488830142488406,72.34,0.0,1592.2,0,1.0477403036706936,NORMAL,1.738220323495794,NORMAL,COMBINED,LOW
26-07-2026 16:37,All Stress,1,70.7,1200,75.2,3913.4,1.4,0.442,39.007,11.02,156.34,454,S1,Windows,18,15.43,1.3024275297329593,0.22037501621863528,-0.22321543389092807,-0.3500812963700237,71.9,-2.700000000000003,-2146.2,0,0.5715001098376687,NORMAL,1.9085423214153752,NORMAL,CPU,LOW
26-07-2026 16:37,All Stress,1,70.7,1200,82.4,2779.8,1.4,0.238,57.001,11.02,156.35,454,S1,Windows,18,15.43,1.3024275297329593,0.7286289417689148,-0.7295408374486624,-0.23869592079494326,71.42,0.0,1133.6,0,0.8029642930992833,NORMAL,1.415810832542264,NORMAL,COMBINED,LOW
26-07-2026 16:37,All Stress,1,70.8,1200,87.0,2054.0,1.4,5.91,31.225,11.02,156.37,454,S1,Windows,18,15.43,1.305828402183937,1.0533467275371484,-1.0537213048994418,-0.3982529642996267,71.8,0.09999999999999432,725.8000000000002,0,0.9981473927561394,NORMAL,1.4775132678631429,NORMAL,COMBINED,LOW
26-07-2026 16:37,All Stress,1,73.2,1200,81.7,2887.4,1.4,1.338,66.846,11.02,156.38,453,S1,Windows,18,15.43,1.3874493410074102,0.6792153656737486,-0.6814810161511922,-0.17775399445634885,71.76000000000002,2.4000000000000057,-833.4000000000001,0,0.7918464141258559,NORMAL,1.7917214357360853,NORMAL,COMBINED,LOW
26-07-2026 16:37,All Stress,1,72.6,1200,88.5,1811.3,1.4,0.448,43.109,11.02,156.38,454,S1,Windows,18,15.43,1.3670441063015417,1.15923296202679,-1.162123894387323,-0.3246893429072594,71.6,-0.6000000000000085,1076.1000000000001,0,1.0552457679574159,NORMAL,2.1002106637155213,NORMAL,COMBINED,LOW
26-07-2026 16:37,All Stress,1,73.1,1200,80.6,3064.2,1.4,0.318,59.066,11.02,156.39,453,S1,Windows,18,15.43,1.3840484685564318,0.6015654603813442,-0.6025128339449402,-0.22591328210635028,72.08,0.5,-1252.8999999999999,0,0.7613694018915909,NORMAL,1.4734545682525326,NORMAL,COMBINED,LOW
26-07-2026 16:37,All Stress,1,73.0,1200,88.2,1872.5,1.4,1.184,50.095,11.02,156.4,454,S1,Windows,18,15.43,1.380647596105454,1.138055715128862,-1.1347887543928512,-0.2814450262590705,72.53999999999999,-0.09999999999999432,1191.6999999999998,0,1.0388577495006792,NORMAL,2.2364634393752616,NORMAL,COMBINED,LOW
26-07-2026 16:38,All Stress,1,72.9,1200,72.8,4298.1,1.4,0.283,45.748,11.02,156.41,454,S1,Windows,18,15.43,1.3772467236544763,0.050957041035208435,-0.05138817317404333,-0.3083535639730237,72.96000000000001,-0.09999999999999432,-2425.6000000000004,0,0.5004094768363189,NORMAL,1.4577376172012284,NORMAL,CPU,LOW
26-07-2026 16:38,All Stress,1,73.2,1200,83.8,2554.7,1.4,0.254,63.121,11.02,156.42,454,S1,Windows,18,15.43,1.3874493410074102,0.8274560939592464,-0.8300823409250616,-0.2008122652142223,72.96000000000001,0.29999999999999716,1743.4000000000005,0,0.8706505517178538,NORMAL,1.9276425225579545,NORMAL,COMBINED,LOW
26-07-2026 16:38,All Stress,1,74.0,1200,85.9,2221.4,1.4,0.487,33.134,11.02,156.43,454,S1,Windows,18,15.43,1.4146563206152345,0.9756968222447451,-0.978951657267504,-0.38643598741995405,73.24,0.7999999999999972,333.2999999999997,0,0.9901834717954854,NORMAL,2.191956225354565,NORMAL,COMBINED,LOW
26-07-2026 16:38,All Stress,1,73.2,1200,77.8,3514.3,1.4,0.413,63.737,11.02,156.43,454,S1,Windows,18,15.43,1.3874493410074102,0.4039111560006802,-0.40147449225357074,-0.1969991390969471,73.26000000000002,-0.7999999999999972,-1292.9,0,0.6571028753725306,NORMAL,1.850560080034109,NORMAL,CPU,LOW
26-07-2026 16:38,All Stress,1,73.7,1200,79.7,3210.6,1.4,0.419,33.308,11.02,156.44,454,S1,Windows,18,15.43,1.4044537032623003,0.5380337196875599,-0.5371228912130662,-0.38535890309461984,73.4,0.5,303.7000000000003,0,0.7672425857464952,NORMAL,1.4765170549702336,NORMAL,CPU,LOW
26-07-2026 16:38,All Stress,1,73.6,1200,88.0,1892.8,1.4,0.775,61.33,11.03,156.47,453,S1,Windows,18,15.43,1.4010528308113221,1.1239375505302427,-1.1257217063227893,-0.21189880559740387,73.53999999999999,-0.10000000000000853,1317.8,0,1.025021216786508,NORMAL,1.7952452723515497,NORMAL,COMBINED,LOW
26-07-2026 16:38,All Stress,1,73.3,1200,76.1,3777.6,1.4,0.347,35.783,11.03,156.48,453,S1,Windows,18,15.43,1.390850213458388,0.2839067569124196,-0.2838708589113413,-0.3700383070877106,73.56,-0.29999999999999716,-1884.8,0,0.6332089243110527,NORMAL,1.40302744730707,NORMAL,CPU,LOW
26-07-2026 16:38,All Stress,1,73.6,1200,83.4,2622.0,1.4,1.649,65.194,11.03,156.48,454,S1,Windows,18,15.43,1.4010528308113221,0.7992197647620092,-0.8000226199834282,-0.18798010540722318,73.47999999999999,0.29999999999999716,1155.6,0,0.8576823237501298,NORMAL,1.509703320933369,NORMAL,COMBINED,LOW
26-07-2026 16:38,All Stress,1,73.8,1200,86.6,2121.6,1.4,0.28,40.541,11.03,156.49,454,S1,Windows,18,15.43,1.4078545757132783,1.0251103983399104,-1.023527588173522,-0.3405856219156404,73.6,0.20000000000000284,500.4000000000001,0,1.002712134233789,NORMAL,1.7160656184236627,NORMAL,COMBINED,LOW
26-07-2026 16:38,All Stress,1,73.4,1200,80.0,3157.1,1.4,0.527,67.635,11.03,156.51,454,S1,Windows,18,15.43,1.3942510859093664,0.559210966585488,-0.5610188060775146,-0.1728699741535402,73.53999999999999,-0.3999999999999915,-1035.5,0,0.7328163717946672,NORMAL,1.6592859710889785,NORMAL,CPU,LOW
26-07-2026 16:38,All Stress,1,73.3,1200,85.4,2303.2,1.4,1.509,35.223,11.03,156.54,455,S1,Windows,18,15.43,1.390850213458388,0.9404014107481978,-0.9424154734186838,-0.3735047853761426,73.47999999999999,-0.10000000000000853,853.9000000000001,0,0.962559539020941,NORMAL,1.7770378641611044,NORMAL,COMBINED,LOW
26-07-2026 16:38,All Stress,1,75.1,1200,76.3,3744.3,1.4,0.813,61.618,11.04,156.56,457,S1,Windows,18,15.43,1.4520659175759927,0.29802492151103865,-0.29874439096715677,-0.2101160453347817,73.84,1.7999999999999972,-1441.1000000000004,0,0.6267993389864971,NORMAL,1.5176149990438792,NORMAL,CPU,LOW
26-07-2026 16:39,All Stress,1,73.8,1200,79.8,3195.7,1.4,2.009,34.533,11.04,156.57,457,S1,Windows,18,15.43,1.4078545757132783,0.5450928019868689,-0.5437780151659687,-0.3777759818386749,73.88000000000001,-1.2999999999999972,548.6000000000004,0,0.7701950127109729,NORMAL,1.5513241029205382,NORMAL,CPU,LOW
26-07-2026 16:39,All Stress,1,73.4,1200,89.2,1707.9,1.4,0.256,64.417,11.04,156.58,457,S1,Windows,18,15.43,1.3942510859093664,1.2086465381219562,-1.2083077747047806,-0.19278984403242255,73.8,-0.3999999999999915,1487.7999999999997,0,1.0610888109568375,NORMAL,1.6274409032298272,NORMAL,COMBINED,LOW
26-07-2026 16:39,All Stress,1,73.0,1200,74.9,3969.9,1.4,0.243,42.104,11.04,156.59,458,S1,Windows,18,15.43,1.380647596105454,0.19919776932070718,-0.19797956118361332,-0.3309104334070347,73.72,-0.4000000000000057,-2262.0,0,0.5797316085459779,NORMAL,1.5314100654586824,NORMAL,CPU,LOW
26-07-2026 16:39,All Stress,1,72.9,1200,83.3,2632.0,1.4,0.61,63.856,11.04,156.6,458,S1,Windows,18,15.43,1.3772467236544763,0.7921606824626991,-0.7955560938405406,-0.19626251246065532,73.64,-0.09999999999999432,1337.9,0,0.8491859430953919,NORMAL,2.179165910643959,NORMAL,COMBINED,LOW
26-07-2026 16:39,All Stress,1,73.0,1200,88.0,1899.3,1.4,0.276,37.939,11.04,156.62,458,S1,Windows,18,15.43,1.380647596105454,1.1239375505302427,-1.1228184643299124,-0.35669236567724755,73.22,0.09999999999999432,732.7,0,1.047277709992141,NORMAL,1.6476821829494783,NORMAL,COMBINED,LOW
26-07-2026 16:39,All Stress,1,73.4,1200,80.6,3074.1,1.4,0.172,58.468,11.04,156.63,459,S1,Windows,18,15.43,1.3942510859093664,0.6015654603813442,-0.5980909730634815,-0.22961498570721156,73.14,0.4000000000000057,-1174.8,0,0.7642861556413517,NORMAL,2.2162351119589574,NORMAL,COMBINED,LOW
26-07-2026 16:39,All Stress,1,73.8,1200,84.9,2394.5,1.4,0.558,45.023,11.04,156.63,459,S1,Windows,18,15.43,1.4078545757132783,0.9051059992516507,-0.9016360897341203,-0.31284141532858295,73.22,0.3999999999999915,679.5999999999999,0,0.9367836735020193,NORMAL,2.256534787281827,NORMAL,COMBINED,LOW
26-07-2026 16:39,All Stress,1,73.2,1200,76.9,3647.2,1.4,0.783,50.841,11.04,156.64,459,S1,Windows,18,15.43,1.3874493410074102,0.34037941530689586,-0.34211435981459515,-0.276827181967695,73.26,-0.5999999999999943,-1252.6999999999998,0,0.6421369352507499,NORMAL,1.6278268142528518,NORMAL,CPU,LOW
26-07-2026 16:39,All Stress,1,73.1,1200,81.3,2953.0,1.4,0.322,52.561,11.04,156.65,459,S1,Windows,18,15.43,1.3840484685564318,0.6509790364765105,-0.6521806046538499,-0.26618014151036823,73.3,-0.10000000000000853,694.1999999999998,0,0.7941804007427262,NORMAL,1.5187434612691806,NORMAL,COMBINED,LOW
26-07-2026 16:39,All Stress,1,74.1,1200,89.1,1726.2,1.4,7.195,41.493,11.07,156.95,459,S1,Windows,18,15.43,1.4180571930662123,1.2015874558226463,-1.2001340318632963,-0.334692608825306,73.52,1.0,1226.8,0,1.092858722804378,NORMAL,1.7700316350622793,NORMAL,COMBINED,LOW
26-07-2026 16:39,All Stress,1,73.2,1200,76.4,3737.3,1.4,2.934,47.316,11.07,156.97,459,S1,Windows,18,15.43,1.3874493410074102,0.3050840038103487,-0.30187095926717805,-0.29864742476541417,73.47999999999999,-0.8999999999999915,-2011.1000000000001,0,0.6278636802518461,NORMAL,2.1080592828108045,NORMAL,CPU,LOW
26-07-2026 16:40,All Stress,1,73.4,1200,83.5,2604.4,1.4,0.43,49.435,11.07,156.99,459,S1,Windows,18,15.43,1.3942510859093664,0.8062788470613182,-0.8078837059949103,-0.2855305185275796,73.4,0.20000000000000284,1132.9,0,0.8788418247957034,NORMAL,1.6401658917323136,NORMAL,COMBINED,LOW
26-07-2026 16:40,All Stress,1,74.4,1200,88.8,1765.8,1.4,1.083,47.293,11.08,157.02,461,S1,Windows,18,15.43,1.4282598104191468,1.1804102089247182,-1.1824465883374615,-0.29878979798083194,73.64000000000001,1.0,838.6000000000001,0,1.0788482830668182,NORMAL,1.8943239202097164,NORMAL,COMBINED,LOW
26-07-2026 16:40,All Stress,1,73.2,1200,82.8,2712.1,1.4,0.661,49.216,11.08,157.03,461,S1,Windows,18,15.43,1.3874493410074102,0.756865270966152,-0.7597792194360113,-0.2868861591439485,73.66,-1.2000000000000028,-946.3,0,0.8526274593080606,NORMAL,2.006687663198106,NORMAL,COMBINED,LOW
26-07-2026 16:40,All Stress,1,73.5,1200,89.0,1739.1,1.4,0.213,54.721,11.08,157.03,460,S1,Windows,18,15.43,1.3976519583603442,1.1945283735233372,-1.1943722131389714,-0.252809439540702,73.54,0.29999999999999716,973.0,0,1.067090430101039,NORMAL,1.6089139420450274,NORMAL,COMBINED,LOW
26-07-2026 16:40,All Stress,1,73.1,1200,75.7,3842.7,1.4,0.265,41.281,11.08,157.04,460,S1,Windows,18,15.43,1.3840484685564318,0.25567042771518245,-0.25479377372114326,-0.33600491846306957,73.52,-0.4000000000000057,-2103.6,0,0.6100754073183269,NORMAL,1.4672878687832953,NORMAL,CPU,LOW
26-07-2026 16:40,All Stress,1,73.2,1200,84.0,2528.9,1.4,0.292,58.426,11.08,157.05,460,S1,Windows,18,15.43,1.3874493410074102,0.8415742585578654,-0.8416059783737114,-0.22987497157884398,73.47999999999999,0.10000000000000853,1313.7999999999997,0,0.8830032698600938,NORMAL,1.4564554818258382,NORMAL,COMBINED,LOW
26-07-2026 16:40,All Stress,1,73.4,1200,87.6,1960.0,1.4,0.961,40.532,11.08,157.06,461,S1,Windows,18,15.43,1.3942510859093664,1.0957012213330046,-1.095706650642585,-0.3406413331738473,73.28,0.20000000000000284,568.9000000000001,0,1.0342552889359977,NORMAL,1.5511504875823874,NORMAL,COMBINED,LOW
26-07-2026 16:40,All Stress,1,73.8,1200,80.8,3035.9,1.4,1.24,65.517,11.08,157.07,463,S1,Windows,18,15.43,1.4078545757132783,0.6156836249799632,-0.6151531029293119,-0.18598069025157407,73.4,0.3999999999999915,-1075.9,0,0.7672882188441498,NORMAL,1.4616061101566606,NORMAL,COMBINED,LOW
26-07-2026 16:40,All Stress,1,63.1,1200,85.8,2249.2,1.4,2.637,27.303,11.09,157.08,462,S1,Windows,18,15.43,1.043961223458628,0.968637739945435,-0.9665347145902767,-0.4225306925982521,71.32,-10.699999999999996,786.7000000000003,0,0.8815927704589246,NORMAL,1.607309256293291,NORMAL,MEMORY,LOW
26-07-2026 16:40,All Stress,1,74.0,1200,80.4,3105.7,1.4,2.759,61.525,11.09,157.09,462,S1,Windows,18,15.43,1.4146563206152345,0.5874472957827261,-0.5839767504519567,-0.21069172833625346,71.5,10.899999999999999,-856.5,0,0.7595647806770301,NORMAL,2.2300125267018918,NORMAL,COMBINED,LOW
26-07-2026 16:40,All Stress,1,73.2,1200,82.7,2728.0,1.4,4.313,38.354,11.09,157.1,462,S1,Windows,18,15.43,1.3874493410074102,0.7498061886668429,-0.75267744286882,-0.3541234576599274,71.5,-0.7999999999999972,377.6999999999998,0,0.8625368390080254,NORMAL,1.9919484684234634,NORMAL,COMBINED,LOW
26-07-2026 16:40,All Stress,1,73.3,1200,89.9,1589.4,1.4,0.313,64.329,11.09,157.11,461,S1,Windows,18,15.43,1.390850213458388,1.2580601142171224,-1.261236109497998,-0.19333457633489048,71.47999999999999,0.09999999999999432,1138.6,0,1.0855872354692309,NORMAL,2.2453515286212307,NORMAL,COMBINED,LOW
26-07-2026 16:41,All Stress,1,72.9,1200,80.9,3014.3,1.4,0.796,39.46,11.09,157.12,459,S1,Windows,18,15.43,1.3772467236544763,0.6227427072792733,-0.624800799397949,-0.34727716304027423,71.3,-0.3999999999999915,-1424.9,0,0.7944124217677696,NORMAL,1.710668439373747,NORMAL,COMBINED,LOW
26-07-2026 16:41,All Stress,1,73.1,1200,89.9,1591.7,1.4,0.402,63.439,11.09,157.13,459,S1,Windows,18,15.43,1.3840484685564318,1.2580601142171224,-1.2602088084851342,-0.198843800757577,73.3,0.19999999999998863,1422.6000000000001,0,1.0844430966806085,NORMAL,1.934484352031206,NORMAL,COMBINED,LOW
26-07-2026 16:41,All Stress,1,72.9,1200,78.1,3457.5,1.4,0.223,34.308,11.09,157.14,460,S1,Windows,18,15.43,1.3772467236544763,0.42508840289860833,-0.4268443607451722,-0.37916876329384847,73.08000000000001,-0.19999999999998863,-1865.8,0,0.7019031627737294,NORMAL,1.6193065118092949,NORMAL,CPU,LOW
26-07-2026 16:41,All Stress,1,74.9,1200,86.4,2146.3,1.4,0.966,62.686,11.09,157.14,459,S1,Windows,18,15.43,1.445264172674037,1.0109922337412922,-1.0124952686005897,-0.20350497602755785,73.42,2.0,1311.1999999999998,0,0.9800769708502282,NORMAL,1.72286392063302,NORMAL,COMBINED,LOW
26-07-2026 16:41,All Stress,1,74.3,1200,75.4,3895.9,1.4,0.509,39.749,11.09,157.16,460,S1,Windows,18,15.43,1.4248589379681684,0.23449318081725434,-0.2310318546409813,-0.3454882126378513,73.62,-0.6000000000000085,-1749.6,0,0.6131096490913933,NORMAL,2.2283247503177286,NORMAL,CPU,LOW
26-07-2026 16:41,All Stress,1,75.6,1200,82.6,2757.2,1.4,1.933,64.377,11.09,157.16,461,S1,Windows,18,15.43,1.469070279830883,0.7427471063675329,-0.7396351865315884,-0.19303744962445346,74.16,1.2999999999999972,1138.7000000000003,0,0.8500797430907332,NORMAL,2.154756249001052,NORMAL,COMBINED,LOW
26-07-2026 16:41,All Stress,1,73.3,1200,88.4,1836.5,1.4,1.225,38.149,11.09,157.17,461,S1,Windows,18,15.43,1.390850213458388,1.152173879727481,-1.1508682485072463,-0.3553924363190855,74.2,-2.299999999999997,920.6999999999998,0,1.064159364921027,NORMAL,1.6998580428412609,NORMAL,COMBINED,LOW
26-07-2026 16:41,All Stress,1,73.7,1200,81.1,2983.0,1.4,3.1,55.669,11.09,157.19,461,S1,Windows,18,15.43,1.4044537032623003,0.6368608718778913,-0.6387810262251872,-0.24694118700957074,74.36,0.4000000000000057,-1146.5,0,0.789538815189009,NORMAL,1.697827627740922,NORMAL,COMBINED,LOW
26-07-2026 16:41,All Stress,1,73.2,1200,85.0,2365.8,1.4,0.492,40.112,11.09,157.2,462,S1,Windows,18,15.43,1.3874493410074102,0.9121650815509598,-0.9144550197642075,-0.34324119189017127,74.02,-0.5,617.1999999999998,0,0.9414235690983868,NORMAL,1.8430978050959193,NORMAL,COMBINED,LOW
26-07-2026 16:41,All Stress,1,70.8,1200,90.2,1547.7,1.4,1.431,50.957,11.09,157.21,460,S1,Windows,18,15.43,1.305828402183937,1.2792373611150505,-1.2798615235138393,-0.27610912575080554,73.32000000000001,-2.4000000000000057,818.1000000000001,0,1.086713858842625,NORMAL,1.61706209461255,NORMAL,COMBINED,LOW
26-07-2026 16:41,All Stress,1,73.6,1200,79.0,3316.6,1.4,1.242,37.501,11.09,157.23,460,S1,Windows,18,15.43,1.4010528308113221,0.48862014359239364,-0.489777714098458,-0.35940364690998544,72.91999999999999,2.799999999999997,-1768.8999999999999,0,0.7367381645228034,NORMAL,1.50912675395937,NORMAL,CPU,LOW
26-07-2026 16:42,Memory + Disk Stress,1,37.3,1200,78.5,3392.7,1.4,243.742,974.966,11.14,158.7,300,S1,Windows,18,15.43,0.1665361311062933,0.45332473209584645,-0.4557874501510837,5.443635761420169,65.72,-36.3,-76.09999999999991,1,1.3658429012748925,WARNING,5.795377354750366,ANOMALY,DISK,HIGH
26-07-2026 16:42,Memory + Disk Stress,1,37.5,1200,81.2,2972.2,1.4,33.608,250.109,11.14,158.72,298,S1,Windows,18,15.43,0.1733378760082495,0.6439199541772014,-0.6436048744595058,0.9566695958524191,58.48,0.20000000000000284,420.5,0,0.5652322431180202,NORMAL,1.2344928006892764,NORMAL,COMBINED,LOW
26-07-2026 16:42,Memory + Disk Stress,1,26.8,1200,85.4,2305.3,1.4,9.918,329.527,11.15,158.72,294,S1,Windows,18,15.43,-0.19055547624640087,0.9404014107481978,-0.9414775029286773,1.4482781185500815,49.2,-10.7,666.8999999999996,0,0.8172381903941314,NORMAL,1.8283143662050032,NORMAL,COMBINED,LOW
26-07-2026 16:42,Memory + Disk Stress,1,27.5,1200,77.8,3504.2,1.4,14.875,327.157,11.15,158.73,297,S1,Windows,18,15.43,-0.16674936908955462,0.4039111560006802,-0.40598568365788734,1.4336074872222533,40.54,0.6999999999999993,-1198.8999999999996,0,0.5391167917030986,NORMAL,1.7695809007446344,NORMAL,DISK,LOW
26-07-2026 16:42,Memory + Disk Stress,1,29.0,1200,81.5,2929.1,1.4,7.191,339.288,11.15,158.74,297,S1,Windows,18,15.43,-0.115736282324884,0.6650972010751295,-0.6628556021353511,1.5087000731454112,31.620000000000005,1.5,575.0999999999999,0,0.6685611800761566,NORMAL,2.0715879560354185,NORMAL,COMBINED,LOW
26-07-2026 16:42,Memory + Disk Stress,1,21.9,1200,74.4,4039.0,1.4,1.41,354.316,11.15,158.75,295,S1,Windows,18,15.43,-0.35719822634432496,0.16390235782416002,-0.1671158655362603,1.6017254940714036,28.54,-7.100000000000001,-1109.9,0,0.5100984471720783,NORMAL,2.1791676946532514,NORMAL,DISK,LOW
26-07-2026 16:43,Memory + Disk Stress,1,18.9,1200,82.1,2822.4,1.4,34.005,336.568,11.15,158.76,294,S1,Windows,18,15.43,-0.4592243998736662,0.7074516948709857,-0.7105134360799614,1.4918628928873128,24.82,-3.0,1216.6,0,0.7904780942168504,NORMAL,2.212518074620845,NORMAL,COMBINED,LOW
26-07-2026 16:43,Memory + Disk Stress,1,22.3,1200,77.0,3630.6,1.4,3.754,325.165,11.15,158.77,295,S1,Windows,18,15.43,-0.3435947365404127,0.34743849760620493,-0.3495287932117885,1.4212767287391168,23.919999999999998,3.400000000000002,-808.1999999999998,0,0.5614710746341663,NORMAL,1.7496165259815404,NORMAL,DISK,LOW
26-07-2026 16:43,Memory + Disk Stress,1,17.8,1200,84.8,2408.0,1.4,1.654,433.445,11.15,158.77,295,S1,Windows,18,15.43,-0.49663399683442455,0.8980469169523406,-0.8956062794412221,2.0915450663666433,21.98,-4.5,1222.6,1,1.0158345432976028,NORMAL,2.6903840355037234,WARNING,COMBINED,WARNING
26-07-2026 16:43,Memory + Disk Stress,1,18.5,1200,74.7,4001.9,1.4,7.887,341.854,11.15,158.8,293,S1,Windows,18,15.43,-0.47282788967757833,0.18507960472208812,-0.1836866775263731,1.5245839718741905,19.880000000000003,0.6999999999999993,-1593.9,0,0.5390263782000126,NORMAL,1.7392599044913752,NORMAL,DISK,LOW
26-07-2026 16:43,Memory + Disk Stress,1,22.0,1200,86.3,2165.7,1.4,3.501,463.24,11.15,158.81,294,S1,Windows,18,15.43,-0.3537973538933469,1.0039331514419823,-1.0038302078833878,2.275980281730627,19.9,3.5,1836.2000000000003,1,1.0632812495234016,NORMAL,2.554198718831991,NORMAL,COMBINED,LOW
26-07-2026 16:43,Memory + Disk Stress,1,16.8,1200,80.4,3103.9,1.4,1.897,193.389,11.15,158.81,293,S1,Windows,18,15.43,-0.530642721344205,0.5874472957827261,-0.5847807251576764,0.6055648663526657,19.48,-5.199999999999999,-938.2000000000003,0,0.5734961234401478,NORMAL,1.698851114765398,NORMAL,COMBINED,LOW
26-07-2026 16:43,Memory + Disk Stress,1,17.2,1200,73.3,4215.3,1.4,2.996,197.415,11.15,158.82,293,S1,Windows,18,15.43,-0.5170392315402929,0.08625245253175562,-0.08837100963715244,0.6304863691905712,18.46,0.3999999999999986,-1111.4,0,0.3247589809871593,NORMAL,1.2561904241908444,NORMAL,DISK,LOW
26-07-2026 16:43,Memory + Disk Stress,1,14.9,1200,80.9,3012.4,1.4,5.12,430.557,11.16,158.85,290,S1,Windows,18,15.43,-0.5952592979127879,0.6227427072792733,-0.6256494393650976,2.0736679426220155,17.88,-2.299999999999999,1202.9,1,0.9052640779550409,NORMAL,2.559744783302089,NORMAL,COMBINED,LOW
26-07-2026 16:43,Memory + Disk Stress,1,9.2,1200,78.5,3392.0,1.4,0.279,150.013,11.16,158.86,290,S1,Windows,18,15.43,-0.7891090276185362,0.45332473209584645,-0.4561001069810857,0.33706136235440565,16.02,-5.700000000000001,-379.5999999999999,0,0.531362421781413,NORMAL,1.735435906637699,NORMAL,DISK,LOW
26-07-2026 16:43,Memory + Disk Stress,1,10.9,1200,87.0,2061.5,1.4,7.614,106.709,11.16,158.87,289,S1,Windows,18,15.43,-0.7312941959519095,1.0533467275371484,-1.0503714102922763,0.06900354842180123,13.8,1.700000000000001,1330.5,0,0.7592672687895328,NORMAL,2.1184829530420837,NORMAL,COMBINED,LOW
26-07-2026 16:43,Memory + Disk Stress,1,10.9,1200,80.8,3036.5,1.4,0.607,359.566,11.16,158.89,288,S1,Windows,18,15.43,-0.7312941959519095,0.6156836249799632,-0.6148851113607386,1.6342237280254535,12.620000000000001,0.0,-975.0,0,0.8539151141568002,NORMAL,1.9234398431220323,NORMAL,COMBINED,LOW
26-07-2026 16:43,Memory + Disk Stress,1,8.4,1200,77.6,3540.2,1.4,0.128,87.735,11.16,158.89,288,S1,Windows,18,15.43,-0.8163160072263606,0.38979299140206114,-0.3899061895434921,-0.04844816415803522,10.860000000000001,-2.5,-503.6999999999998,0,0.449503570328832,NORMAL,1.1218414304444344,NORMAL,NORMAL,LOW
26-07-2026 16:44,Memory + Disk Stress,1,9.8,1200,86.0,2218.2,1.4,0.096,220.72,11.16,158.91,288,S1,Windows,18,15.43,-0.7687037929126679,0.9827559045440541,-0.9803809456332282,0.7747475772475485,9.84,1.4000000000000004,1322.0,0,0.8764636138131721,NORMAL,1.9967423497103844,NORMAL,COMBINED,LOW
26-07-2026 16:44,Memory + Disk Stress,1,11.4,1200,77.7,3517.3,1.4,0.03,430.921,11.16,158.91,288,S1,Windows,18,15.43,-0.7142898336970193,0.39685207370137116,-0.40013453441070446,2.0759211535094964,10.280000000000001,1.5999999999999996,-1299.1000000000004,1,0.8285537098035574,NORMAL,2.609879041629352,NORMAL,DISK,LOW
26-07-2026 16:44,Memory + Disk Stress,1,7.9,1200,78.6,3380.2,1.4,0.042,160.673,11.16,158.92,288,S1,Windows,18,15.43,-0.8333203694812507,0.46038381439515547,-0.46137060782969314,0.4030482526306287,9.68,-3.5,137.10000000000036,0,0.5609950272549862,NORMAL,1.2397248586378693,NORMAL,DISK,LOW
26-07-2026 16:44,Memory + Disk Stress,1,9.9,1200,84.2,2500.7,1.4,0.345,316.232,11.16,158.93,288,S1,Windows,18,15.43,-0.7653029204616899,0.8556924231564844,-0.8542015820966544,1.365980209898826,9.48,2.0,879.5,0,0.9303349614845484,NORMAL,1.9811494125918232,NORMAL,COMBINED,LOW
26-07-2026 16:44,Memory + Disk Stress,1,9.1,1200,80.1,3151.8,1.4,0.133,244.564,11.16,158.93,288,S1,Windows,18,15.43,-0.7925099000695142,0.566270048884797,-0.563386064933245,0.9223452706571417,9.620000000000001,-0.8000000000000007,-651.1000000000004,0,0.7047802518043706,NORMAL,1.9927302711805537,NORMAL,COMBINED,LOW
26-07-2026 16:44,Memory + Disk Stress,1,14.2,1200,71.6,4494.2,1.4,0.095,548.292,11.16,158.94,287,S1,Windows,18,15.43,-0.6190654050696341,-0.033751946556504986,0.03620040448798157,2.8024640520658357,10.5,5.1,-1342.3999999999996,1,0.7635780967986052,NORMAL,3.133941574508754,WARNING,DISK,WARNING
26-07-2026 16:44,Memory + Disk Stress,1,11.3,1200,84.6,2432.8,1.4,0.297,423.576,11.16,158.95,286,S1,Windows,18,15.43,-0.7176907061479972,0.8839287523537216,-0.8845292946068608,2.03045457667283,10.48,-2.8999999999999986,2061.3999999999996,0,1.0634826118064538,NORMAL,2.323160307660254,NORMAL,COMBINED,LOW
26-07-2026 16:44,Memory + Disk Stress,1,9.2,1200,76.6,3694.7,1.4,0.124,122.759,11.16,158.96,285,S1,Windows,18,15.43,-0.7891090276185362,0.31920216840896676,-0.32089836063587923,0.16835529222418208,10.74,-2.1000000000000014,-1261.8999999999996,0,0.43034408938026314,NORMAL,1.3030495162134996,NORMAL,DISK,LOW
26-07-2026 16:44,Memory + Disk Stress,1,10.2,1200,75.3,3906.2,1.4,0.019,305.779,11.16,158.97,285,S1,Windows,18,15.43,-0.7551003031087558,0.22743409851794433,-0.22643133271380722,1.3012746785613625,10.8,1.0,-211.5,0,0.6003015227430439,NORMAL,1.5425278371561282,NORMAL,DISK,LOW
26-07-2026 16:44,Memory + Disk Stress,1,7.5,1200,86.2,2187.2,1.4,0.016,69.798,11.16,158.98,285,S1,Windows,18,15.43,-0.8469238592851628,0.9968740691426732,-0.9942271766761797,-0.15948070176447168,10.48,-2.6999999999999993,1719.0,0,0.783880954216481,NORMAL,2.0782619151336426,NORMAL,MEMORY,LOW
26-07-2026 16:44,Memory + Disk Stress,1,11.9,1200,76.0,3792.8,1.4,0.188,501.376,11.16,159.06,285,S1,Windows,18,15.43,-0.697285471442129,0.27684767461311055,-0.2770817391741521,2.5120474531728445,10.02,4.4,-1605.6000000000004,1,0.8500657822859712,NORMAL,2.5509020822424184,NORMAL,DISK,LOW
26-07-2026 16:44,Memory + Disk Stress,1,12.7,1200,73.2,4236.9,1.4,0.159,562.904,11.16,159.07,285,S1,Windows,18,15.43,-0.6700784918343047,0.07919337023244657,-0.07872331316851555,2.892914374834707,10.3,0.7999999999999989,-444.09999999999945,1,0.8191090962206699,NORMAL,2.93666101485262,WARNING,DISK,WARNING
26-07-2026 16:45,Memory + Disk Stress,1,9.5,1200,78.9,3333.3,1.4,1.199,162.057,11.17,159.08,285,S1,Windows,18,15.43,-0.778906410265602,0.48156106129308457,-0.4823186154398357,0.4116154061148962,10.36,-3.1999999999999993,903.5999999999995,0,0.5569270457785523,NORMAL,1.169596527861133,NORMAL,DISK,LOW
26-07-2026 16:45,Memory + Disk Stress,1,6.9,1200,77.1,3612.5,1.4,0.279,418.88,11.2,159.1,286,S1,Windows,18,15.43,-0.8673290939910311,0.35449757990551395,-0.3576132055304149,2.001385680168408,9.7,-2.5999999999999996,-279.1999999999998,0,0.8383477793087281,NORMAL,2.5287187419913524,NORMAL,DISK,LOW
26-07-2026 16:45,Memory + Disk Stress,1,2.4,1200,78.2,3451.9,1.4,0.019,136.262,11.23,159.11,285,S1,Windows,18,15.43,-1.020368354285043,0.43214748519791835,-0.42934561538518917,0.2519407499539982,8.68,-4.5,160.5999999999999,0,0.572012024912726,NORMAL,1.8810470822503027,NORMAL,DISK,LOW
26-07-2026 16:45,Memory + Disk Stress,1,4.5,1200,78.4,3421.1,1.4,0.127,391.561,11.26,159.13,285,S1,Windows,18,15.43,-0.9489500328145041,0.44626564979653743,-0.44310251590528293,1.8322772509511343,7.2,2.1,30.800000000000182,0,0.8736406581545959,NORMAL,2.6114572038574595,NORMAL,DISK,LOW
26-07-2026 16:45,Memory + Disk Stress,1,2.4,1200,77.1,3613.5,1.4,0.023,156.29,11.27,159.15,285,S1,Windows,18,15.43,-1.020368354285043,0.35449757990551395,-0.35716655291612615,0.37591686988384765,5.14,-2.1,-192.4000000000001,0,0.5590764648171618,NORMAL,1.80516859865126,NORMAL,DISK,LOW
26-07-2026 16:45,Memory + Disk Stress,1,7.4,1200,79.7,3207.7,1.4,0.064,555.448,11.27,159.17,286,S1,Windows,18,15.43,-0.8503247317361409,0.5380337196875599,-0.5384181837945037,2.846760692480155,4.720000000000001,5.0,405.8000000000002,1,1.0935433106820418,NORMAL,2.9457097891851274,WARNING,DISK,WARNING
26-07-2026 16:45,Memory + Disk Stress,1,3.4,1200,77.2,3600.1,1.4,0.065,311.054,11.27,159.17,285,S1,Windows,18,15.43,-0.9863596297752626,0.36155666220482396,-0.36315169794759555,1.3339276660104316,4.0200000000000005,-4.0,-392.4000000000001,0,0.7437907603856314,NORMAL,1.7693763888101026,NORMAL,DISK,LOW
26-07-2026 16:45,Memory + Disk Stress,1,2.9,1200,79.8,3192.6,1.4,0.929,178.713,11.27,159.17,284,S1,Windows,18,15.43,-1.0033639920301527,0.5450928019868689,-0.5451626382702638,0.5147183746365446,4.12,-0.5,407.5,0,0.6765132407864682,NORMAL,1.3773699089290454,NORMAL,DISK,LOW
26-07-2026 16:45,Memory + Disk Stress,1,4.6,1200,77.9,3493.3,1.4,0.003,430.477,11.27,159.17,283,S1,Windows,18,15.43,-0.945549160363526,0.41097023829999024,-0.41085419715363464,2.0731727314379533,4.140000000000001,1.6999999999999997,-300.7000000000003,1,0.9037612053173725,NORMAL,2.2219363549267954,NORMAL,DISK,LOW
26-07-2026 16:45,Memory + Disk Stress,1,3.7,1200,76.9,3653.3,1.4,0.067,255.809,11.27,159.17,283,S1,Windows,18,15.43,-0.9761570124223284,0.34037941530689586,-0.3393897788674336,0.9919533927168159,4.4,-0.8999999999999995,-160.0,0,0.6612295626356172,NORMAL,1.4933910685915974,NORMAL,DISK,LOW
26-07-2026 16:45,Memory + Disk Stress,1,5.9,1200,78.7,3371.5,1.4,0.05,345.281,11.27,159.17,283,S1,Windows,18,15.43,-0.9013378185008115,0.46744289669446554,-0.46525648557400523,1.5457975809714342,4.1,2.2,281.8000000000002,0,0.812845027867671,NORMAL,2.1256499630064587,NORMAL,DISK,LOW
26-07-2026 16:45,Memory + Disk Stress,1,3.4,1200,77.1,3614.9,1.4,0.093,240.892,11.27,159.17,283,S1,Windows,18,15.43,-0.9863596297752626,0.35449757990551395,-0.35654123925612186,0.899615077308709,4.1,-2.5000000000000004,-243.4000000000001,0,0.6534884262171992,NORMAL,1.6649742755277226,NORMAL,DISK,LOW
26-07-2026 16:46,Memory + Disk Stress,1,5.4,1200,77.4,3565.2,1.4,0.104,396.141,11.27,159.17,283,S1,Windows,18,15.43,-0.9183421807557017,0.37567482680344305,-0.3787398741862732,1.8606280912386675,4.6,2.0000000000000004,49.70000000000027,0,0.8360786953527315,NORMAL,2.4373636180205263,NORMAL,DISK,LOW
26-07-2026 16:46,Memory + Disk Stress,1,3.9,1200,77.4,3569.3,1.4,0.0,289.69,11.27,159.17,283,S1,Windows,18,15.43,-0.9693552675203724,0.37567482680344305,-0.37690859846768915,1.2016815193067516,4.46,-1.5000000000000004,-4.100000000000364,0,0.7192270518520328,NORMAL,1.623857561005859,NORMAL,DISK,LOW
26-07-2026 16:46,Memory + Disk Stress,1,5.5,1200,77.9,3494.5,1.4,0.06,401.498,11.27,159.17,283,S1,Windows,18,15.43,-0.9149413083047236,0.41097023829999024,-0.4103182140164882,1.8937886701513997,4.82,1.6,74.80000000000018,0,0.8585948408149917,NORMAL,2.0955023636938797,NORMAL,DISK,LOW
26-07-2026 16:46,Memory + Disk Stress,1,3.4,1200,78.0,3485.0,1.4,0.002,291.796,11.27,159.17,283,S1,Windows,18,15.43,-0.9863596297752626,0.41802932059929926,-0.4145614138522314,1.2147179537271762,4.32,-2.1,9.5,0,0.74717255862825,NORMAL,2.3546101018493624,NORMAL,DISK,LOW
26-07-2026 16:46,Memory + Disk Stress,1,3.2,1200,77.3,3585.6,1.4,0.003,271.59,11.27,159.18,283,S1,Windows,18,15.43,-0.9931613746772187,0.36861574450413304,-0.3696281608547825,1.0896399889127892,4.28,-0.19999999999999973,-100.59999999999991,0,0.7003867657079199,NORMAL,1.539903510573897,NORMAL,DISK,LOW
26-07-2026 16:46,Memory + Disk Stress,1,5.3,1200,78.2,3438.2,1.4,0.009,416.522,11.27,159.18,283,S1,Windows,18,15.43,-0.9217430532066797,0.43214748519791835,-0.43546475620094527,1.9867893305181892,4.26,2.0999999999999996,147.4000000000001,0,0.8906179788652064,NORMAL,2.6080289765961604,NORMAL,DISK,LOW
26-07-2026 16:46,Memory + Disk Stress,1,1.6,1200,77.1,3616.8,1.4,0.003,59.621,11.27,159.18,283,S1,Windows,18,15.43,-1.0475753338928673,0.35449757990551395,-0.3556925992889732,-0.22247775451692217,3.8000000000000007,-3.6999999999999997,-178.60000000000036,0,0.5362559449006934,NORMAL,1.5375769235374885,NORMAL,NORMAL,LOW
26-07-2026 16:46,Memory + Disk Stress,1,5.5,1200,78.1,3458.5,1.4,0.012,515.365,11.27,159.18,283,S1,Windows,18,15.43,-0.9149413083047236,0.42508840289860833,-0.4263977081308834,2.5986413188458357,3.8,3.9,158.30000000000018,1,1.0070167187563435,NORMAL,2.7295705311287923,WARNING,DISK,WARNING
26-07-2026 16:46,Memory + Disk Stress,1,3.8,1200,77.3,3593.7,1.4,0.163,164.707,11.27,159.18,283,S1,Windows,18,15.43,-0.9727561399713504,0.36861574450413304,-0.3660102746790436,0.42801927658694044,3.88,-1.7000000000000002,-135.19999999999982,0,0.5612174755958418,NORMAL,1.764201236574145,NORMAL,DISK,LOW
26-07-2026 16:46,Memory + Disk Stress,1,5.3,1200,77.9,3488.9,1.4,0.034,507.039,11.27,159.18,283,S1,Windows,18,15.43,-0.9217430532066797,0.41097023829999024,-0.4128194686565052,2.547102214864613,4.3,1.5,104.79999999999973,1,0.9917983241562247,NORMAL,2.7387507667038586,WARNING,DISK,WARNING
26-07-2026 16:46,Memory + Disk Stress,1,5.0,1200,79.3,3277.0,1.4,0.637,329.12,11.27,159.18,283,S1,Windows,18,15.43,-0.9319456705596139,0.5097973904903217,-0.5074651576242927,1.4457587316511677,4.24,-0.2999999999999998,211.9000000000001,0,0.8231676961700728,NORMAL,2.127014833318136,NORMAL,DISK,LOW
26-07-2026 16:46,Memory + Disk Stress,1,3.9,1200,78.4,3414.6,1.4,0.463,164.636,11.27,159.18,283,S1,Windows,18,15.43,-0.9693552675203724,0.44626564979653743,-0.4460057578981599,0.4275797766610857,4.699999999999999,-1.1,-137.5999999999999,0,0.599403382106922,NORMAL,1.2734066931123824,NORMAL,DISK,LOW
26-07-2026 16:47,Memory + Disk Stress,1,8.2,1200,78.5,3405.6,1.4,4.529,377.012,11.27,159.19,285,S1,Windows,18,15.43,-0.8231177521283165,0.45332473209584645,-0.45002563142675867,1.7422169069897113,5.24,4.299999999999999,9.0,0,0.8213812529505429,NORMAL,2.565009543618847,NORMAL,DISK,LOW
26-07-2026 16:47,Memory + Disk Stress,1,4.0,1200,78.9,3337.2,1.4,0.429,304.146,11.27,159.19,284,S1,Windows,18,15.43,-0.9659543950693943,0.48156106129308457,-0.48057667024410966,1.291166180266703,5.279999999999999,-4.199999999999999,68.40000000000009,0,0.7886032070109061,NORMAL,1.7307464996813056,NORMAL,DISK,LOW
26-07-2026 16:47,Memory + Disk Stress,1,6.1,1200,80.4,3090.8,1.4,3.123,432.511,11.27,159.2,285,S1,Windows,18,15.43,-0.8945360735988553,0.5874472957827261,-0.5906318744048591,2.085763475792723,5.4399999999999995,2.0999999999999996,246.39999999999964,1,0.979874080853991,NORMAL,2.6816821404124807,NORMAL,COMBINED,LOW
26-07-2026 16:47,Memory + Disk Stress,1,5.9,1200,76.0,3788.3,1.4,0.403,205.043,11.27,159.2,284,S1,Windows,18,15.43,-0.9013378185008115,0.27684767461311055,-0.27909167593845147,0.6777047555908554,5.62,-0.1999999999999993,-697.5,0,0.544814934240038,NORMAL,1.5757040462013367,NORMAL,DISK,LOW
26-07-2026 16:47,Memory + Disk Stress,1,5.2,1200,78.1,3454.1,1.4,0.875,356.702,11.28,159.2,284,S1,Windows,18,15.43,-0.9251439256576578,0.42508840289860833,-0.42836297963375397,1.616495167636044,5.880000000000001,-0.7000000000000002,334.2000000000003,0,0.8140413280208394,NORMAL,2.3660288404600065,NORMAL,DISK,LOW
26-07-2026 16:47,Memory + Disk Stress,1,5.1,1200,77.3,3581.5,1.4,0.261,355.318,11.28,159.2,284,S1,Windows,18,15.43,-0.9285447981086358,0.36861574450413304,-0.3714594365733664,1.6079280141517762,5.26,-0.10000000000000053,-127.40000000000009,0,0.7850256529288592,NORMAL,2.216520665895211,NORMAL,DISK,LOW
26-07-2026 16:47,Memory + Disk Stress,1,4.3,1200,75.9,3807.9,1.4,1.617,339.699,11.28,159.2,284,S1,Windows,18,15.43,-0.9557517777164601,0.26978859231380153,-0.27033728469839186,1.5112442206035284,5.319999999999999,-0.7999999999999998,-226.4000000000001,0,0.7239784120694626,NORMAL,1.7115437163226899,NORMAL,DISK,LOW
26-07-2026 16:47,Memory + Disk Stress,1,5.0,1200,78.9,3334.9,1.4,0.055,385.585,11.28,159.2,284,S1,Windows,18,15.43,-0.9319456705596139,0.48156106129308457,-0.4816039712569737,1.7952849755017244,5.1,0.7000000000000002,473.0,0,0.8794298089075492,NORMAL,2.0021447008934072,NORMAL,DISK,LOW
26-07-2026 16:47,Memory + Disk Stress,1,3.1,1200,78.9,3332.4,1.4,0.191,193.44,11.28,159.21,284,S1,Windows,18,15.43,-0.9965622471281966,0.48156106129308457,-0.4827206027926956,0.605880563482505,4.540000000000001,-1.9,2.5,0,0.6611572257814244,NORMAL,1.451964930856796,NORMAL,DISK,LOW
26-07-2026 16:47,Memory + Disk Stress,1,5.0,1200,76.7,3678.2,1.4,0.003,414.398,11.28,159.21,284,S1,Windows,18,15.43,-0.9319456705596139,0.32626125070827683,-0.3282681287716437,1.9736414735813506,4.5,1.9,-345.7999999999997,0,0.8378439968509661,NORMAL,2.2638157046640237,NORMAL,DISK,LOW
26-07-2026 16:47,Memory + Disk Stress,1,2.7,1200,78.1,3460.6,1.4,0.797,137.801,11.28,159.22,284,S1,Windows,18,15.43,-1.0101657369321089,0.42508840289860833,-0.4254597376408771,0.2614673751073853,4.0200000000000005,-2.3,217.5999999999999,0,0.5679616644988676,NORMAL,1.302213892245051,NORMAL,DISK,LOW
26-07-2026 16:47,Memory + Disk Stress,1,7.7,1200,76.8,3661.5,1.4,4.31,536.726,11.73,159.26,284,S1,Windows,18,15.43,-0.8401221143832067,0.33332033300758585,-0.33572722743026584,2.730868895130113,4.7,5.0,-200.9000000000001,1,0.9653519587293136,NORMAL,2.955237176508518,WARNING,DISK,WARNING
26-07-2026 16:48,Memory + Disk Stress,1,4.3,1200,76.8,3659.8,1.4,1.735,188.219,11.73,159.26,284,S1,Windows,18,15.43,-0.9557517777164601,0.33332033300758585,-0.33648653687455665,0.5735618435826775,4.5600000000000005,-3.4000000000000004,1.699999999999818,0,0.5687313093086607,NORMAL,1.9449482908461189,NORMAL,DISK,LOW
26-07-2026 16:48,Memory + Disk Stress,1,9.0,1200,77.5,3557.5,1.4,5.364,375.55,11.74,159.36,287,S1,Windows,18,15.43,-0.7959107725204922,0.38273390910275207,-0.3821790993162965,1.7331669226009836,5.74,4.7,102.30000000000018,0,0.7766626088704294,NORMAL,1.9038182989257857,NORMAL,DISK,LOW
26-07-2026 16:48,Memory + Disk Stress,1,12.5,1200,78.9,3334.1,1.4,5.941,396.031,11.74,159.37,292,S1,Windows,18,15.43,-0.6768802367362607,0.48156106129308457,-0.48196129334840476,1.8599471758605826,7.24,3.5,223.4000000000001,0,0.8159140832506011,NORMAL,1.9855065543209647,NORMAL,DISK,LOW
26-07-2026 16:48,Memory + Disk Stress,1,5.7,1200,79.1,3309.5,1.4,2.288,92.87,11.74,159.37,293,S1,Windows,18,15.43,-0.9081395634027676,0.49567922589170266,-0.49294894765990815,-0.016661796281074084,7.840000000000001,-6.8,24.59999999999991,0,0.5230677855765374,NORMAL,1.8244108253568108,NORMAL,NORMAL,LOW
26-07-2026 16:48,Memory + Disk Stress,1,8.0,1200,79.5,3234.8,1.4,0.178,511.035,11.74,159.37,292,S1,Windows,18,15.43,-0.8299194970302726,0.5239155550889408,-0.5263138979472781,2.571838013508496,7.9,2.3,74.69999999999982,1,1.0257808979269187,NORMAL,2.859277267281967,WARNING,DISK,WARNING
26-07-2026 16:48,Memory + Disk Stress,1,3.1,1200,78.3,3435.9,1.4,1.377,187.289,11.74,159.37,286,S1,Windows,18,15.43,-0.9965622471281966,0.43920656749722736,-0.4364920572138093,0.56780501356796,7.660000000000001,-4.9,-201.0999999999999,0,0.6315900585439811,NORMAL,1.8714782627699444,NORMAL,DISK,LOW
26-07-2026 16:48,Memory + Disk Stress,1,4.2,1200,78.6,3380.7,1.4,0.114,496.952,11.74,159.37,286,S1,Windows,18,15.43,-0.9591526501674382,0.46038381439515547,-0.46114728152254875,2.484662274694232,6.7,1.1,55.20000000000027,1,1.0150228506121342,NORMAL,2.6100209552854854,NORMAL,DISK,LOW
26-07-2026 16:48,Memory + Disk Stress,1,2.8,1200,78.2,3447.2,1.4,0.034,277.799,11.74,159.37,285,S1,Windows,18,15.43,-1.0067648644811307,0.43214748519791835,-0.43144488267234643,1.1280745669357788,4.76,-1.4000000000000004,-66.5,0,0.7435775948253398,NORMAL,1.5911117335508695,NORMAL,DISK,LOW
26-07-2026 16:48,Memory + Disk Stress,1,2.8,1200,79.0,3313.6,1.4,0.015,220.693,11.74,159.37,285,S1,Windows,18,15.43,-1.0067648644811307,0.48862014359239364,-0.4911176719413243,0.7745804434729278,4.18,0.0,133.5999999999999,0,0.7017551255049077,NORMAL,1.840678320876664,NORMAL,DISK,LOW
26-07-2026 16:48,Memory + Disk Stress,1,3.3,1200,77.3,3580.7,1.4,0.306,333.996,11.74,159.37,285,S1,Windows,18,15.43,-0.9897605022262406,0.36861574450413304,-0.37181675866479746,1.4759418533197288,3.2399999999999998,0.5,-267.0999999999999,0,0.7770645964160173,NORMAL,2.2729394986045226,NORMAL,DISK,LOW
26-07-2026 16:48,Memory + Disk Stress,1,4.9,1200,78.8,3358.5,1.4,0.041,336.286,11.74,159.38,284,S1,Windows,18,15.43,-0.935346543010592,0.47450197899377455,-0.47106296955975907,1.4901172734634955,3.6,1.6000000000000005,222.19999999999982,0,0.815190605205961,NORMAL,2.489859825793335,NORMAL,DISK,LOW
26-07-2026 16:48,Memory + Disk Stress,1,5.0,1200,78.1,3468.9,1.4,0.253,356.343,11.74,159.38,284,S1,Windows,18,15.43,-0.9319456705596139,0.42508840289860833,-0.42175252094228033,1.6142729074475675,3.7600000000000002,0.09999999999999964,-110.40000000000009,0,0.8143153077154363,NORMAL,2.5128915798325027,NORMAL,DISK,LOW
26-07-2026 16:49,Memory + Disk Stress,1,3.3,1200,78.6,3382.3,1.4,0.186,210.691,11.74,159.38,283,S1,Windows,18,15.43,-0.9897605022262406,0.46038381439515547,-0.4604326373396866,0.7126666651856123,3.8599999999999994,-1.7000000000000002,86.59999999999991,0,0.6696631554914786,NORMAL,1.3550939747525805,NORMAL,DISK,LOW
26-07-2026 16:49,Memory + Disk Stress,1,12.9,1200,81.3,2956.7,1.4,38.245,418.53,11.8,159.57,285,S1,Windows,18,15.43,-0.6632767469323486,0.6509790364765105,-0.6505279899809815,1.9992191312381375,5.880000000000001,9.600000000000001,425.60000000000036,0,0.9242261592664816,NORMAL,2.1998893271741844,NORMAL,COMBINED,LOW
26-07-2026 16:49,Memory + Disk Stress,1,4.5,1200,79.9,3182.2,1.4,5.005,87.458,11.83,159.61,284,S1,Windows,18,15.43,-0.9489500328145041,0.5521518842861789,-0.549807825458867,-0.0501628328828489,6.12,-8.4,-225.5,0,0.5703247067985481,NORMAL,1.7620864073127456,NORMAL,NORMAL,LOW
26-07-2026 16:49,Memory + Disk Stress,1,13.1,1200,81.5,2917.3,1.4,3.215,588.139,11.87,159.72,287,S1,Windows,18,15.43,-0.6564750020303924,0.6650972010751295,-0.6681261029839584,3.049122552707173,7.76,8.6,264.89999999999964,1,1.139921392069883,NORMAL,3.4082973459620938,WARNING,COMBINED,WARNING
26-07-2026 16:49,Memory + Disk Stress,1,9.8,1200,81.5,2927.8,1.4,0.309,272.352,11.9,159.82,285,S1,Windows,18,15.43,-0.7687037929126679,0.6650972010751295,-0.6634362505339264,1.094356875440977,8.72,-3.299999999999999,-10.5,0,0.7816989233913199,NORMAL,1.7454566510920688,NORMAL,COMBINED,LOW
26-07-2026 16:49,Memory + Disk Stress,1,11.6,1200,82.1,2832.5,1.4,0.519,309.848,11.95,159.93,286,S1,Windows,18,15.43,-0.7074880887950631,0.7074516948709857,-0.706002244675645,1.3264623574107015,10.38,1.799999999999999,95.30000000000018,0,0.8309748555170839,NORMAL,1.8401013564549764,NORMAL,COMBINED,LOW
26-07-2026 16:49,Memory + Disk Stress,1,7.5,1200,80.7,3052.2,1.4,0.131,433.576,11.98,159.94,285,S1,Windows,18,15.43,-0.8469238592851628,0.6086245426806542,-0.6078726653164053,2.0923559746805442,9.3,-4.1,-219.69999999999982,1,0.976710248589135,NORMAL,2.330702186825303,NORMAL,COMBINED,LOW
26-07-2026 16:49,Memory + Disk Stress,1,4.6,1200,79.8,3188.1,1.4,1.035,119.26,11.98,159.94,284,S1,Windows,18,15.43,-0.945549160363526,0.5450928019868689,-0.5471725750345632,0.146695993061283,9.319999999999999,-2.9000000000000004,-135.9000000000001,0,0.5859663023242878,NORMAL,1.67110765264483,NORMAL,DISK,LOW
26-07-2026 16:49,Memory + Disk Stress,1,5.1,1200,79.1,3306.9,1.4,0.005,562.382,11.98,159.94,283,S1,Windows,18,15.43,-0.9285447981086358,0.49567922589170266,-0.49411024445705887,2.889683121858704,7.720000000000001,0.5,-118.80000000000018,1,1.104025880463254,NORMAL,3.133099342942613,WARNING,DISK,WARNING
26-07-2026 16:49,Memory + Disk Stress,1,3.2,1200,77.9,3499.3,1.4,0.041,257.521,11.98,159.94,282,S1,Windows,18,15.43,-0.9931613746772187,0.41097023829999024,-0.4081742814679021,1.0025509120557368,6.3999999999999995,-1.8999999999999995,-192.4000000000001,0,0.7033845225978904,NORMAL,2.0230791211988133,NORMAL,DISK,LOW
26-07-2026 16:49,Memory + Disk Stress,1,5.2,1200,79.4,3250.9,1.4,0.601,339.871,11.99,160.03,282,S1,Windows,18,15.43,-0.9251439256576578,0.5168564727896318,-0.5191227908572292,1.5123089246492607,5.12,2.0,248.4000000000001,0,0.8388864626354848,NORMAL,2.060162226395061,NORMAL,DISK,LOW
26-07-2026 16:49,Memory + Disk Stress,1,5.7,1200,80.8,3040.4,1.4,0.486,423.388,12.0,160.08,282,S1,Windows,18,15.43,-0.9081395634027676,0.6156836249799632,-0.6131431661650124,2.0292908303902855,4.76,0.5,210.5,0,0.9856337558258789,NORMAL,2.624392905951703,NORMAL,COMBINED,LOW
26-07-2026 16:50,Memory + Disk Stress,1,3.6,1200,80.0,3158.6,1.4,0.063,171.003,12.0,160.08,282,S1,Windows,18,15.43,-0.9795578848733064,0.559210966585488,-0.5603488271560815,0.4669923967725971,4.5600000000000005,-2.1,-118.19999999999982,0,0.667098900223374,NORMAL,1.464584553556759,NORMAL,DISK,LOW
26-07-2026 16:50,Memory + Disk Stress,1,5.4,1200,77.9,3497.3,1.4,0.013,512.706,12.0,160.08,282,S1,Windows,18,15.43,-0.9183421807557017,0.41097023829999024,-0.4090675866964796,2.5821817371155844,4.62,1.8000000000000003,-338.7000000000003,1,0.9970435904791204,NORMAL,2.886393354453318,WARNING,DISK,WARNING
26-07-2026 16:50,Memory + Disk Stress,1,3.1,1200,78.2,3449.9,1.4,0.037,301.352,12.0,160.08,282,S1,Windows,18,15.43,-0.9965622471281966,0.43214748519791835,-0.4302389206137667,1.2738709296633475,4.6000000000000005,-2.3000000000000003,47.40000000000009,0,0.7694348897532572,NORMAL,1.9049011000978802,NORMAL,DISK,LOW
26-07-2026 16:50,Memory + Disk Stress,1,2.9,1200,80.9,3022.8,1.4,0.101,277.625,12.0,160.08,282,S1,Windows,18,15.43,-1.0033639920301527,0.6227427072792733,-0.6210042521764946,1.1269974826104447,4.140000000000001,-0.20000000000000018,427.0999999999999,0,0.8374323567502158,NORMAL,1.8787079221173817,NORMAL,COMBINED,LOW
26-07-2026 16:50,Memory + Disk Stress,1,4.7,1200,79.5,3245.3,1.4,1.226,432.925,12.0,160.09,282,S1,Windows,18,15.43,-0.942148287912548,0.5239155550889408,-0.5216240454972462,2.0883261936702424,3.94,1.8000000000000003,-222.5,1,0.9618092007339443,NORMAL,2.586207480023636,NORMAL,DISK,LOW
26-07-2026 16:50,Memory + Disk Stress,1,3.4,1200,79.1,3300.3,1.4,2.854,179.247,12.01,160.1,282,S1,Windows,18,15.43,-0.9863596297752626,0.49567922589170266,-0.49705815171136464,0.5180239092901566,3.900000000000001,-1.3000000000000003,-55.0,0,0.6476280689003938,NORMAL,1.4827915986806108,NORMAL,DISK,LOW
26-07-2026 16:50,Memory + Disk Stress,1,4.6,1200,79.8,3194.5,1.4,0.049,507.89,12.01,160.1,282,S1,Windows,18,15.43,-0.945549160363526,0.5450928019868689,-0.5443139983031151,2.5523700238350693,3.7399999999999998,1.1999999999999997,105.80000000000018,1,1.0665293931327553,NORMAL,2.7412431788303655,WARNING,DISK,WARNING
26-07-2026 16:50,Memory + Disk Stress,1,3.0,1200,79.9,3183.2,1.4,0.019,291.359,12.02,160.11,282,S1,Windows,18,15.43,-0.9999631195791747,0.5521518842861789,-0.5493611728445782,1.212012862634239,3.72,-1.5999999999999996,11.300000000000182,0,0.8179093082553696,NORMAL,2.178823878656624,NORMAL,DISK,LOW
26-07-2026 16:50,Memory + Disk Stress,1,3.5,1200,79.4,3256.7,1.4,0.073,277.608,12.02,160.12,282,S1,Windows,18,15.43,-0.9829587573242845,0.5168564727896318,-0.5165322056943545,1.1268922502338317,3.84,0.5,-73.5,0,0.7786294602198122,NORMAL,1.585313547139951,NORMAL,DISK,LOW
26-07-2026 16:50,Memory + Disk Stress,1,4.2,1200,80.8,3035.5,1.4,0.003,432.033,12.02,160.12,282,S1,Windows,18,15.43,-0.9591526501674382,0.6156836249799632,-0.6153317639750274,2.082804588967954,3.7399999999999998,0.7000000000000002,221.19999999999982,1,1.0120781531328167,NORMAL,2.322474004084524,NORMAL,COMBINED,LOW
26-07-2026 16:50,Memory + Disk Stress,1,1.8,1200,80.9,3011.5,1.4,0.018,101.657,12.02,160.12,282,S1,Windows,18,15.43,-1.040773588990911,0.6227427072792733,-0.6260514267179575,0.037730962148304105,3.4200000000000004,-2.4000000000000004,24.0,0,0.6318113666543076,NORMAL,2.212984120074994,NORMAL,COMBINED,LOW
26-07-2026 16:50,Memory + Disk Stress,1,5.3,1200,78.0,3472.6,1.4,0.0,583.094,12.02,160.12,282,S1,Windows,18,15.43,-0.9217430532066797,0.41802932059929926,-0.420099906269412,3.017893297412282,3.56,3.5,-461.0999999999999,1,1.0895303528781324,NORMAL,3.190921674346102,WARNING,DISK,WARNING
26-07-2026 16:51,Memory + Disk Stress,1,3.8,1200,79.6,3222.0,1.4,0.0,340.535,12.02,160.12,282,S1,Windows,18,15.43,-0.9727561399713504,0.5309746373882498,-0.5320310514101744,1.5164191774769733,3.72,-1.5,250.5999999999999,0,0.8608092789853095,NORMAL,1.8740739964686033,NORMAL,DISK,LOW
26-07-2026 16:51,Memory + Disk Stress,1,3.0,1200,79.4,3262.9,1.4,0.015,282.074,12.02,160.12,282,S1,Windows,18,15.43,-0.9999631195791747,0.5168564727896318,-0.5137629594857641,1.1545374145840768,3.62,-0.7999999999999998,-40.90000000000009,0,0.7887059525246102,NORMAL,2.2365268715247235,NORMAL,DISK,LOW
26-07-2026 16:51,Memory + Disk Stress,1,3.9,1200,79.7,3209.3,1.4,0.058,399.548,12.02,160.12,281,S1,Windows,18,15.43,-0.9693552675203724,0.5380337196875599,-0.5377035396116414,1.8817178975398952,3.56,0.8999999999999999,53.59999999999991,0,0.936100983592687,NORMAL,2.1254399776909483,NORMAL,DISK,LOW
26-07-2026 16:51,Memory + Disk Stress,1,3.7,1200,79.0,3315.2,1.4,0.107,364.282,12.02,160.12,281,S1,Windows,18,15.43,-0.9761570124223284,0.48862014359239364,-0.4904030277584623,1.6634164273258913,3.94,-0.19999999999999973,-105.89999999999964,0,0.8701970378212873,NORMAL,2.065094563073443,NORMAL,DISK,LOW
26-07-2026 16:51,Memory + Disk Stress,1,5.2,1200,80.4,3095.6,1.4,3.612,332.839,12.02,160.13,281,S1,Windows,18,15.43,-0.9251439256576578,0.5874472957827261,-0.5884879418562732,1.4687798615702363,3.9200000000000004,1.5,219.5999999999999,0,0.865230927117417,NORMAL,1.8453052978289561,NORMAL,COMBINED,LOW
26-07-2026 16:51,Memory + Disk Stress,1,4.7,1200,78.6,3381.6,1.4,0.062,521.602,12.02,160.13,281,S1,Windows,18,15.43,-0.942148287912548,0.46038381439515547,-0.46074529416968885,2.6372492207832465,4.1,-0.5,-286.0,1,1.0403585336828982,NORMAL,2.7391548791304197,WARNING,DISK,WARNING
26-07-2026 16:51,Memory + Disk Stress,1,2.4,1200,79.6,3223.5,1.4,0.032,225.902,12.02,160.13,281,S1,Windows,18,15.43,-1.020368354285043,0.5309746373882498,-0.5313610724887412,0.8068248816951459,3.9800000000000004,-2.3000000000000003,158.0999999999999,0,0.7330400883387653,NORMAL,1.4658989899260717,NORMAL,DISK,LOW
26-07-2026 16:51,Memory + Disk Stress,1,3.2,1200,78.7,3373.2,1.4,0.006,259.166,12.02,160.13,281,S1,Windows,18,15.43,-0.9931613746772187,0.46744289669446554,-0.4644971761297144,1.0127336920280054,3.8400000000000007,0.8000000000000003,-149.69999999999982,0,0.7336274550430493,NORMAL,2.100860315275809,NORMAL,DISK,LOW
26-07-2026 16:51,Memory + Disk Stress,1,4.7,1200,79.2,3287.3,1.4,0.0,498.298,12.02,160.13,281,S1,Windows,18,15.43,-0.942148287912548,0.5027383081910127,-0.5028646356971185,2.49299420286607,4.040000000000001,1.5,85.89999999999964,1,1.0326377465437058,NORMAL,2.6203513632090294,NORMAL,DISK,LOW
26-07-2026 16:51,Memory + Disk Stress,1,3.7,1200,79.8,3187.3,1.4,0.044,311.212,12.02,160.14,281,S1,Windows,18,15.43,-0.9761570124223284,0.5450928019868689,-0.5475298971259941,1.3349057080989535,3.7399999999999998,-1.0,100.0,0,0.8328620653677488,NORMAL,2.0398941317613835,NORMAL,DISK,LOW
26-07-2026 16:51,Memory + Disk Stress,1,5.0,1200,81.1,2982.3,1.4,1.661,417.093,12.02,160.14,283,S1,Windows,18,15.43,-0.9319456705596139,0.6368608718778913,-0.6390936830551892,1.9903239003444297,3.8,1.2999999999999998,205.0,0,0.9965254794111753,NORMAL,2.4263308867430027,NORMAL,COMBINED,LOW
26-07-2026 16:51,Memory + Disk Stress,1,13.2,1200,79.8,3192.9,1.4,0.245,430.124,12.02,160.14,285,S1,Windows,18,15.43,-0.6530741295794145,0.5450928019868689,-0.5450286424859772,2.0709876120882815,5.959999999999999,8.2,-210.5999999999999,1,0.8826533303847368,NORMAL,2.2014569068983607,NORMAL,DISK,LOW
26-07-2026 16:52,Memory + Disk Stress,1,7.2,1200,78.8,3346.3,1.4,0.811,65.281,12.02,160.14,284,S1,Windows,18,15.43,-0.8571264766380969,0.47450197899377455,-0.47651213145408183,-0.18744156324455605,6.76,-5.999999999999999,-153.4000000000001,0,0.532279275629289,NORMAL,1.6245178156085849,NORMAL,NORMAL,LOW
26-07-2026 16:52,Memory + Disk Stress,1,11.7,1200,80.2,3123.1,1.4,0.174,628.083,12.03,160.15,283,S1,Windows,18,15.43,-0.7040872163440851,0.573329131184107,-0.5762049949633323,3.2963814969091856,8.16,4.499999999999999,223.20000000000027,1,1.1577422026329613,NORMAL,3.5824192405330844,ANOMALY,COMBINED,HIGH
26-07-2026 16:52,Memory + Disk Stress,1,7.7,1200,78.8,3354.8,1.4,0.148,242.974,12.03,160.15,284,S1,Windows,18,15.43,-0.8401221143832067,0.47450197899377455,-0.4727155842326274,0.9125029483739151,8.959999999999999,-3.999999999999999,-231.70000000000027,0,0.6714309345344028,NORMAL,1.6177826989759159,NORMAL,DISK,LOW
26-07-2026 16:52,Memory + Disk Stress,1,11.5,1200,72.3,4375.9,1.4,0.87,335.753,12.03,160.16,283,S1,Windows,18,15.43,-0.7108889612460412,0.01566162953866126,-0.0166385997823784,1.4868179289496841,10.26,3.8,-1021.0999999999995,0,0.5186564829818232,NORMAL,1.5771017545585102,NORMAL,DISK,LOW
26-07-2026 16:52,Memory + Disk Stress,1,4.4,1200,73.7,4149.4,1.4,0.979,431.099,12.03,160.17,283,S1,Windows,18,15.43,-0.9523509052654822,0.11448878172899375,-0.11780541691878174,2.0770229983940336,8.5,-7.1,226.5,1,0.7590175891609059,NORMAL,2.6063692249156016,NORMAL,DISK,LOW
26-07-2026 16:52,Memory + Disk Stress,1,2.4,1200,73.6,4168.7,1.4,0.124,92.748,12.03,160.18,283,S1,Windows,18,15.43,-1.020368354285043,0.10742969942968372,-0.10918502146300865,-0.017416993336768192,7.539999999999999,-2.0000000000000004,-19.300000000000182,0,0.3636598190743734,NORMAL,1.4675958691116882,NORMAL,NORMAL,LOW
26-07-2026 16:52,Memory + Disk Stress,1,4.8,1200,71.0,4576.9,1.4,0.022,591.908,12.03,160.18,283,S1,Windows,18,15.43,-0.9387474154615699,-0.0761064403523612,0.07313857568966164,3.0724531896162803,6.159999999999999,2.4,-408.1999999999998,1,0.9335745098053678,NORMAL,3.315507807555079,WARNING,DISK,WARNING
26-07-2026 16:52,Memory + Disk Stress,1,8.2,1200,73.1,4245.6,1.4,8.371,444.513,12.04,160.19,288,S1,Windows,18,15.43,-0.8231177521283165,0.07213428793313655,-0.07483743542420304,2.1600575336815813,6.26,3.3999999999999995,331.2999999999993,1,0.7155546058395927,NORMAL,2.484036762087249,NORMAL,DISK,LOW
26-07-2026 16:52,Memory + Disk Stress,1,3.1,1200,71.8,4457.3,1.4,0.703,152.622,12.04,160.19,286,S1,Windows,18,15.43,-0.9965622471281966,-0.019633781957885916,0.01971892302072662,0.3532114370946183,4.58,-5.1,-211.69999999999982,0,0.3794448807488937,NORMAL,1.049798508112572,NORMAL,DISK,LOW
26-07-2026 16:52,Memory + Disk Stress,1,3.9,1200,73.0,4270.9,1.4,0.019,423.604,12.04,160.19,286,S1,Windows,18,15.43,-0.9693552675203724,0.0650752056338275,-0.06353712428269782,2.030627900587252,4.4799999999999995,0.7999999999999998,186.40000000000055,0,0.7291621469202499,NORMAL,2.272056602358555,NORMAL,DISK,LOW
26-07-2026 16:52,Memory + Disk Stress,1,2.9,1200,71.4,4527.5,1.4,0.088,241.228,12.04,160.2,282,S1,Windows,18,15.43,-1.0033639920301527,-0.04787011115512305,0.051073936543797244,0.9016949642817683,4.58,-1.0,-256.60000000000036,0,0.505924011120696,NORMAL,2.0143710019311807,NORMAL,DISK,LOW
26-07-2026 16:52,Memory + Disk Stress,1,4.1,1200,73.2,4234.3,1.4,0.052,447.699,12.04,160.2,282,S1,Windows,18,15.43,-0.9625535226184162,0.07919337023244657,-0.07988460996566607,2.179779319086839,4.44,1.1999999999999997,293.1999999999998,1,0.7644568536657599,NORMAL,2.2419346928734725,NORMAL,DISK,LOW
26-07-2026 16:53,Memory + Disk Stress,1,4.1,1200,73.9,4119.3,1.4,0.293,408.161,12.05,160.21,282,S1,Windows,18,15.43,-0.9625535226184162,0.12860694632761283,-0.13124966060887305,1.9350335716439395,3.62,0.0,115.0,0,0.7406047871343713,NORMAL,2.3332191891948715,NORMAL,DISK,LOW
26-07-2026 16:53,Memory + Disk Stress,1,3.0,1200,73.2,4229.0,1.4,0.126,171.511,12.05,160.21,282,S1,Windows,18,15.43,-0.9999631195791747,0.07919337023244657,-0.08225186882139657,0.470136987791389,3.6,-1.0999999999999996,-109.69999999999982,0,0.43422471826604353,NORMAL,1.8445186016258792,NORMAL,DISK,LOW
26-07-2026 16:53,Memory + Disk Stress,1,3.9,1200,71.2,4552.9,1.4,0.154,418.185,12.05,160.21,281,S1,Windows,18,15.43,-0.9693552675203724,-0.06198827575374213,0.0624189129467315,1.997083533006872,3.6,0.8999999999999999,-323.89999999999964,0,0.721303552172955,NORMAL,2.0757836768925846,NORMAL,DISK,LOW
