timestamp,cpu_percent,memory_percent,memory_available_mb,disk_write_mbps,process_count
2026-08-02 10:35:01,0.0,68.5,3830.34,0.0,224
2026-08-02 10:35:12,20.7,71.5,3466.58,0.12,219
2026-08-02 10:35:17,11.3,71.5,3467.32,0.14,219
2026-08-02 10:35:22,7.8,71.4,3475.03,0.09,219
2026-08-02 10:35:27,16.1,71.2,3500.01,0.07,219
2026-08-02 10:35:32,43.8,72.5,3344.98,0.3,219
2026-08-02 10:35:37,42.0,72.8,3307.54,0.31,219
2026-08-02 10:35:42,23.5,73.3,3246.55,0.37,220
2026-08-02 10:35:47,52.2,75.2,3015.54,0.48,220
2026-08-02 10:35:52,40.2,74.7,3073.35,0.69,220
2026-08-02 10:35:57,13.4,73.9,3180.52,0.45,220
2026-08-02 10:36:02,25.5,74.2,3137.17,0.14,220
2026-08-02 10:36:07,18.6,73.6,3212.76,0.12,220
2026-08-02 10:36:12,29.5,74.6,3094.43,0.24,221
2026-08-02 10:36:17,35.7,73.9,3178.85,0.28,221
2026-08-02 10:36:22,20.1,73.3,3245.11,0.18,220
2026-08-02 10:36:28,19.7,73.4,3234.81,0.13,222
2026-08-02 10:36:32,27.1,74.0,3157.62,0.2,220
2026-08-02 10:36:37,18.5,74.9,3056.57,0.15,220
2026-08-02 10:36:42,23.6,74.1,3150.6,0.14,220
2026-08-02 10:36:47,18.3,73.6,3215.48,0.11,220
2026-08-02 10:36:52,16.0,73.7,3201.18,0.08,220
2026-08-02 10:36:57,19.2,73.8,3192.16,0.1,220
2026-08-02 10:37:02,9.4,73.7,3201.74,0.11,220
2026-08-02 10:37:07,8.4,73.6,3211.08,0.27,220
2026-08-02 10:37:12,12.9,73.8,3189.93,0.11,220
2026-08-02 10:37:17,8.1,73.6,3216.05,0.09,220
2026-08-02 10:37:22,5.6,73.5,3220.81,0.19,220
2026-08-02 10:37:27,5.8,73.4,3230.51,0.1,220
2026-08-02 10:37:32,5.9,73.6,3215.14,0.09,220
2026-08-02 10:37:37,12.4,73.6,3211.78,0.12,220
2026-08-02 10:37:42,13.2,73.7,3202.99,0.19,220
2026-08-02 10:37:47,10.1,73.3,3250.57,1.27,220
2026-08-02 10:37:52,7.5,73.2,3265.65,0.23,219
2026-08-02 10:37:57,12.7,73.1,3273.09,0.06,219
2026-08-02 10:38:02,9.6,72.9,3301.52,0.13,219
2026-08-02 10:38:07,5.1,72.8,3309.83,0.13,219
2026-08-02 10:38:12,5.3,72.8,3310.97,0.18,219
2026-08-02 10:38:17,5.5,72.9,3300.87,0.1,219
2026-08-02 10:38:22,7.7,72.7,3315.66,0.12,218
2026-08-02 10:38:27,5.2,72.7,3316.81,0.1,218
2026-08-02 10:38:32,4.8,72.8,3306.88,0.14,218
2026-08-02 10:38:37,6.9,72.3,3374.95,0.53,218
2026-08-02 10:38:42,5.0,72.3,3368.55,0.09,218
2026-08-02 10:38:47,9.0,72.2,3385.14,0.09,218
2026-08-02 10:38:52,5.7,72.1,3390.36,0.09,218
2026-08-02 10:38:57,5.9,72.2,3380.64,0.14,218
2026-08-02 10:39:02,5.2,72.3,3372.02,0.1,218
2026-08-02 10:39:07,5.5,72.4,3363.32,0.1,218
2026-08-02 10:39:12,8.7,72.3,3371.78,0.09,218
2026-08-02 10:39:17,5.8,72.3,3376.2,0.07,218
2026-08-02 10:39:22,4.9,72.2,3387.73,0.13,218
2026-08-02 10:39:27,5.1,72.3,3371.53,0.1,218
2026-08-02 10:39:32,5.9,72.4,3360.63,0.15,218
2026-08-02 10:39:37,5.8,72.4,3360.76,0.12,218
2026-08-02 10:39:43,21.8,73.1,3269.75,0.14,221
2026-08-02 10:39:47,21.2,73.6,3206.47,0.29,219
2026-08-02 10:39:52,11.1,74.4,3111.45,0.16,219
2026-08-02 10:39:57,25.1,73.6,3206.91,0.07,219
2026-08-02 10:40:02,30.0,73.4,3241.52,0.17,219
2026-08-02 10:40:07,7.4,73.5,3227.38,0.17,220
2026-08-02 10:40:12,8.2,73.4,3235.18,0.13,219
2026-08-02 10:40:17,9.0,73.4,3237.08,0.1,220
2026-08-02 10:40:22,28.0,73.5,3227.6,0.45,220
2026-08-02 10:40:27,10.0,73.4,3239.34,0.09,220
2026-08-02 10:40:32,17.3,73.2,3263.13,0.22,220
2026-08-02 10:40:37,6.9,73.0,3291.04,0.24,220
2026-08-02 10:40:42,11.6,73.1,3270.0,0.15,220
2026-08-02 10:40:47,7.2,73.0,3291.09,0.1,220
2026-08-02 10:40:52,8.2,72.9,3301.46,0.21,219
2026-08-02 10:40:57,10.0,72.9,3302.57,0.11,219
2026-08-02 10:41:02,7.2,72.8,3308.85,0.14,219
2026-08-02 10:41:07,13.2,73.0,3285.69,0.12,219
2026-08-02 10:41:12,8.6,73.2,3262.82,0.14,219
2026-08-02 10:41:17,16.2,73.0,3282.85,0.1,219
2026-08-02 10:41:22,14.4,72.5,3348.22,0.08,219
2026-08-02 10:41:27,9.1,72.4,3356.19,0.12,219
2026-08-02 10:41:33,15.9,74.3,3132.06,0.17,219
2026-08-02 10:41:37,31.4,75.0,3038.79,0.92,219
2026-08-02 10:41:42,11.2,74.5,3102.79,0.55,219
2026-08-02 10:41:47,13.7,74.0,3163.76,0.09,219
2026-08-02 10:41:52,8.5,74.0,3157.77,0.09,219
2026-08-02 10:41:57,21.3,74.7,3072.92,0.47,219
2026-08-02 10:42:02,15.7,74.9,3057.08,0.52,219
2026-08-02 10:42:07,13.0,74.6,3093.2,0.11,219
2026-08-02 10:42:12,16.5,73.9,3176.89,0.09,219
2026-08-02 10:42:17,11.1,74.0,3159.89,0.22,219
2026-08-02 10:42:22,8.2,73.7,3199.99,0.1,219
2026-08-02 10:42:27,5.2,73.7,3199.11,0.11,219
2026-08-02 10:42:32,6.5,73.7,3198.88,0.14,219
2026-08-02 10:42:37,5.1,73.8,3193.74,0.16,217
2026-08-02 10:42:42,5.1,73.8,3190.51,0.1,217
2026-08-02 10:42:47,9.6,73.6,3207.53,0.15,217
2026-08-02 10:42:52,5.5,73.6,3206.2,0.14,217
2026-08-02 10:42:57,5.1,73.7,3204.39,0.09,217
2026-08-02 10:43:02,5.6,73.8,3191.7,0.07,217
2026-08-02 10:43:07,8.5,73.8,3184.61,0.18,217
2026-08-02 10:43:12,4.8,73.7,3199.77,0.07,217
2026-08-02 10:43:17,5.1,73.8,3193.55,0.07,217
2026-08-02 10:43:22,5.7,73.7,3194.23,0.16,217
2026-08-02 10:43:27,4.8,73.8,3192.39,0.1,217
2026-08-02 10:43:32,5.5,73.8,3190.21,0.08,217
2026-08-02 10:43:37,10.1,73.7,3201.63,0.24,217
2026-08-02 10:43:42,11.5,74.3,3129.65,0.26,218
2026-08-02 10:43:47,16.6,74.2,3143.39,0.26,219
2026-08-02 10:43:52,18.3,73.6,3207.86,0.3,219
2026-08-02 10:43:57,5.9,73.7,3196.7,0.13,220
2026-08-02 10:44:03,6.0,73.8,3184.12,0.09,220
2026-08-02 10:44:08,6.6,73.9,3174.19,0.15,220
2026-08-02 10:44:13,7.9,73.7,3199.74,0.24,221
2026-08-02 10:44:18,10.1,73.6,3211.54,0.17,221
2026-08-02 10:44:23,7.2,73.6,3215.57,0.08,221
2026-08-02 10:44:28,6.4,73.6,3208.91,0.1,220
2026-08-02 10:44:33,6.1,73.6,3210.02,0.14,220
2026-08-02 10:44:38,5.5,73.7,3195.57,0.09,220
2026-08-02 10:44:43,10.9,73.5,3228.39,0.07,220
2026-08-02 10:44:48,6.1,73.4,3240.31,0.16,220
2026-08-02 10:44:53,5.3,73.5,3224.38,0.1,220
2026-08-02 10:44:58,9.6,73.2,3262.79,0.92,220
2026-08-02 10:45:03,8.6,73.0,3284.43,0.12,220
2026-08-02 10:45:08,10.6,72.9,3296.98,0.16,220
2026-08-02 10:45:13,6.3,73.0,3288.05,0.06,218
2026-08-02 10:45:18,6.8,73.0,3285.15,0.22,218
2026-08-02 10:45:23,6.3,73.1,3269.34,0.34,218
2026-08-02 10:45:28,7.4,73.3,3249.83,0.21,219
2026-08-02 10:45:33,13.0,73.7,3203.01,1.55,220
2026-08-02 10:45:38,6.4,73.8,3186.07,0.19,220
2026-08-02 10:45:43,5.2,73.9,3175.95,0.06,220
2026-08-02 10:45:48,4.5,74.0,3169.13,0.13,220
2026-08-02 10:45:53,11.6,73.9,3173.06,0.17,220
2026-08-02 10:45:58,7.3,73.9,3177.42,0.09,220
2026-08-02 10:46:03,5.9,74.0,3159.36,0.09,220
2026-08-02 10:46:08,6.2,74.1,3155.47,0.12,220
2026-08-02 10:46:13,7.2,74.1,3154.93,0.21,220
2026-08-02 10:46:18,13.5,73.7,3194.11,0.08,220
2026-08-02 10:46:23,29.4,74.8,3069.91,4.04,236
2026-08-02 10:46:28,28.2,75.2,3013.07,5.75,238
2026-08-02 10:46:33,25.6,75.4,2995.71,2.92,237
2026-08-02 10:46:38,21.4,75.2,3019.68,0.69,235
2026-08-02 10:46:43,17.1,75.1,3032.73,0.47,235
2026-08-02 10:46:48,15.7,75.2,3018.36,0.29,235
2026-08-02 10:46:53,17.6,75.2,3012.55,0.34,235
2026-08-02 10:46:58,24.7,73.5,3219.21,5.18,235
2026-08-02 10:47:03,23.1,72.7,3324.31,0.93,234
2026-08-02 10:47:08,15.2,72.7,3324.11,0.46,234
2026-08-02 10:47:13,13.5,72.6,3333.0,0.74,232
2026-08-02 10:47:18,6.5,72.7,3323.79,0.42,232
2026-08-02 10:47:23,11.1,72.4,3354.86,1.11,226
2026-08-02 10:47:28,7.2,72.0,3411.36,1.77,226
2026-08-02 10:47:33,6.1,72.0,3405.37,0.52,226
2026-08-02 10:47:38,7.0,72.0,3403.32,0.5,227
2026-08-02 10:47:43,6.9,72.3,3372.18,0.54,228
2026-08-02 10:47:48,9.0,72.1,3389.81,0.54,227
2026-08-02 10:47:53,6.9,72.2,3381.39,0.5,227
2026-08-02 10:47:58,6.0,72.2,3383.36,0.38,227
2026-08-02 10:48:03,5.4,72.2,3377.56,0.45,227
2026-08-02 10:48:08,6.4,72.3,3374.03,0.43,227
2026-08-02 10:48:13,9.7,72.0,3401.75,0.43,226
2026-08-02 10:48:18,6.2,72.1,3400.24,0.47,226
2026-08-02 10:48:23,21.0,72.7,3318.48,1.29,228
2026-08-02 10:48:28,11.6,72.6,3334.89,0.94,228
2026-08-02 10:48:33,8.0,72.5,3345.52,0.52,228
2026-08-02 10:48:38,11.2,71.8,3431.9,2.65,225
2026-08-02 10:48:43,8.2,71.8,3430.3,0.52,225
2026-08-02 10:48:48,5.9,71.8,3430.9,0.54,225
2026-08-02 10:48:53,7.1,71.7,3442.15,0.48,224
2026-08-02 10:48:58,7.2,71.8,3434.36,0.46,224
2026-08-02 10:49:03,14.8,71.6,3454.32,0.42,224
2026-08-02 10:49:08,7.7,71.6,3452.05,1.39,224
2026-08-02 10:49:13,6.4,71.7,3443.35,0.42,224
2026-08-02 10:49:18,13.9,71.6,3456.64,0.38,224
2026-08-02 10:49:23,6.7,71.6,3452.41,1.86,224
2026-08-02 10:49:28,7.9,71.7,3449.2,1.13,224
2026-08-02 10:49:33,11.3,72.1,3393.71,0.14,227
2026-08-02 10:49:38,13.0,72.3,3368.13,32.99,229
2026-08-02 10:49:43,22.4,72.1,3399.17,8.33,229
2026-08-02 10:49:48,23.7,72.3,3374.6,25.92,230
2026-08-02 10:49:53,20.5,74.5,3101.24,0.64,230
2026-08-02 10:49:58,32.4,75.6,2967.08,0.55,232
2026-08-02 10:50:03,27.2,76.1,2911.95,0.49,230
2026-08-02 10:50:08,23.4,75.9,2936.94,0.27,230
2026-08-02 10:50:13,19.7,76.2,2897.1,0.23,230
2026-08-02 10:50:18,28.9,76.6,2842.15,0.15,228
2026-08-02 10:50:23,8.4,75.8,2939.04,0.3,228
2026-08-02 10:50:28,12.8,74.8,3072.07,0.68,228
2026-08-02 10:50:33,12.8,74.6,3094.17,0.13,228
2026-08-02 10:50:38,9.2,74.5,3099.59,0.22,228
2026-08-02 10:50:43,10.3,74.7,3077.12,0.13,228
2026-08-02 10:50:48,9.9,74.8,3067.04,0.08,227
2026-08-02 10:50:53,9.8,74.9,3052.61,0.13,227
2026-08-02 10:50:58,15.0,74.7,3082.22,0.1,227
2026-08-02 10:51:03,26.3,74.7,3082.85,0.07,227
2026-08-02 10:51:08,14.1,74.6,3089.94,0.31,227
2026-08-02 10:51:13,10.8,74.5,3103.93,0.14,227
2026-08-02 10:51:18,27.4,74.7,3080.79,0.1,227
2026-08-02 10:51:23,8.6,74.5,3104.71,0.14,227
2026-08-02 10:51:28,19.8,74.6,3090.95,0.11,227
2026-08-02 10:51:33,42.0,75.1,3028.71,0.29,226
2026-08-02 10:51:38,36.4,77.6,2720.84,0.71,227
2026-08-02 10:51:43,27.7,77.8,2697.39,0.34,227
2026-08-02 10:51:48,12.9,77.1,2791.48,0.26,225
2026-08-02 10:51:53,14.6,76.1,2905.3,0.12,225
2026-08-02 10:51:58,34.2,76.1,2905.05,0.16,225
2026-08-02 10:52:03,17.0,75.9,2931.66,0.29,225
2026-08-02 10:52:08,8.2,75.6,2966.82,0.1,224
2026-08-02 10:52:13,8.0,75.4,2994.01,0.09,224
2026-08-02 10:52:18,22.1,74.4,3111.94,0.24,223
2026-08-02 10:52:23,17.5,74.4,3108.75,0.07,223
2026-08-02 10:52:28,25.5,73.9,3181.73,0.23,223
2026-08-02 10:52:33,8.6,73.9,3177.7,0.11,223
2026-08-02 10:52:38,12.7,74.3,3126.96,0.17,224
2026-08-02 10:52:43,8.4,74.5,3102.61,0.11,224
2026-08-02 10:52:48,10.5,74.4,3116.32,0.15,223
2026-08-02 10:52:53,12.5,74.1,3152.85,0.22,223
2026-08-02 10:52:58,12.1,74.1,3152.89,0.07,223
2026-08-02 10:53:03,9.2,74.1,3151.2,0.14,223
2026-08-02 10:53:08,11.2,74.3,3127.46,0.19,224
2026-08-02 10:53:13,33.1,74.3,3122.75,0.11,223
2026-08-02 10:53:18,19.6,74.1,3147.41,0.1,223
2026-08-02 10:53:23,8.4,74.0,3167.27,0.15,223
2026-08-02 10:53:28,14.5,74.2,3144.22,0.22,226
2026-08-02 10:53:33,9.8,74.3,3130.43,0.12,226
2026-08-02 10:53:38,11.9,74.3,3124.05,0.19,226
2026-08-02 10:53:43,13.2,74.3,3130.55,0.27,226
2026-08-02 10:53:48,9.3,74.3,3126.04,0.07,226
2026-08-02 10:53:53,12.0,74.2,3140.22,0.11,226
2026-08-02 10:53:58,17.2,73.7,3195.89,1.44,226
2026-08-02 10:54:03,12.2,73.7,3200.23,0.1,225
2026-08-02 10:54:08,21.5,73.7,3202.06,0.15,225
2026-08-02 10:54:13,8.2,73.6,3207.37,0.14,225
2026-08-02 10:54:18,9.6,73.6,3211.89,0.08,225
2026-08-02 10:54:23,8.7,73.7,3194.88,0.11,231
2026-08-02 10:54:28,15.5,73.8,3182.7,0.15,229
2026-08-02 10:54:33,15.5,73.7,3203.62,0.18,228
2026-08-02 10:54:38,11.2,73.5,3223.01,0.1,223
2026-08-02 10:54:43,8.0,73.6,3212.05,0.11,223
2026-08-02 10:54:48,10.0,73.6,3212.83,0.14,223
2026-08-02 10:54:53,9.6,73.7,3202.57,0.08,223
2026-08-02 10:54:58,10.6,73.7,3198.42,0.13,223
2026-08-02 10:55:03,11.9,73.7,3203.02,0.2,223
2026-08-02 10:55:08,8.3,73.6,3209.7,0.07,222
2026-08-02 10:55:13,7.6,73.6,3211.61,0.11,222
2026-08-02 10:55:18,10.9,73.6,3208.17,0.14,221
2026-08-02 10:55:23,9.4,73.7,3195.74,0.07,221
2026-08-02 10:55:28,25.3,73.6,3207.22,0.2,221
2026-08-02 10:55:33,15.1,73.6,3216.31,0.11,221
2026-08-02 10:55:38,8.5,73.6,3212.3,0.12,221
2026-08-02 10:55:43,7.8,73.6,3210.3,0.05,221
2026-08-02 10:55:48,8.7,73.7,3195.5,0.1,220
2026-08-02 10:55:53,8.3,73.8,3193.77,0.1,220
2026-08-02 10:55:58,18.1,73.9,3170.66,0.1,222
2026-08-02 10:56:03,53.0,74.8,3066.17,0.15,220
2026-08-02 10:56:08,7.1,74.7,3077.06,0.3,220
2026-08-02 10:56:13,12.2,73.3,3249.81,0.1,220
2026-08-02 10:56:18,5.6,73.1,3268.86,0.11,220
2026-08-02 10:56:23,5.2,73.2,3264.07,0.08,220
2026-08-02 10:56:28,5.4,73.2,3263.76,0.11,220
2026-08-02 10:56:33,6.2,73.2,3256.48,0.05,220
2026-08-02 10:56:38,7.6,73.6,3207.46,0.22,221
2026-08-02 10:56:43,8.9,73.4,3236.45,0.08,221
2026-08-02 10:56:48,6.1,73.4,3236.56,0.09,221
2026-08-02 10:56:53,5.2,73.5,3225.6,0.1,221
2026-08-02 10:56:58,5.1,73.6,3216.05,0.1,221
2026-08-02 10:57:03,7.4,73.7,3202.01,0.18,221
2026-08-02 10:57:08,9.1,73.3,3250.22,0.16,220
2026-08-02 10:57:13,6.1,73.3,3245.5,0.1,220
2026-08-02 10:57:18,5.1,73.4,3239.76,0.08,220
2026-08-02 10:57:23,6.9,73.4,3233.92,0.11,220
2026-08-02 10:57:28,9.0,73.3,3248.92,0.15,220
2026-08-02 10:57:33,8.0,73.1,3276.46,0.12,220
2026-08-02 10:57:38,6.6,73.2,3258.7,0.1,220
2026-08-02 10:57:43,5.9,72.9,3292.88,0.11,220
2026-08-02 10:57:48,5.8,73.0,3279.75,0.14,220
2026-08-02 10:57:53,8.4,73.0,3290.04,0.12,220
2026-08-02 10:57:58,6.3,73.0,3290.69,0.14,220
2026-08-02 10:58:03,9.4,72.8,3305.99,0.08,220
2026-08-02 10:58:08,5.6,72.8,3305.82,0.08,220
2026-08-02 10:58:13,5.7,73.0,3286.26,0.38,220
2026-08-02 10:58:18,5.8,73.0,3290.18,0.13,220
2026-08-02 10:58:23,5.2,73.1,3273.75,0.17,220
2026-08-02 10:58:28,5.9,73.0,3279.27,0.15,220
2026-08-02 10:58:33,9.6,73.1,3277.06,0.15,220
2026-08-02 10:58:38,7.3,72.2,3384.42,1.0,220
2026-08-02 10:58:43,5.9,72.2,3379.89,0.09,220
2026-08-02 10:58:48,7.0,72.4,3354.81,0.13,222
2026-08-02 10:58:53,6.6,72.4,3352.84,0.2,221
2026-08-02 10:58:58,8.9,72.4,3356.16,0.13,221
2026-08-02 10:59:03,5.5,72.5,3349.48,0.14,220
2026-08-02 10:59:08,4.6,72.4,3355.97,0.09,220
2026-08-02 10:59:13,5.3,72.6,3331.76,0.07,220
2026-08-02 10:59:18,12.9,72.1,3392.47,0.11,220
2026-08-02 10:59:23,6.0,72.1,3392.71,0.11,220
2026-08-02 10:59:28,5.4,72.2,3378.43,0.14,220
2026-08-02 10:59:33,5.9,72.2,3381.21,0.12,219
2026-08-02 10:59:38,6.7,72.3,3365.19,0.1,219
2026-08-02 10:59:43,8.4,72.2,3388.3,0.1,219
2026-08-02 10:59:48,5.8,72.1,3388.89,0.08,220
2026-08-02 10:59:53,4.5,72.3,3371.21,0.15,220
2026-08-02 10:59:58,4.3,72.3,3374.28,0.19,220
2026-08-02 11:00:03,7.5,72.5,3347.53,0.34,221
2026-08-02 11:00:08,7.6,72.3,3373.72,0.1,220
2026-08-02 11:00:13,5.2,72.3,3374.52,0.11,220
2026-08-02 11:00:18,5.9,72.3,3372.24,0.1,220
2026-08-02 11:00:23,7.8,72.4,3357.13,0.19,222
2026-08-02 11:00:28,6.0,72.4,3353.25,3.83,222
2026-08-02 11:00:33,5.3,72.5,3341.3,0.35,222
2026-08-02 11:00:38,10.8,72.6,3333.89,0.14,223
2026-08-02 11:00:43,5.5,72.7,3321.16,0.11,223
2026-08-02 11:00:48,6.3,72.8,3307.54,0.15,223
2026-08-02 11:00:53,5.8,72.8,3308.13,0.1,222
2026-08-02 11:00:58,9.0,72.8,3306.45,0.29,222
2026-08-02 11:01:03,24.7,74.0,3165.99,0.23,221
2026-08-02 11:01:08,13.2,74.2,3135.24,0.2,220
2026-08-02 11:01:13,16.3,72.8,3308.07,0.13,220
2026-08-02 11:01:18,5.2,72.7,3315.65,0.13,220
2026-08-02 11:01:23,6.0,72.8,3306.09,0.13,218
2026-08-02 11:01:28,6.3,72.8,3313.38,0.14,218
2026-08-02 11:01:33,5.5,72.8,3306.58,0.16,218
2026-08-02 11:01:38,6.9,72.9,3302.12,0.12,218
2026-08-02 11:01:43,8.7,72.7,3322.67,0.09,218
2026-08-02 11:01:48,5.6,72.7,3323.18,0.11,218
2026-08-02 11:01:53,6.2,72.8,3310.88,0.11,218
2026-08-02 11:01:58,5.5,72.8,3310.58,0.08,217
2026-08-02 11:02:03,5.5,72.9,3298.71,0.1,217
2026-08-02 11:02:08,8.9,72.8,3305.84,0.12,217
2026-08-02 11:02:13,6.6,72.8,3307.78,0.11,217
2026-08-02 11:02:18,5.9,72.8,3307.03,0.1,217
2026-08-02 11:02:23,11.3,72.8,3307.95,0.12,217
2026-08-02 11:02:28,5.6,72.8,3312.23,0.09,217
2026-08-02 11:02:33,5.2,72.8,3312.13,0.08,217
2026-08-02 11:02:38,6.4,72.9,3291.71,0.12,217
2026-08-02 11:02:43,5.5,72.9,3292.79,0.09,218
2026-08-02 11:02:48,6.6,73.0,3282.89,0.09,218
2026-08-02 11:02:53,12.6,72.8,3310.53,0.16,218
2026-08-02 11:02:58,16.5,73.1,3274.27,0.12,218
2026-08-02 11:03:03,7.6,73.1,3269.65,0.09,218
2026-08-02 11:03:08,11.8,72.6,3334.9,0.13,218
2026-08-02 11:03:13,5.6,72.6,3330.84,0.1,218
2026-08-02 11:03:18,5.8,72.7,3324.61,0.11,218
2026-08-02 11:03:23,23.6,74.1,3152.41,0.21,218
2026-08-02 11:03:28,6.3,74.1,3148.04,0.08,218
2026-08-02 11:03:33,10.0,73.1,3274.38,0.14,218
2026-08-02 11:03:38,9.7,72.6,3336.37,0.21,218
2026-08-02 11:03:43,13.2,72.5,3348.35,0.12,218
2026-08-02 11:03:48,5.9,72.5,3340.55,0.11,218
2026-08-02 11:03:53,5.2,72.6,3335.96,0.11,218
2026-08-02 11:03:58,6.2,72.7,3325.89,0.12,218
2026-08-02 11:04:03,6.3,72.9,3302.71,0.08,218
2026-08-02 11:04:08,6.4,72.8,3312.84,0.12,218
2026-08-02 11:04:13,9.0,72.8,3307.34,0.1,218
2026-08-02 11:04:18,5.2,72.7,3317.89,0.11,218
2026-08-02 11:04:23,4.9,72.7,3326.64,0.07,218
2026-08-02 11:04:28,10.1,72.6,3335.3,0.11,218
2026-08-02 11:04:33,5.4,72.5,3348.37,0.08,218
2026-08-02 11:04:38,19.3,72.5,3347.64,0.11,219
2026-08-02 11:04:43,5.0,72.5,3345.29,0.1,219
2026-08-02 11:04:48,6.1,72.6,3336.47,0.13,219
2026-08-02 11:04:53,5.9,72.6,3330.83,0.09,219
2026-08-02 11:04:58,6.3,72.8,3306.88,0.11,219
2026-08-02 11:05:03,29.2,73.4,3231.38,0.17,219
2026-08-02 11:05:08,16.1,73.3,3243.36,0.15,218
2026-08-02 11:05:13,35.5,75.2,3016.16,0.33,219
2026-08-02 11:05:18,42.9,75.4,2992.54,0.2,219
2026-08-02 11:05:23,9.8,73.1,3268.42,0.25,219
2026-08-02 11:05:28,22.7,73.8,3193.86,0.19,219
2026-08-02 11:05:33,9.8,73.3,3246.14,0.19,219
2026-08-02 11:05:38,9.0,73.4,3238.76,0.1,219
2026-08-02 11:05:43,7.7,73.3,3252.63,0.12,218
2026-08-02 11:05:48,14.8,73.2,3261.27,0.13,218
2026-08-02 11:05:53,10.0,73.2,3256.49,0.19,218
2026-08-02 11:05:58,22.4,73.1,3278.61,0.15,218
2026-08-02 11:06:03,9.7,73.2,3265.37,0.19,218
2026-08-02 11:06:08,10.0,73.3,3251.93,0.12,218
2026-08-02 11:06:13,14.0,73.2,3259.08,0.17,218
2026-08-02 11:06:18,9.6,73.1,3273.96,0.11,218
2026-08-02 11:06:23,8.7,73.2,3262.86,0.14,218
2026-08-02 11:06:28,10.8,73.3,3244.45,0.16,218
2026-08-02 11:06:33,8.2,73.3,3251.39,0.08,218
2026-08-02 11:06:38,12.7,73.3,3243.51,0.15,218
2026-08-02 11:06:43,10.9,73.3,3254.01,0.08,218
2026-08-02 11:06:48,21.6,73.1,3268.8,0.12,218
2026-08-02 11:06:53,9.7,72.9,3299.26,0.07,218
2026-08-02 11:06:58,9.0,72.8,3305.42,0.13,218
2026-08-02 11:07:03,12.6,72.9,3295.2,0.09,218
2026-08-02 11:07:08,9.4,72.8,3314.24,0.24,218
2026-08-02 11:07:13,9.4,72.7,3320.27,0.1,218
2026-08-02 11:07:18,10.5,72.9,3298.68,0.11,218
2026-08-02 11:07:23,9.1,72.9,3301.55,0.09,218
2026-08-02 11:07:28,13.2,72.8,3311.01,0.14,218
2026-08-02 11:07:33,10.5,72.7,3323.41,0.11,218
2026-08-02 11:07:38,9.6,72.8,3314.11,0.1,218
2026-08-02 11:07:43,8.8,72.8,3307.26,0.09,218
2026-08-02 11:07:48,10.0,72.8,3309.32,0.11,218
2026-08-02 11:07:53,26.9,72.7,3319.33,0.11,218
2026-08-02 11:07:58,9.0,72.6,3329.78,0.08,218
2026-08-02 11:08:03,10.8,72.8,3314.72,0.12,218
2026-08-02 11:08:08,9.2,72.7,3316.52,0.18,218
2026-08-02 11:08:13,9.7,72.9,3300.12,0.13,218
2026-08-02 11:08:18,12.7,72.8,3310.93,0.1,218
2026-08-02 11:08:23,8.9,72.6,3333.69,0.11,218
2026-08-02 11:08:28,9.0,72.9,3298.37,0.07,218
2026-08-02 11:08:33,9.2,72.9,3293.04,0.11,218
2026-08-02 11:08:38,23.3,73.8,3184.12,0.21,219
2026-08-02 11:08:43,51.4,75.9,2930.39,0.27,219
2026-08-02 11:08:48,7.6,73.7,3195.61,0.26,219
2026-08-02 11:08:53,25.0,74.3,3129.57,0.21,219
2026-08-02 11:08:58,29.3,74.5,3108.56,0.19,221
2026-08-02 11:09:03,25.9,74.9,3059.01,0.27,219
2026-08-02 11:09:08,21.2,75.9,2931.71,0.15,219
2026-08-02 11:09:13,33.0,74.6,3090.75,0.12,218
2026-08-02 11:09:18,22.4,74.8,3065.56,0.12,218
2026-08-02 11:09:23,32.0,73.9,3178.52,0.18,218
2026-08-02 11:11:50,0.0,71.1,3516.11,0.0,218
2026-08-02 11:12:17,20.0,73.3,3243.7,0.72,219
2026-08-02 11:12:22,5.9,73.4,3232.72,0.2,219
2026-08-02 11:12:27,6.2,73.5,3230.17,0.25,218
2026-08-02 11:12:32,5.7,73.5,3229.47,0.09,218
2026-08-02 11:12:37,9.4,73.4,3231.77,0.08,218
2026-08-02 11:12:42,5.9,73.4,3236.28,0.21,217
2026-08-02 11:12:47,6.6,73.4,3233.64,0.54,217
2026-08-02 11:12:52,6.4,73.4,3230.89,0.13,217
2026-08-02 11:12:57,11.2,73.5,3228.46,0.12,217
2026-08-02 11:13:02,10.9,73.4,3238.71,0.11,217
2026-08-02 11:13:07,11.4,73.0,3291.05,0.46,217
2026-08-02 11:13:12,7.6,72.9,3294.54,0.07,217
2026-08-02 11:13:17,7.1,72.9,3291.76,0.08,217
2026-08-02 11:13:22,6.3,73.0,3287.73,0.11,217
2026-08-02 11:13:27,11.0,73.0,3279.52,0.17,218
2026-08-02 11:13:32,10.7,73.0,3279.35,0.1,218
2026-08-02 11:13:37,5.5,73.1,3277.89,0.16,218
2026-08-02 11:13:42,7.3,73.1,3276.88,0.07,218
2026-08-02 11:13:47,8.2,73.1,3276.93,0.15,218
2026-08-02 11:13:52,11.8,73.2,3257.6,0.14,219
2026-08-02 11:13:57,12.1,73.3,3254.54,0.26,219
2026-08-02 11:14:02,7.7,73.2,3255.14,0.12,219
2026-08-02 11:14:07,4.9,73.2,3262.36,0.16,219
2026-08-02 11:14:12,7.7,73.2,3261.07,0.09,219
2026-08-02 11:14:17,10.0,73.1,3277.79,0.07,219
2026-08-02 11:14:22,7.3,73.1,3273.61,0.13,219
2026-08-02 11:14:27,8.8,73.1,3271.69,0.13,219
2026-08-02 11:14:32,6.6,73.1,3276.02,0.08,218
2026-08-02 11:14:37,6.2,73.1,3275.52,0.09,218
2026-08-02 11:14:42,5.5,73.1,3272.02,0.1,218
2026-08-02 11:14:47,6.3,73.1,3267.0,0.12,218
2026-08-02 11:14:52,5.5,73.1,3268.17,0.09,218
2026-08-02 11:14:57,24.9,75.4,2990.36,0.4,222
2026-08-02 11:15:02,10.5,75.4,2993.86,0.33,222
2026-08-02 11:15:07,6.3,75.3,3002.98,0.3,222
2026-08-02 11:15:12,6.4,75.1,3034.89,0.22,222
2026-08-02 11:15:17,6.0,75.1,3034.44,0.14,222
2026-08-02 11:15:22,9.5,75.2,3019.18,0.09,222
2026-08-02 11:15:27,11.4,75.5,2984.94,0.26,223
2026-08-02 11:15:32,16.6,75.4,2993.89,0.23,223
2026-08-02 11:15:37,11.6,73.7,3203.42,1.58,222
2026-08-02 11:15:42,6.5,73.6,3217.11,0.14,222
2026-08-02 11:15:47,12.3,73.7,3203.32,0.18,222
2026-08-02 11:15:52,12.8,73.8,3184.97,0.2,224
2026-08-02 11:15:57,7.2,73.9,3177.1,0.31,223
2026-08-02 11:16:02,9.0,74.1,3148.04,0.25,222
2026-08-02 11:16:07,13.6,71.6,3460.11,0.14,222
2026-08-02 11:16:12,7.6,71.6,3455.8,0.09,222
2026-08-02 11:16:17,7.0,71.6,3451.14,0.11,222
2026-08-02 11:16:22,8.9,71.5,3461.67,0.25,222
2026-08-02 11:16:27,6.2,71.6,3450.61,0.12,221
2026-08-02 11:16:32,5.8,71.8,3430.56,0.07,221
2026-08-02 11:16:37,16.5,71.8,3427.7,0.14,221
2026-08-02 11:16:42,6.3,71.7,3438.73,0.07,221
2026-08-02 11:16:47,6.1,71.8,3425.16,0.06,221
2026-08-02 11:16:52,7.6,71.8,3430.63,0.14,221
2026-08-02 11:16:57,9.2,71.8,3425.67,0.17,220
2026-08-02 11:17:02,8.4,71.8,3427.32,0.2,220
2026-08-02 11:17:07,11.3,71.8,3434.81,0.22,220
2026-08-02 11:17:12,7.1,71.8,3431.96,0.1,221
2026-08-02 11:17:17,6.0,71.8,3426.65,0.07,221
2026-08-02 11:17:22,9.8,71.4,3483.55,0.68,220
2026-08-02 11:17:27,10.8,71.4,3480.3,0.1,220
2026-08-02 11:17:32,5.4,71.3,3487.5,0.14,220
2026-08-02 11:17:37,6.3,71.3,3490.61,0.09,220
2026-08-02 11:17:42,5.9,71.3,3486.87,0.13,220
2026-08-02 11:17:47,6.2,71.4,3485.03,0.14,220
2026-08-02 11:17:52,8.3,71.4,3480.08,0.07,220
2026-08-02 11:17:57,5.6,71.3,3491.44,0.14,220
2026-08-02 11:18:02,6.9,71.0,3529.58,0.39,220
2026-08-02 11:18:07,7.6,71.0,3525.04,0.12,220
2026-08-02 11:18:12,6.3,71.1,3521.5,0.13,219
2026-08-02 11:18:17,9.5,71.1,3519.74,0.39,219
2026-08-02 11:18:22,6.2,71.1,3521.64,0.12,219
2026-08-02 11:18:27,6.6,71.1,3521.27,0.07,219
2026-08-02 11:18:32,5.5,71.1,3520.92,0.15,219
2026-08-02 11:18:37,6.2,71.1,3519.8,0.09,219
2026-08-02 11:18:42,16.1,71.0,3524.59,0.11,219
2026-08-02 11:18:47,6.9,70.9,3537.9,0.15,219
2026-08-02 11:18:52,6.4,70.9,3542.19,0.14,219
2026-08-02 11:18:57,6.7,70.9,3535.5,0.08,219
2026-08-02 11:19:02,16.3,71.4,3478.93,0.37,220
2026-08-02 11:19:07,11.5,71.5,3464.35,0.12,220
2026-08-02 11:19:12,16.1,72.6,3335.0,0.4,223
2026-08-02 11:19:17,7.5,72.5,3350.18,0.23,223
2026-08-02 11:19:22,37.2,72.9,3294.6,0.19,223
2026-08-02 11:19:27,7.6,72.6,3335.02,0.21,223
2026-08-02 11:19:32,9.0,72.1,3394.11,0.08,223
2026-08-02 11:19:37,5.2,72.0,3411.98,0.15,223
2026-08-02 11:19:42,5.8,71.9,3419.16,0.1,221
2026-08-02 11:19:47,16.6,72.6,3329.0,0.13,221
2026-08-02 11:19:52,18.4,72.8,3305.74,0.21,221
2026-08-02 11:19:57,51.0,74.1,3156.96,0.22,221
2026-08-02 11:20:02,81.9,74.6,3089.07,0.96,225
2026-08-02 11:20:07,31.0,74.6,3092.42,2.98,226
2026-08-02 11:20:12,20.9,74.4,3119.8,0.61,224
2026-08-02 11:20:17,14.1,74.1,3152.51,0.14,223
2026-08-02 11:20:22,8.4,74.1,3147.58,0.07,223
2026-08-02 11:20:27,7.9,74.0,3157.52,0.14,223
2026-08-02 11:20:32,9.2,74.1,3146.48,1.28,223
2026-08-02 11:20:37,16.7,73.5,3221.63,0.07,223
2026-08-02 11:20:42,10.9,73.3,3245.97,0.1,223
2026-08-02 11:20:47,10.7,73.5,3221.12,0.43,223
2026-08-02 11:20:52,24.9,73.5,3221.46,0.07,222
2026-08-02 11:20:57,9.1,73.3,3248.95,0.08,222
2026-08-02 11:21:02,15.7,73.3,3245.71,0.16,222
2026-08-02 11:21:07,25.7,72.7,3322.84,4.49,221
2026-08-02 11:21:12,9.1,72.5,3343.33,0.11,221
2026-08-02 11:21:17,6.6,72.2,3377.75,0.15,221
2026-08-02 11:21:22,11.4,72.1,3389.09,0.15,221
2026-08-02 11:21:27,17.2,73.1,3276.3,0.08,221
2026-08-02 11:21:32,44.6,74.9,3048.09,0.54,225
2026-08-02 11:21:37,41.9,75.0,3046.24,2.6,221
2026-08-02 11:21:42,33.5,75.8,2947.11,1.05,222
2026-08-02 11:21:47,21.3,76.1,2905.37,4.24,222
2026-08-02 11:21:52,10.5,76.0,2922.82,1.38,222
2026-08-02 11:21:57,12.8,76.0,2923.05,3.12,222
2026-08-02 11:22:02,13.3,76.0,2922.85,3.23,222
2026-08-02 11:22:07,13.4,75.8,2945.07,0.57,222
2026-08-02 11:22:12,9.9,75.7,2955.0,0.29,222
2026-08-02 11:22:17,11.9,74.7,3081.09,0.27,221
2026-08-02 11:22:22,7.4,74.8,3060.66,0.22,221
2026-08-02 11:22:27,6.1,74.8,3066.38,0.1,221
2026-08-02 11:22:32,18.5,75.8,2941.17,0.12,221
2026-08-02 11:22:37,13.7,76.4,2875.92,0.27,223
2026-08-02 11:22:42,48.7,76.7,2837.11,0.68,226
2026-08-02 11:22:48,33.8,78.0,2675.0,0.27,228
2026-08-02 11:22:53,88.6,78.6,2600.33,2.76,234
2026-08-02 11:22:58,94.7,81.2,2281.59,9.13,236
2026-08-02 11:23:03,72.5,83.0,2072.7,4.31,239
2026-08-02 11:23:08,64.8,83.1,2056.27,8.12,238
2026-08-02 11:23:13,62.8,83.7,1978.17,0.99,238
2026-08-02 11:23:18,36.2,84.7,1858.11,1.0,238
2026-08-02 11:23:23,67.5,85.2,1798.09,10.9,239
2026-08-02 11:23:28,99.5,86.7,1619.32,12.19,240
2026-08-02 11:23:33,100.0,87.9,1476.96,7.16,240
2026-08-02 11:23:38,94.2,87.3,1542.59,7.53,239
2026-08-02 11:23:43,83.4,87.0,1584.32,8.4,239
2026-08-02 11:23:48,85.3,86.9,1588.98,4.3,238
2026-08-02 11:23:53,29.6,86.7,1619.23,0.8,237
2026-08-02 11:23:58,8.9,86.7,1614.62,0.36,237
2026-08-02 11:24:03,33.7,86.9,1596.57,5.66,236
2026-08-02 11:24:08,45.0,87.2,1558.53,0.76,237
2026-08-02 11:24:13,10.9,87.2,1556.93,0.94,237
2026-08-02 11:24:18,24.4,85.4,1777.65,1.28,237
2026-08-02 11:24:23,11.7,85.4,1777.79,0.23,237
2026-08-02 11:24:28,11.7,85.4,1771.32,0.2,236
2026-08-02 11:24:33,16.7,86.1,1695.94,0.23,236
2026-08-02 11:24:38,38.1,85.3,1782.88,0.43,234
2026-08-02 11:24:43,13.8,85.5,1762.24,0.11,234
2026-08-02 11:24:48,15.0,85.5,1765.75,0.13,234
2026-08-02 11:24:53,13.2,85.6,1746.19,0.23,234
2026-08-02 11:24:58,9.1,85.8,1733.72,0.18,234
2026-08-02 11:25:03,13.7,85.9,1710.96,0.25,234
2026-08-02 11:25:08,11.7,85.9,1718.46,0.25,235
2026-08-02 11:25:13,15.0,85.6,1752.41,0.16,236
2026-08-02 11:25:18,9.2,85.5,1759.45,0.17,236
2026-08-02 11:25:23,10.2,85.7,1736.44,0.57,236
2026-08-02 11:25:28,8.3,85.8,1730.66,0.13,236
2026-08-02 11:25:33,11.6,85.7,1734.07,0.17,236
2026-08-02 11:25:38,12.4,85.4,1778.59,0.56,236
2026-08-02 11:25:43,9.9,85.1,1807.93,0.19,235
2026-08-02 11:25:48,9.4,84.9,1834.69,0.11,234
2026-08-02 11:25:53,13.6,85.2,1802.8,0.25,234
2026-08-02 11:25:58,7.3,85.3,1792.05,0.31,234
2026-08-02 11:26:03,14.9,85.2,1798.11,0.15,234
2026-08-02 11:26:08,16.4,85.4,1780.95,0.94,234
2026-08-02 11:26:13,12.3,85.6,1746.85,0.51,234
2026-08-02 11:26:18,8.2,85.7,1742.65,0.34,234
2026-08-02 11:26:23,9.4,85.4,1772.17,0.27,233
2026-08-02 11:26:28,12.5,85.3,1790.86,0.19,233
2026-08-02 11:26:33,8.4,85.2,1804.74,0.19,233
2026-08-02 11:26:38,10.5,85.5,1761.13,0.18,233
2026-08-02 11:26:43,11.5,85.1,1806.88,0.16,233
2026-08-02 11:26:48,17.4,83.4,2015.77,0.12,233
2026-08-02 11:26:53,9.2,83.1,2055.89,0.13,233
2026-08-02 11:26:58,14.7,83.5,2005.4,3.36,233
2026-08-02 11:27:03,8.3,83.3,2027.38,0.1,233
2026-08-02 11:27:08,20.3,83.1,2057.66,0.45,233
2026-08-02 11:27:13,35.1,84.4,1899.31,0.12,235
2026-08-02 11:27:18,19.7,85.3,1785.39,0.21,234
2026-08-02 11:27:23,25.1,85.6,1755.16,0.19,234
2026-08-02 11:27:28,14.4,83.2,2042.94,0.19,232
2026-08-02 11:27:33,14.1,84.2,1923.68,0.12,235
2026-08-02 11:27:38,14.2,85.1,1813.69,0.22,235
2026-08-02 11:27:43,30.1,84.9,1841.42,0.19,235
2026-08-02 13:40:16,0.0,75.8,2945.1,0.0,230
2026-08-02 13:40:28,27.4,77.7,2714.89,0.16,230
2026-08-02 13:40:33,21.1,78.1,2669.77,2.56,231
2026-08-02 13:40:38,9.2,78.0,2675.7,0.26,231
2026-08-02 13:40:43,42.9,80.2,2403.76,0.35,233
2026-08-02 13:40:48,20.0,79.9,2448.9,0.21,233
2026-08-02 13:40:53,15.7,80.1,2424.7,0.27,233
2026-08-02 13:40:58,14.3,80.4,2384.2,1.02,233
2026-08-02 13:41:03,14.1,80.8,2330.69,0.24,233
2026-08-02 13:41:08,15.4,80.5,2369.92,0.52,233
2026-08-02 13:41:13,14.4,79.9,2445.95,0.25,233
2026-08-02 13:41:18,18.2,80.8,2338.52,0.19,233
2026-08-02 13:41:23,8.9,80.5,2366.62,0.17,233
2026-08-02 13:41:28,11.3,80.1,2417.38,0.15,233
2026-08-02 13:41:33,22.0,79.8,2453.94,0.21,232
2026-08-02 13:41:38,26.5,79.8,2461.1,0.2,231
2026-08-02 13:41:43,16.0,79.8,2452.02,0.2,231
2026-08-02 13:41:48,12.5,80.2,2406.37,0.17,231
2026-08-02 13:41:55,0.0,79.7,2466.58,0.0,231
2026-08-02 13:42:08,21.8,81.3,2272.68,0.24,231
2026-08-02 13:42:13,22.4,82.7,2104.93,0.45,235
2026-08-02 13:42:18,25.0,83.3,2032.11,0.68,235
2026-08-02 13:42:23,13.4,83.0,2071.21,0.37,235
2026-08-02 13:42:28,19.0,82.9,2074.65,0.17,235
2026-08-02 13:42:33,23.0,83.5,2011.53,0.8,235
2026-08-02 13:42:38,23.3,83.5,2008.36,0.17,235
2026-08-02 13:42:43,33.0,83.8,1967.36,0.23,235
2026-08-02 13:42:48,17.2,83.6,1999.8,1.13,236
2026-08-02 13:42:53,10.1,82.7,2101.7,0.3,235
2026-08-02 13:42:58,7.5,82.2,2165.03,0.15,234
2026-08-02 13:43:03,9.2,82.4,2143.97,0.07,235
2026-08-02 13:43:08,20.7,82.6,2114.34,0.27,235
2026-08-02 13:43:13,9.5,82.4,2137.84,0.44,235
2026-08-02 13:43:18,27.7,81.6,2238.86,0.25,234
2026-08-02 13:43:23,11.8,81.6,2243.47,0.14,234
2026-08-02 13:43:28,17.8,80.8,2338.59,0.16,234
2026-08-02 13:43:33,9.8,80.7,2351.77,0.43,233
2026-08-02 13:43:38,10.2,80.4,2380.11,0.21,232
2026-08-02 13:43:43,17.2,80.3,2392.11,0.2,232
2026-08-02 13:43:48,11.3,80.4,2386.91,0.19,232
2026-08-02 13:43:53,14.2,80.6,2357.8,0.13,232
2026-08-02 13:43:58,14.2,81.7,2227.41,0.13,232
2026-08-02 13:44:03,30.0,81.3,2281.26,0.16,232
2026-08-02 13:44:08,14.6,81.4,2259.16,0.25,233
2026-08-02 13:44:13,12.8,80.9,2323.68,0.22,234
2026-08-02 13:44:18,17.4,81.1,2299.59,0.13,234
2026-08-02 13:44:23,16.6,80.5,2370.57,0.2,234
2026-08-02 13:44:28,19.1,80.7,2348.8,0.17,234
2026-08-02 13:44:33,47.2,82.0,2191.12,0.19,234
2026-08-02 13:44:38,20.5,81.9,2198.08,0.16,234
2026-08-02 13:44:43,15.7,80.9,2329.61,0.2,234
2026-08-02 13:44:48,8.5,80.4,2381.07,0.16,233
2026-08-02 13:44:53,17.8,80.8,2334.6,0.12,233
2026-08-02 13:44:58,18.4,80.5,2378.11,0.11,235
2026-08-02 13:48:13,0.0,79.2,2533.68,0.0,235
2026-08-02 13:48:29,33.5,83.3,2034.43,2.37,236
2026-08-02 13:48:34,12.5,82.9,2083.65,0.91,235
2026-08-02 13:48:39,11.2,82.8,2088.99,0.19,235
2026-08-02 13:48:44,16.9,82.7,2103.61,0.23,235
2026-08-02 13:48:49,11.9,82.4,2136.71,0.19,235
2026-08-02 13:48:54,8.7,82.4,2139.8,0.15,235
2026-08-02 13:48:59,13.5,81.5,2248.93,0.19,235
2026-08-02 13:49:04,13.8,81.7,2225.05,0.16,234
2026-08-02 13:49:09,25.8,81.9,2207.62,0.17,234
2026-08-02 13:49:14,13.7,81.3,2272.32,0.55,234
2026-08-02 13:49:19,30.6,81.3,2276.5,0.22,233
2026-08-02 13:49:24,18.3,81.1,2303.72,0.15,233
2026-08-02 13:49:29,7.6,80.8,2333.5,0.23,233
2026-08-02 13:49:34,7.8,80.8,2337.24,2.49,233
2026-08-02 13:49:39,10.5,80.7,2344.41,0.2,233
2026-08-02 13:49:44,7.0,80.6,2359.45,0.13,233
2026-08-02 13:49:49,7.2,80.6,2361.42,0.4,233
2026-08-02 13:49:54,7.8,81.0,2316.52,0.21,233
2026-08-02 13:49:59,8.1,81.1,2300.57,0.11,233
2026-08-02 13:50:04,15.3,81.1,2295.67,0.21,233
2026-08-02 13:50:09,16.8,81.2,2290.53,0.13,233
2026-08-02 13:55:02,0.0,80.4,2386.62,0.0,237
2026-08-02 13:55:16,29.6,82.7,2101.52,0.37,238
2026-08-02 13:55:21,10.1,83.2,2048.95,0.19,238
2026-08-02 13:55:26,8.8,83.2,2049.66,0.13,237
2026-08-02 13:55:31,10.4,83.6,1999.57,0.21,237
2026-08-02 13:55:36,28.1,83.4,2019.51,0.14,236
2026-08-02 13:55:41,29.5,83.7,1978.14,0.12,236
2026-08-02 13:55:46,23.8,83.7,1979.31,0.14,236
2026-08-02 13:55:51,9.8,83.5,2001.98,0.31,236
2026-08-02 13:55:56,10.6,83.1,2054.86,0.11,235
2026-08-02 13:56:01,9.9,83.0,2067.06,0.16,235
2026-08-02 13:56:06,13.9,83.2,2050.05,0.22,235
2026-08-02 13:56:11,11.4,82.4,2140.59,0.14,235
2026-08-02 13:56:16,19.8,82.4,2143.78,0.3,236
2026-08-02 13:56:21,8.7,82.1,2180.59,0.22,236
2026-08-02 13:56:26,14.4,82.1,2174.28,0.2,236
2026-08-02 13:56:31,11.0,81.7,2225.48,0.16,236
2026-08-02 13:56:36,13.0,82.3,2150.25,0.23,236
2026-08-02 13:56:41,12.8,82.4,2142.5,0.15,236
2026-08-02 13:56:46,21.6,81.5,2249.94,0.89,235
2026-08-02 13:56:51,12.0,81.6,2243.53,0.15,235
2026-08-02 13:56:56,13.4,81.4,2267.45,0.13,235
2026-08-02 13:57:01,9.6,81.5,2249.5,0.08,235
2026-08-02 13:57:06,13.5,81.7,2227.41,0.29,235
2026-08-02 13:57:11,19.3,82.1,2182.14,0.11,235
2026-08-02 13:57:16,29.7,82.3,2149.31,0.15,235
2026-08-02 13:57:21,12.5,82.7,2105.42,0.14,235
2026-08-02 13:57:26,16.6,81.0,2308.23,0.18,231
2026-08-02 13:57:31,10.0,81.1,2299.39,0.2,230
2026-08-02 13:57:36,17.9,81.9,2206.47,0.16,230
2026-08-02 13:57:41,32.1,81.8,2209.78,0.13,228
2026-08-02 13:57:46,12.9,81.6,2244.04,1.18,228
2026-08-02 13:57:51,37.2,82.9,2084.66,0.33,226
2026-08-02 13:57:56,19.6,83.4,2019.64,0.17,226
2026-08-02 13:58:01,12.8,81.9,2199.81,0.13,226
2026-08-02 13:58:06,14.7,81.5,2245.66,0.32,226
2026-08-02 13:58:11,11.9,81.1,2298.99,0.2,226
2026-08-02 13:58:16,23.0,82.2,2168.1,0.2,226
2026-08-02 13:58:21,27.4,82.3,2159.01,0.13,226
2026-08-02 13:58:26,28.8,81.7,2228.17,0.12,226
2026-08-02 13:58:31,9.5,81.4,2263.03,0.15,226
2026-08-02 13:58:36,16.0,81.5,2254.32,0.11,226
2026-08-02 13:58:41,11.7,81.5,2246.17,0.13,226
2026-08-02 13:58:46,15.0,81.5,2254.51,2.8,226
2026-08-02 13:58:51,7.7,81.0,2313.66,0.15,226
2026-08-02 13:58:56,14.5,80.9,2318.75,0.28,226
2026-08-02 13:59:01,7.2,81.0,2307.93,0.12,226
2026-08-02 13:59:06,27.2,82.0,2184.06,0.21,227
2026-08-02 13:59:11,30.9,82.1,2178.04,0.25,227
2026-08-02 13:59:16,16.5,81.0,2310.86,1.03,227
2026-08-02 13:59:21,15.0,81.1,2300.39,0.17,227
2026-08-02 13:59:26,11.2,81.2,2288.78,0.12,227
2026-08-02 13:59:31,25.1,81.3,2275.89,0.16,227
2026-08-02 13:59:36,8.4,81.2,2286.24,0.21,227
2026-08-02 13:59:41,14.3,81.8,2208.84,0.14,227
2026-08-02 13:59:46,8.8,81.5,2256.76,0.14,226
2026-08-02 13:59:51,30.0,80.7,2349.42,0.21,226
2026-08-02 13:59:56,21.4,81.5,2253.16,0.16,232
2026-08-02 14:00:01,20.2,82.3,2152.2,0.2,226
2026-08-02 14:00:06,12.2,81.9,2206.07,0.24,226
2026-08-02 14:00:11,25.1,82.2,2160.02,0.16,226
2026-08-02 14:00:16,18.7,82.6,2117.07,0.27,227
2026-08-02 14:00:21,16.1,81.9,2197.12,0.32,228
2026-08-02 14:00:26,30.7,83.5,2011.92,0.64,228
2026-08-02 14:00:31,9.9,83.3,2035.91,0.51,228
2026-08-02 14:00:36,8.7,82.7,2101.83,0.16,228
2026-08-02 14:00:41,20.7,83.2,2050.16,0.34,230
2026-08-02 14:00:46,24.6,82.6,2112.84,1.44,226
2026-08-02 14:00:51,14.6,82.5,2132.25,0.16,225
2026-08-02 14:00:56,42.0,83.2,2040.52,0.21,225
2026-08-02 14:01:01,35.8,82.4,2140.13,0.3,225
2026-08-02 14:01:06,10.8,82.0,2184.14,0.44,225
2026-08-02 14:01:11,9.9,82.0,2193.98,1.24,225
2026-08-02 14:01:16,9.8,82.0,2184.45,4.27,225
2026-08-02 14:01:21,11.8,82.1,2178.33,0.13,225
2026-08-02 14:01:26,9.4,82.0,2194.47,0.11,225
2026-08-02 14:01:31,16.6,82.3,2150.98,0.17,225
2026-08-02 14:01:36,19.8,82.3,2147.81,0.1,225
2026-08-02 14:01:41,7.1,82.3,2158.15,0.12,225
2026-08-02 14:01:46,16.5,82.2,2164.65,0.56,225
2026-08-02 14:01:51,18.9,82.1,2176.35,0.16,225
2026-08-02 14:01:56,12.8,82.1,2177.98,0.27,226
2026-08-02 14:02:01,17.0,82.4,2141.89,0.14,228
2026-08-02 14:02:06,9.1,81.5,2249.75,0.31,226
2026-08-02 14:02:11,16.0,81.8,2215.16,0.94,230
2026-08-02 14:02:16,16.5,82.0,2185.65,1.13,230
2026-08-02 14:02:21,42.0,82.8,2094.55,5.16,230
2026-08-02 14:02:26,48.0,83.7,1987.83,0.38,232
2026-08-02 14:02:31,40.0,83.9,1957.1,0.58,231
2026-08-02 14:02:36,69.3,84.6,1875.14,0.47,232
2026-08-02 14:02:41,89.2,87.1,1572.6,2.87,236
2026-08-02 14:02:46,34.5,87.5,1517.2,3.28,236
2026-08-02 14:02:51,26.5,86.3,1663.25,0.82,236
2026-08-02 14:02:56,19.0,86.3,1666.66,0.29,236
2026-08-02 14:03:01,19.8,86.8,1603.27,0.37,236
2026-08-02 14:03:06,23.4,86.4,1648.87,0.62,236
2026-08-02 14:03:11,15.9,86.4,1654.19,0.33,236
2026-08-02 14:03:16,15.5,86.5,1646.6,0.26,236
2026-08-02 14:03:21,34.1,86.7,1617.24,0.79,238
2026-08-02 14:03:26,18.7,87.1,1571.79,0.27,240
2026-08-02 14:03:31,26.3,86.8,1611.55,0.43,239
2026-08-02 14:03:36,16.7,86.4,1656.97,0.31,239
2026-08-02 14:03:41,11.8,86.4,1659.38,0.2,239
2026-08-02 14:03:46,13.1,86.5,1640.54,0.25,239
2026-08-02 14:03:51,25.6,86.3,1664.91,0.29,238
2026-08-02 14:03:56,19.0,86.5,1645.74,0.61,238
2026-08-02 14:04:01,15.9,86.2,1682.39,0.27,237
2026-08-02 14:04:06,17.2,86.0,1699.64,0.21,236
2026-08-02 14:04:11,10.0,85.9,1717.68,0.18,236
2026-08-02 14:04:16,23.2,85.9,1712.96,4.79,237
2026-08-02 14:04:21,24.0,86.3,1662.87,0.23,237
2026-08-02 14:04:26,12.1,86.2,1679.41,0.32,236
2026-08-02 14:04:31,13.1,86.0,1709.18,0.18,236
2026-08-02 14:04:36,20.4,85.9,1721.3,0.2,236
2026-08-02 14:04:41,26.9,86.2,1674.8,0.61,236
2026-08-02 14:04:46,16.6,86.1,1687.48,0.95,236
2026-08-02 14:04:51,16.1,85.8,1724.81,0.24,236
2026-08-02 14:04:56,14.9,86.1,1694.28,3.85,236
2026-08-02 14:05:01,26.3,86.7,1613.75,3.03,236
2026-08-02 14:05:06,12.6,86.5,1647.57,0.2,236
2026-08-02 14:05:11,18.4,86.1,1685.54,0.17,236
2026-08-02 14:05:16,14.8,86.0,1699.76,0.28,236
2026-08-02 14:05:21,12.1,86.0,1698.05,0.13,236
2026-08-02 14:05:26,21.6,85.9,1711.81,0.33,234
2026-08-02 14:05:31,11.9,85.8,1733.68,0.24,234
2026-08-02 14:05:36,9.7,85.7,1740.64,0.19,234
2026-08-02 14:05:41,8.5,85.6,1746.71,0.09,234
2026-08-02 14:05:46,8.0,85.6,1746.88,0.18,234
2026-08-02 14:05:51,33.2,86.4,1654.15,0.38,235
2026-08-02 14:05:56,29.3,86.2,1675.1,0.18,235
2026-08-02 14:06:01,21.5,86.2,1682.04,0.29,235
2026-08-02 14:06:06,17.7,86.2,1682.09,0.51,235
2026-08-02 14:06:11,23.5,86.3,1668.02,0.21,235
2026-08-02 14:06:16,45.4,87.6,1506.03,0.94,236
2026-08-02 14:06:21,28.3,86.8,1609.35,0.37,235
2026-08-02 14:06:26,21.4,86.8,1601.85,0.27,235
2026-08-02 14:06:31,14.0,86.5,1637.28,0.27,235
2026-08-02 14:06:36,12.2,86.2,1678.61,0.25,234
2026-08-02 14:06:41,31.3,86.3,1666.45,0.2,234
2026-08-02 14:06:46,19.2,86.2,1680.71,2.51,234
2026-08-02 14:06:51,18.7,85.9,1710.22,0.83,233
2026-08-02 14:06:56,12.6,85.8,1723.7,0.2,233
2026-08-02 14:07:01,18.1,86.8,1609.8,0.18,234
2026-08-02 14:07:06,15.1,87.1,1574.25,0.17,234
2026-08-02 14:07:11,21.8,87.6,1508.32,0.29,234
2026-08-02 14:07:16,17.4,87.2,1555.05,0.71,234
2026-08-02 14:07:21,13.1,86.3,1668.68,0.24,234
2026-08-02 14:07:26,15.3,86.1,1693.99,0.24,234
2026-08-02 14:07:31,18.2,85.7,1739.01,0.23,233
2026-08-02 14:07:36,26.7,86.2,1677.64,4.2,233
2026-08-02 14:07:41,40.4,86.1,1691.03,0.16,234
2026-08-02 14:07:46,10.6,86.1,1689.62,1.18,234
2026-08-02 14:07:51,12.1,86.2,1681.96,0.44,234
2026-08-02 14:07:56,13.4,86.3,1663.15,0.15,234
2026-08-02 14:08:01,12.0,86.6,1629.95,0.24,234
2026-08-02 14:08:06,18.4,86.5,1647.53,0.17,234
2026-08-02 14:08:11,12.7,86.3,1669.8,0.13,234
2026-08-02 14:08:16,13.9,86.4,1656.03,0.18,234
2026-08-02 14:08:21,27.1,86.7,1624.27,0.17,235
2026-08-02 14:08:26,25.5,86.9,1588.07,0.24,235
2026-08-02 14:08:31,40.6,87.6,1514.8,0.23,235
2026-08-02 14:08:36,33.1,87.6,1503.1,0.29,235
2026-08-02 14:08:41,24.3,87.1,1572.05,0.36,236
2026-08-02 14:08:46,17.6,87.0,1585.43,0.23,236
2026-08-02 14:08:51,32.3,83.1,2050.24,0.27,235
2026-08-02 14:08:57,55.3,86.0,1699.71,0.22,237
2026-08-02 14:09:04,100.0,90.8,1115.77,0.52,238
2026-08-02 14:09:09,100.0,83.5,2010.69,6.67,238
2026-08-02 14:09:14,77.5,79.5,2500.33,103.23,237
2026-08-02 14:09:19,21.4,79.1,2546.3,0.41,237
2026-08-02 14:09:24,18.2,79.2,2528.6,0.23,237
2026-08-02 14:09:29,23.3,79.3,2515.73,0.27,237
2026-08-02 14:09:34,12.3,79.3,2524.13,0.31,237
2026-08-02 14:09:39,15.8,79.1,2544.88,0.24,237
2026-08-02 14:09:44,18.4,78.7,2596.75,1.15,236
2026-08-02 14:09:49,12.9,78.8,2583.73,0.22,236
2026-08-02 14:09:54,13.7,78.7,2594.29,0.09,236
2026-08-02 14:09:59,8.2,78.5,2620.11,0.15,236
2026-08-02 14:10:04,12.1,78.7,2597.69,0.47,236
2026-08-02 14:10:09,11.4,78.6,2597.86,0.21,236
2026-08-02 14:10:14,11.4,78.9,2573.25,0.26,236
2026-08-02 14:10:19,17.0,79.0,2556.37,0.2,236
2026-08-02 14:10:24,22.7,80.0,2432.85,0.2,236
2026-08-02 14:10:29,12.5,79.6,2480.87,0.18,237
2026-08-02 14:10:34,9.4,79.1,2536.95,0.2,236
2026-08-02 14:10:39,19.0,79.3,2513.7,0.27,237
2026-08-02 14:10:44,7.3,79.2,2533.71,0.46,237
2026-08-02 14:10:49,9.9,79.2,2532.25,0.15,237
2026-08-02 14:10:54,12.1,79.6,2480.83,0.17,237
2026-08-02 14:10:59,21.7,79.6,2480.65,0.19,237
2026-08-02 14:11:04,32.7,80.5,2377.4,0.27,238
2026-08-02 14:11:09,15.6,80.5,2378.38,0.22,237
2026-08-02 14:11:14,30.0,80.6,2358.41,0.32,237
2026-08-02 14:11:19,89.9,85.1,1811.24,5.06,238
2026-08-02 14:11:24,87.3,86.6,1634.14,0.52,241
2026-08-02 14:11:29,38.4,79.7,2464.73,1.74,237
2026-08-02 14:11:34,18.1,79.6,2477.38,0.3,237
2026-08-02 14:11:39,14.0,79.4,2506.85,0.23,237
2026-08-02 14:11:44,10.7,79.3,2516.34,0.19,237
2026-08-02 14:11:49,9.9,79.3,2518.07,0.15,237
2026-08-02 14:11:54,35.2,80.0,2434.91,7.43,239
2026-08-02 14:11:59,11.8,79.8,2452.08,0.19,239
2026-08-02 14:12:04,13.3,79.9,2451.58,0.27,239
2026-08-02 14:12:09,18.7,79.9,2447.53,0.4,239
2026-08-02 14:12:14,21.6,80.1,2419.18,0.28,239
2026-08-02 14:12:19,23.7,80.9,2320.18,0.14,240
2026-08-02 14:12:24,59.9,80.3,2399.21,0.48,240
2026-08-02 14:12:29,18.5,79.6,2478.59,0.36,238
2026-08-02 14:12:34,18.5,79.7,2473.87,0.2,238
2026-08-02 14:12:39,16.9,79.5,2493.16,0.18,238
2026-08-02 14:12:44,12.2,79.3,2519.68,0.31,238
2026-08-02 14:12:50,10.5,79.3,2515.01,0.23,237
2026-08-02 14:12:55,11.7,79.2,2531.69,0.2,236
2026-08-02 14:13:00,16.5,79.5,2493.62,0.23,237
2026-08-02 14:13:05,8.9,79.4,2508.68,0.15,237
2026-08-02 14:13:10,6.1,79.4,2509.79,0.12,237
2026-08-02 14:13:15,13.5,79.7,2464.66,0.16,237
2026-08-02 14:13:20,22.1,79.7,2465.82,0.19,237
2026-08-02 14:13:25,20.7,79.8,2457.08,0.33,237
2026-08-02 14:13:30,21.5,80.4,2389.36,0.34,235
2026-08-02 14:13:35,20.6,80.1,2422.5,0.78,236
2026-08-02 14:13:40,18.4,80.1,2424.25,4.08,236
2026-08-02 14:13:45,16.6,80.4,2385.8,0.2,236
2026-08-02 14:13:50,30.3,80.5,2374.97,0.27,238
2026-08-02 14:13:55,30.3,80.8,2337.68,0.2,236
2026-08-02 14:14:00,23.8,80.2,2404.1,0.33,236
2026-08-02 14:14:05,18.5,80.0,2430.95,0.24,235
2026-08-02 14:14:10,18.5,80.2,2406.18,0.24,236
2026-08-02 14:14:15,20.8,81.7,2230.02,0.3,236
2026-08-02 14:14:20,25.3,81.2,2282.01,0.25,236
2026-08-02 14:14:25,26.1,80.3,2396.79,0.2,236
2026-08-02 14:14:30,30.7,80.3,2394.5,0.24,236
2026-08-02 14:14:35,36.7,81.0,2313.65,0.28,236
2026-08-02 14:14:40,71.2,83.1,2052.18,0.49,237
2026-08-02 14:14:45,31.8,84.6,1870.03,1.48,237
2026-08-02 14:14:50,23.8,84.6,1871.0,3.13,236
2026-08-02 14:14:55,21.3,84.5,1887.9,2.69,236
2026-08-02 14:15:00,28.6,84.1,1933.89,2.09,236
2026-08-02 14:15:05,19.4,82.8,2090.33,1.47,237
2026-08-02 14:15:10,32.9,82.8,2098.79,1.8,237
2026-08-02 14:15:15,38.1,84.5,1889.01,3.91,237
2026-08-02 14:15:20,24.0,84.2,1924.79,4.52,237
2026-08-02 14:15:25,15.6,83.7,1988.65,0.24,237
2026-08-02 14:15:30,16.0,83.3,2033.52,0.29,237
2026-08-02 14:15:35,13.5,83.2,2045.99,0.23,235
2026-08-02 14:15:40,20.2,82.1,2181.2,0.19,234
2026-08-02 14:15:45,13.1,81.9,2205.95,0.29,234
2026-08-02 14:15:50,18.2,82.3,2156.54,0.24,237
2026-08-02 14:15:55,20.9,82.0,2192.41,0.2,236
2026-08-02 14:16:00,20.3,82.0,2193.96,0.24,236
2026-08-02 14:16:05,19.5,82.3,2149.27,0.38,237
2026-08-02 14:16:10,26.1,82.3,2148.91,2.89,238
2026-08-02 14:16:15,13.6,83.1,2059.46,1.48,238
2026-08-02 14:16:20,13.1,83.1,2061.99,1.68,237
2026-08-02 14:16:25,17.8,83.0,2068.58,1.77,237
2026-08-02 14:16:30,12.3,82.9,2075.23,1.77,237
2026-08-02 14:16:35,16.0,82.6,2115.07,4.18,237
2026-08-02 14:16:40,20.4,82.5,2130.07,4.25,236
2026-08-02 14:16:45,12.3,82.4,2136.69,0.2,236
2026-08-02 14:16:50,11.7,83.0,2067.85,0.18,236
2026-08-02 14:16:55,41.7,84.7,1860.91,4.71,237
2026-08-02 14:17:00,15.3,84.2,1922.75,0.33,237
2026-08-02 14:17:05,19.8,83.3,2034.96,0.31,237
2026-08-02 14:17:10,25.8,83.6,1990.81,0.41,237
2026-08-02 14:17:15,15.5,83.7,1982.22,0.35,237
2026-08-02 14:17:20,15.5,83.9,1957.64,0.27,236
2026-08-02 14:17:25,16.8,83.0,2063.68,0.36,234
2026-08-02 14:17:30,15.1,83.5,2010.56,0.2,234
2026-08-02 14:17:35,40.4,85.6,1749.86,0.5,242
2026-08-02 14:17:40,49.3,86.2,1676.6,0.62,242
2026-08-02 14:24:01,0.0,83.1,2055.97,0.0,235
2026-08-02 14:24:16,33.8,84.8,1844.97,1.16,236
2026-08-02 14:24:21,40.1,84.7,1855.7,0.52,236
2026-08-02 14:24:27,66.8,85.9,1710.16,0.42,236
2026-08-02 14:24:31,90.3,85.6,1753.21,0.35,236
2026-08-02 14:24:36,23.1,84.7,1860.24,0.51,235
2026-08-02 14:24:41,45.4,85.0,1823.55,0.18,235
2026-08-02 14:24:46,31.0,85.8,1728.41,2.96,235
2026-08-02 14:24:51,11.6,85.7,1741.57,1.99,235
2026-08-02 14:24:56,13.9,85.9,1718.85,1.32,234
2026-08-02 14:25:01,15.3,85.6,1746.88,1.74,234
2026-08-02 14:25:06,32.7,86.2,1684.53,4.26,234
2026-08-02 14:25:11,16.1,85.9,1718.14,0.17,234
2026-08-02 14:25:16,18.5,86.6,1628.43,0.19,234
2026-08-02 14:25:21,23.0,85.9,1721.64,0.22,237
2026-08-02 14:25:26,25.5,86.2,1674.44,0.32,234
2026-08-02 14:25:31,26.4,86.1,1694.68,0.19,234
2026-08-02 14:25:36,13.4,85.4,1772.7,0.41,234
2026-08-02 14:25:41,19.6,85.5,1763.28,0.23,234
2026-08-02 14:25:46,21.2,86.4,1658.53,0.47,234
2026-08-02 14:25:51,12.9,85.9,1713.67,0.31,234
2026-08-02 14:25:56,17.1,85.8,1729.22,0.19,234
2026-08-02 14:26:01,12.8,85.8,1728.77,0.19,234
2026-08-02 14:26:06,12.3,86.0,1700.76,0.23,234
2026-08-02 14:26:11,26.1,85.5,1758.34,0.22,234
2026-08-02 14:26:16,23.9,86.1,1689.49,0.31,234
2026-08-02 14:26:21,26.6,86.1,1690.68,0.35,234
2026-08-02 14:26:26,24.0,86.1,1691.2,0.18,234
2026-08-02 14:26:31,25.0,85.9,1716.12,0.17,234
2026-08-02 14:26:36,38.3,85.8,1725.32,0.23,234
2026-08-02 14:26:41,16.7,85.4,1778.57,0.15,234
2026-08-02 14:26:46,11.7,84.9,1840.16,0.92,234
2026-08-02 14:26:51,11.0,85.0,1828.26,0.22,234
2026-08-02 14:26:56,20.1,85.8,1725.11,0.14,234
2026-08-02 14:27:01,20.1,85.7,1740.87,0.17,234
2026-08-02 14:27:06,16.2,85.5,1759.78,0.35,234
2026-08-02 14:27:11,15.0,85.8,1730.66,0.3,234
2026-08-02 14:27:16,23.6,85.9,1712.66,0.21,234
2026-08-02 14:27:21,25.0,86.2,1674.99,0.28,234
2026-08-02 14:27:26,21.1,86.4,1657.46,0.33,234
2026-08-02 14:27:31,27.0,86.7,1619.62,0.25,234
2026-08-02 14:27:36,14.1,86.7,1616.69,0.36,233
2026-08-02 14:27:42,16.3,86.4,1649.5,0.19,234
2026-08-02 14:27:47,41.9,87.1,1567.4,0.61,235
2026-08-02 14:27:52,68.3,86.2,1683.2,1.53,235
2026-08-02 14:27:57,34.9,85.5,1767.37,0.35,235
2026-08-02 14:28:02,46.4,85.8,1727.55,0.28,235
2026-08-02 14:28:07,14.8,85.2,1806.27,0.27,235
2026-08-02 14:28:12,9.0,85.0,1820.95,0.16,235
2026-08-02 14:28:17,8.2,85.1,1812.25,0.11,235
2026-08-02 14:28:22,10.4,85.5,1765.61,1.13,234
2026-08-02 14:28:27,18.8,85.7,1740.09,2.04,234
2026-08-02 14:28:32,18.4,86.3,1670.28,1.57,235
2026-08-02 14:28:37,11.2,86.4,1650.62,2.09,235
2026-08-02 14:28:42,7.4,86.2,1682.25,1.74,235
2026-08-02 14:28:47,12.8,86.2,1680.5,1.47,235
2026-08-02 14:28:52,8.6,86.0,1707.01,3.96,234
2026-08-02 14:28:57,9.4,86.2,1685.03,0.1,234
2026-08-02 14:29:02,8.8,86.0,1698.88,0.17,233
2026-08-02 14:29:07,9.6,86.0,1700.39,0.18,233
2026-08-02 14:29:12,16.2,86.3,1668.85,0.3,234
2026-08-02 14:29:17,27.0,86.5,1636.7,0.17,234
2026-08-02 14:29:22,36.7,86.1,1690.11,1.6,234
2026-08-02 14:29:27,25.0,85.4,1780.82,0.16,234
2026-08-02 14:29:32,30.3,85.7,1734.35,0.21,234
2026-08-02 14:29:37,25.5,85.5,1761.92,0.24,234
2026-08-02 14:29:42,6.5,85.1,1809.36,0.22,234
2026-08-02 14:29:47,6.7,85.1,1815.52,0.79,234
2026-08-02 14:29:52,7.2,85.1,1810.73,0.14,233
2026-08-02 14:29:57,12.8,85.4,1775.95,0.15,233
2026-08-02 14:30:02,16.0,85.8,1727.93,0.15,233
2026-08-02 14:30:07,18.6,85.7,1737.0,0.19,233
2026-08-02 14:30:12,21.7,85.5,1765.85,0.29,233
2026-08-02 14:30:17,14.9,85.9,1709.57,0.15,233
2026-08-02 14:30:22,16.2,85.5,1758.54,0.22,232
2026-08-02 14:30:27,17.5,85.2,1806.72,0.26,232
2026-08-02 14:30:32,32.9,87.8,1489.64,0.23,232
2026-08-02 14:30:37,29.6,86.2,1674.73,0.43,232
2026-08-02 14:30:42,28.7,84.9,1838.68,0.31,232
2026-08-02 14:30:47,15.0,84.7,1865.29,0.22,232
2026-08-02 14:30:52,21.5,84.3,1910.08,0.2,231
2026-08-02 14:30:57,13.0,83.5,2010.8,0.21,231
2026-08-02 14:31:02,54.7,87.0,1583.12,0.4,231
2026-08-02 14:31:07,23.9,86.3,1664.9,2.51,231
2026-08-02 14:31:12,24.8,84.9,1837.85,2.03,231
2026-08-02 14:31:17,24.0,85.4,1780.79,1.39,232
2026-08-02 14:31:22,19.8,84.8,1848.22,5.27,232
2026-08-02 14:31:27,37.8,84.9,1832.69,0.29,232
2026-08-02 14:31:32,29.5,85.0,1831.03,0.36,232
2026-08-02 14:31:37,14.1,83.3,2029.15,6.32,232
2026-08-02 14:31:42,18.8,83.9,1957.65,0.19,232
2026-08-02 14:31:47,26.2,84.9,1840.86,0.31,233
2026-08-02 14:31:52,34.0,85.0,1825.74,0.89,241
2026-08-02 14:31:57,14.7,85.2,1806.41,0.35,239
2026-08-02 14:32:02,27.5,85.5,1765.14,0.24,239
2026-08-02 14:32:07,20.6,85.7,1736.03,0.39,235
2026-08-02 14:32:12,14.2,86.0,1705.44,0.26,235
2026-08-02 14:32:17,18.2,86.2,1677.09,0.19,234
2026-08-02 14:32:22,17.1,86.6,1632.25,0.2,234
2026-08-02 14:32:27,30.7,84.9,1836.71,0.37,234
2026-08-02 14:32:32,25.9,85.3,1790.64,0.21,233
2026-08-02 14:32:37,15.6,84.9,1841.14,0.25,233
2026-08-02 14:32:42,12.0,84.8,1854.26,0.3,233
2026-08-02 14:32:47,32.4,84.7,1864.66,0.22,235
2026-08-02 14:32:52,85.2,87.3,1540.49,0.54,234
2026-08-02 14:32:57,34.6,87.4,1530.69,7.76,234
2026-08-02 14:33:02,27.8,87.5,1519.71,0.97,235
2026-08-02 14:33:07,34.7,88.0,1461.01,0.2,235
2026-08-02 14:33:12,15.9,88.2,1432.45,0.23,235
2026-08-02 14:33:17,33.2,88.0,1460.09,4.24,235
2026-08-02 14:33:22,33.6,87.5,1525.39,0.25,234
2026-08-02 14:33:27,20.8,87.2,1553.34,0.28,234
2026-08-02 14:33:32,17.2,87.0,1583.52,0.19,234
2026-08-02 14:33:37,19.9,87.5,1521.33,0.25,234
2026-08-02 14:33:42,26.2,87.2,1563.45,0.24,234
2026-08-02 14:33:47,13.9,87.5,1526.53,0.2,234
2026-08-02 14:33:52,17.8,87.6,1507.14,0.19,234
2026-08-02 14:33:57,25.0,87.2,1556.98,0.35,234
2026-08-02 14:34:02,35.0,85.6,1752.41,0.19,233
2026-08-02 14:34:07,19.5,86.0,1705.83,0.17,233
2026-08-02 14:34:12,22.4,85.8,1724.88,0.19,233
2026-08-02 14:34:17,15.4,84.7,1866.82,0.26,233
2026-08-02 14:34:22,12.3,83.4,2021.49,2.29,233
2026-08-02 14:34:27,17.2,82.5,2126.11,0.89,233
2026-08-02 14:34:32,13.5,82.3,2149.06,0.22,233
2026-08-02 14:34:37,15.7,83.0,2072.29,0.3,233
2026-08-02 14:34:42,22.8,82.8,2093.13,0.2,233
2026-08-02 14:34:47,20.1,83.3,2032.85,0.88,233
2026-08-02 14:34:52,34.6,83.3,2032.28,0.29,238
2026-08-02 14:34:57,12.5,82.7,2103.54,0.18,238
2026-08-02 14:35:02,19.7,82.5,2126.01,0.41,234
2026-08-02 14:35:07,19.9,83.6,1998.21,0.29,234
2026-08-02 14:35:12,10.5,83.7,1989.25,0.19,234
2026-08-02 14:35:17,19.6,83.0,2066.09,0.17,235
2026-08-02 14:35:22,25.8,82.8,2092.74,0.26,235
2026-08-02 14:35:27,17.9,82.9,2084.03,0.22,235
2026-08-02 14:35:32,17.2,82.7,2099.85,0.18,235
2026-08-02 14:35:37,12.2,82.9,2076.23,0.25,235
2026-08-02 14:35:42,12.7,82.9,2082.63,0.2,235
2026-08-02 14:35:47,25.0,82.9,2077.79,0.22,234
2026-08-02 14:35:52,29.6,82.9,2074.95,0.17,233
2026-08-02 14:35:57,19.7,83.0,2068.73,0.31,233
2026-08-02 14:36:02,16.7,83.4,2023.89,0.29,234
2026-08-02 14:36:07,16.4,83.6,1996.62,0.18,234
2026-08-02 14:36:12,62.3,84.3,1915.23,0.6,234
2026-08-02 14:36:17,14.8,84.2,1922.61,0.19,234
2026-08-02 14:36:22,23.8,85.2,1800.57,0.34,234
2026-08-02 14:36:27,13.7,85.1,1809.12,0.3,234
2026-08-02 14:36:32,19.7,84.9,1842.34,0.2,234
2026-08-02 14:36:37,7.9,83.9,1960.28,0.27,234
2026-08-02 14:36:42,7.1,83.9,1953.68,0.18,234
2026-08-02 14:36:47,10.6,84.6,1870.81,1.2,234
2026-08-02 14:36:52,23.1,84.7,1865.17,0.29,233
2026-08-02 14:36:57,22.8,84.0,1949.25,0.22,233
2026-08-02 14:37:02,13.2,84.0,1945.27,0.3,233
2026-08-02 14:37:07,11.2,84.4,1899.09,0.12,233
2026-08-02 14:37:12,57.2,87.2,1555.65,0.25,233
2026-08-02 14:37:17,47.1,86.2,1676.12,0.27,233
2026-08-02 14:37:22,27.2,84.6,1876.32,0.22,233
2026-08-02 14:37:27,23.1,84.7,1858.57,0.22,233
2026-08-02 14:37:32,34.0,86.2,1676.15,0.51,233
2026-08-02 14:37:37,35.2,86.9,1590.75,2.15,233
2026-08-02 14:37:42,44.8,85.7,1736.79,2.03,233
2026-08-02 14:37:47,22.1,83.7,1982.16,2.12,233
2026-08-02 14:37:52,33.5,84.0,1948.61,4.93,233
2026-08-02 14:37:57,44.5,85.7,1738.92,0.29,233
2026-08-02 14:38:02,18.4,85.8,1729.86,0.25,232
2026-08-02 14:38:07,25.2,85.4,1771.25,0.32,232
2026-08-02 14:38:12,33.2,85.3,1783.15,0.22,232
2026-08-02 14:38:17,28.1,84.4,1892.99,0.22,233
2026-08-02 14:38:22,26.9,84.8,1846.19,0.32,236
2026-08-02 14:38:27,50.7,86.4,1657.14,0.25,233
2026-08-02 14:38:32,27.6,87.0,1579.96,0.21,233
2026-08-02 14:38:37,38.7,88.1,1446.08,0.3,233
2026-08-02 14:38:42,18.4,88.6,1390.86,0.22,235
2026-08-02 14:38:47,61.5,86.3,1664.45,1.47,233
2026-08-02 14:38:52,49.2,87.4,1528.14,1.2,236
2026-08-02 14:38:57,48.1,87.1,1566.06,1.9,233
2026-08-02 14:39:02,26.8,87.6,1506.26,1.8,233
2026-08-02 14:39:07,33.8,87.8,1486.32,1.51,233
2026-08-02 14:39:12,26.9,87.2,1556.59,4.85,233
2026-08-02 14:39:17,19.8,86.4,1658.95,0.18,233
2026-08-02 14:39:22,20.8,86.6,1633.26,1.25,233
2026-08-02 14:39:27,33.3,84.4,1892.63,0.24,233
2026-08-02 14:39:32,38.4,84.3,1913.7,0.18,233
2026-08-02 14:39:37,23.1,84.9,1840.37,0.2,233
2026-08-02 14:39:42,43.9,85.5,1763.6,0.31,233
2026-08-02 14:39:47,26.5,86.1,1692.91,0.22,233
2026-08-02 14:39:52,27.7,86.0,1708.73,0.24,233
2026-08-02 14:39:57,26.0,87.2,1557.13,0.32,234
2026-08-02 14:40:02,39.2,86.9,1588.1,0.2,234
2026-08-02 14:40:07,18.8,87.1,1567.22,0.3,234
2026-08-02 14:40:12,24.2,87.0,1584.64,0.43,234
2026-08-02 14:40:17,32.5,84.1,1931.4,0.31,234
2026-08-02 14:40:22,33.3,84.3,1914.67,0.38,235
2026-08-02 14:40:27,49.1,84.8,1854.32,0.28,234
2026-08-02 14:40:32,37.0,85.0,1825.17,0.37,234
2026-08-02 14:40:37,37.8,85.1,1811.96,0.29,234
2026-08-02 14:40:42,45.0,85.2,1796.19,0.24,234
2026-08-02 14:40:47,61.2,86.1,1691.62,0.34,238
2026-08-02 14:40:52,37.7,86.0,1701.28,0.23,237
2026-08-02 14:40:57,26.0,86.5,1642.6,0.24,234
2026-08-02 14:41:02,22.5,86.8,1604.2,0.35,234
2026-08-02 14:41:07,32.4,86.8,1609.56,0.14,236
2026-08-02 14:41:12,27.7,87.3,1540.79,0.24,234
2026-08-02 14:41:17,45.3,86.2,1678.48,2.81,235
2026-08-02 14:41:22,35.6,87.2,1563.13,0.24,233
2026-08-02 14:41:27,18.3,87.9,1476.78,0.27,233
2026-08-02 14:41:32,30.9,87.5,1521.26,0.2,233
2026-08-02 14:41:37,23.0,87.6,1506.0,0.13,233
2026-08-02 14:41:42,25.1,87.8,1482.25,0.2,233
2026-08-02 14:41:47,20.8,88.7,1369.02,0.17,235
2026-08-02 14:41:52,31.0,89.2,1311.14,0.16,233
2026-08-02 14:41:57,31.6,85.8,1724.55,75.46,233
2026-08-02 14:42:02,28.7,86.8,1609.94,0.25,233
2026-08-02 14:42:07,38.0,86.5,1644.6,0.18,233
2026-08-02 14:42:12,21.8,84.9,1838.48,0.13,233
2026-08-02 14:42:17,12.1,85.1,1810.78,0.28,233
2026-08-02 14:42:22,23.6,84.8,1846.73,0.19,233
2026-08-02 14:42:27,21.4,84.7,1858.58,0.18,233
2026-08-02 14:42:32,24.1,84.3,1910.54,0.19,232
2026-08-02 14:42:37,18.6,85.0,1825.0,0.2,232
2026-08-02 14:42:42,32.6,84.8,1847.66,0.14,231
2026-08-02 14:42:47,18.7,84.2,1924.57,0.22,231
2026-08-02 14:42:52,15.4,84.7,1865.61,0.18,231
2026-08-02 14:42:57,10.9,84.7,1857.78,0.17,231
2026-08-02 14:43:02,14.0,83.4,2015.12,0.25,231
2026-08-02 14:43:07,20.6,80.8,2333.75,0.17,231
2026-08-02 14:43:12,6.7,80.8,2337.49,0.18,231
2026-08-02 14:43:17,6.3,80.7,2349.27,0.19,230
2026-08-02 14:43:22,8.7,81.1,2294.44,0.22,231
2026-08-02 14:43:27,7.2,81.1,2293.66,0.13,231
2026-08-02 14:43:32,13.3,81.1,2299.38,0.15,232
2026-08-02 14:43:37,21.9,81.1,2294.78,0.34,232
2026-08-02 14:43:42,12.3,80.7,2346.76,0.18,232
2026-08-02 14:43:47,6.3,80.6,2356.48,0.17,231
2026-08-02 14:43:52,10.8,80.2,2412.22,0.23,230
2026-08-02 14:43:57,12.2,80.3,2394.09,0.46,231
2026-08-02 14:44:02,12.5,80.5,2378.64,0.58,231
2026-08-02 14:44:07,7.6,80.3,2396.75,0.17,230
2026-08-02 14:44:12,10.8,80.7,2349.82,0.27,231
2026-08-02 14:44:17,10.4,80.5,2368.84,0.24,231
2026-08-02 14:44:22,8.8,80.7,2343.2,0.2,231
2026-08-02 14:44:27,15.8,80.5,2370.18,6.38,232
2026-08-02 14:44:32,10.4,80.6,2355.23,0.15,232
2026-08-02 14:44:37,23.2,79.5,2488.52,0.26,232
2026-08-02 14:44:42,9.1,79.1,2544.62,0.19,232
2026-08-02 14:44:47,8.6,79.1,2538.23,0.22,232
2026-08-02 14:44:52,12.0,79.2,2536.84,0.22,231
2026-08-02 14:44:57,15.0,79.4,2508.44,0.14,231
2026-08-02 14:45:02,22.3,79.4,2502.04,0.33,231
2026-08-02 14:45:07,13.7,79.5,2496.01,0.26,231
2026-08-02 14:45:12,13.7,79.7,2468.13,0.17,231
2026-08-02 14:45:17,12.3,79.8,2461.64,0.21,231
2026-08-02 14:45:22,12.9,79.6,2477.12,0.2,231
2026-08-02 14:45:27,20.0,79.8,2454.6,1.76,232
2026-08-02 14:45:32,18.9,80.2,2406.63,0.26,233
2026-08-02 14:45:37,17.0,80.6,2354.56,0.24,233
2026-08-02 14:45:42,10.2,80.7,2349.42,0.16,233
2026-08-02 14:45:47,11.8,80.6,2366.37,0.15,233
2026-08-02 14:45:52,11.4,80.7,2350.05,0.2,234
2026-08-02 14:45:57,21.5,80.5,2368.66,0.15,234
2026-08-02 14:46:02,8.0,80.6,2362.0,0.18,234
2026-08-02 14:46:07,11.1,80.5,2367.39,0.21,234
2026-08-02 14:46:12,7.6,80.5,2372.69,0.16,234
2026-08-02 14:46:17,7.0,80.5,2372.87,0.31,234
2026-08-02 14:46:22,12.5,80.6,2365.79,0.2,233
2026-08-02 14:46:27,8.5,80.6,2360.74,0.19,233
2026-08-02 14:46:32,12.5,80.5,2374.17,0.14,233
2026-08-02 14:46:37,13.7,80.6,2364.16,0.25,233
2026-08-02 14:46:42,9.9,80.5,2370.12,0.17,233
2026-08-02 14:46:47,9.4,80.4,2389.05,0.15,233
2026-08-02 14:46:52,12.7,80.9,2326.55,0.36,234
2026-08-02 14:46:57,81.2,81.7,2230.61,1.77,251
2026-08-02 14:47:02,99.9,82.5,2134.91,0.49,250
2026-08-02 14:47:07,76.1,80.1,2419.33,0.56,245
2026-08-02 14:47:12,51.2,77.8,2698.04,3.1,246
2026-08-02 14:47:17,27.8,78.1,2659.2,1.64,247
2026-08-02 14:47:22,9.6,78.2,2646.59,1.35,247
2026-08-02 14:47:27,14.3,78.0,2676.89,0.84,247
2026-08-02 14:47:32,9.5,78.2,2650.79,0.64,248
2026-08-02 14:47:37,8.1,78.2,2648.0,0.52,249
2026-08-02 14:47:42,8.6,78.3,2645.29,0.54,249
2026-08-02 14:47:47,8.1,78.3,2637.57,0.59,249
2026-08-02 14:47:52,13.6,78.4,2633.8,0.65,248
2026-08-02 14:47:57,11.8,78.2,2658.1,1.37,246
2026-08-02 14:48:02,9.0,78.1,2662.68,0.58,245
2026-08-02 14:48:07,7.8,78.2,2655.29,0.5,245
2026-08-02 14:48:12,10.2,78.1,2668.08,0.52,245
2026-08-02 14:48:17,8.9,78.5,2617.47,0.58,246
2026-08-02 14:48:22,10.6,78.4,2631.44,1.08,246
2026-08-02 14:48:27,8.4,78.4,2626.59,0.23,246
2026-08-02 14:48:32,8.8,78.5,2615.23,0.23,246
2026-08-02 14:48:37,11.7,78.4,2625.88,0.22,245
2026-08-02 14:48:42,5.8,78.4,2623.59,0.2,245
2026-08-02 14:48:47,6.1,78.5,2616.86,0.15,245
2026-08-02 14:48:52,6.6,78.5,2615.28,0.26,244
2026-08-02 14:48:57,9.1,78.6,2608.56,0.19,244
2026-08-02 14:49:02,9.1,78.3,2645.13,0.18,243
2026-08-02 14:49:07,12.4,78.3,2639.7,0.16,243
2026-08-02 14:49:12,7.1,78.3,2642.27,0.15,243
2026-08-02 14:49:17,6.4,78.1,2660.14,0.46,240
2026-08-02 14:49:22,6.2,78.1,2663.38,0.17,240
2026-08-02 14:49:27,7.7,77.9,2687.82,0.66,240
2026-08-02 14:49:32,11.1,77.8,2695.72,0.18,240
2026-08-02 14:49:37,6.4,77.8,2699.87,0.18,240
2026-08-02 14:49:42,6.7,77.9,2694.8,0.14,240
2026-08-02 14:49:47,6.8,77.9,2692.51,0.17,240
2026-08-02 14:49:52,7.7,77.9,2687.3,0.17,240
2026-08-02 14:49:57,16.9,77.8,2698.42,0.2,243
2026-08-02 14:50:02,13.8,77.9,2691.75,0.24,242
2026-08-02 14:50:07,6.2,77.8,2695.59,0.23,242
2026-08-02 14:50:12,7.4,77.9,2685.18,0.13,242
2026-08-02 14:50:17,15.3,77.6,2724.5,0.18,242
2026-08-02 14:50:22,7.7,77.7,2711.3,0.19,242
2026-08-02 14:50:27,9.8,77.6,2730.74,0.18,241
2026-08-02 14:50:32,6.8,77.5,2738.88,0.19,239
2026-08-02 14:50:37,7.5,77.5,2731.59,0.15,239
2026-08-02 14:50:42,6.2,77.6,2720.74,0.16,239
2026-08-02 14:50:47,4.8,77.6,2720.59,0.16,239
2026-08-02 14:50:52,10.6,77.5,2734.58,0.16,239
2026-08-02 14:50:57,9.9,77.6,2728.16,0.17,238
2026-08-02 14:51:02,6.1,77.6,2722.05,0.26,238
2026-08-02 14:51:07,6.2,77.7,2716.2,0.64,238
2026-08-02 14:51:12,5.8,77.8,2705.94,0.18,238
2026-08-02 14:51:17,8.8,77.6,2726.86,0.14,238
2026-08-02 14:51:22,6.6,77.6,2723.2,0.22,238
2026-08-02 14:51:27,5.6,77.7,2718.76,0.16,237
2026-08-02 14:51:32,6.6,77.6,2723.09,0.11,237
2026-08-02 14:51:37,6.7,77.7,2716.62,0.17,237
2026-08-02 14:51:42,10.0,77.5,2735.63,0.16,237
2026-08-02 14:51:47,6.8,77.5,2733.03,0.15,237
2026-08-02 14:51:52,5.6,77.6,2723.57,0.16,237
2026-08-02 14:51:57,13.6,77.6,2728.04,0.38,236
2026-08-02 14:52:02,6.2,77.6,2728.58,0.16,236
2026-08-02 14:52:07,10.1,77.4,2746.89,0.12,236
2026-08-02 14:52:12,7.5,77.4,2745.66,0.33,236
2026-08-02 14:52:17,8.7,77.3,2758.73,0.17,236
2026-08-02 14:52:22,6.1,77.3,2758.3,0.14,236
2026-08-02 14:52:27,5.8,77.4,2750.52,0.24,236
2026-08-02 14:52:32,10.4,77.3,2761.61,0.2,236
2026-08-02 14:52:37,7.2,77.3,2762.14,0.11,236
2026-08-02 14:52:42,6.9,77.4,2750.38,0.19,236
2026-08-02 14:52:47,12.1,77.9,2690.53,0.21,237
2026-08-02 14:52:52,9.0,77.6,2724.19,0.31,237
2026-08-02 14:52:57,15.7,77.6,2729.74,0.26,237
2026-08-02 14:53:02,10.0,78.0,2671.28,2.85,238
2026-08-02 14:53:07,7.4,78.1,2664.27,0.27,238
2026-08-02 14:53:12,13.2,77.8,2702.68,0.19,238
2026-08-02 14:53:17,6.1,77.6,2724.75,0.26,237
2026-08-02 14:53:22,9.6,77.5,2742.99,0.17,237
2026-08-02 14:53:27,7.4,77.6,2726.58,0.19,237
2026-08-02 14:53:32,7.2,77.3,2761.19,0.21,236
2026-08-02 14:53:37,7.0,77.3,2764.55,0.16,236
2026-08-02 14:53:42,6.8,77.3,2764.18,0.11,236
2026-08-02 14:53:47,10.3,77.2,2772.79,0.19,236
2026-08-02 14:53:52,7.8,77.3,2765.88,0.17,236
2026-08-02 14:53:57,10.1,77.4,2754.19,0.15,236
2026-08-02 14:54:02,6.8,77.5,2741.57,0.16,236
2026-08-02 14:54:07,7.8,77.5,2736.16,0.18,236
2026-08-02 14:54:12,10.5,77.4,2749.33,0.14,236
2026-08-02 14:54:17,6.8,77.4,2754.46,0.13,236
2026-08-02 14:54:22,6.6,77.5,2734.87,0.22,242
2026-08-02 14:54:27,6.5,77.6,2724.94,0.21,239
2026-08-02 14:54:32,7.3,77.6,2730.79,0.16,239
2026-08-02 14:54:37,9.7,77.2,2773.38,0.19,235
2026-08-02 14:54:42,6.2,77.1,2781.11,0.21,235
2026-08-02 14:54:47,6.2,77.2,2769.78,0.14,235
2026-08-02 14:54:52,7.7,77.0,2799.64,0.17,235
2026-08-02 14:54:57,12.9,76.9,2807.7,0.18,235
2026-08-02 14:55:02,6.7,76.9,2808.11,0.19,235
2026-08-02 14:55:07,6.2,77.0,2798.65,0.24,236
2026-08-02 14:55:12,6.7,77.0,2804.18,0.16,236
2026-08-02 14:55:17,7.3,76.9,2805.01,0.22,236
2026-08-02 14:55:22,9.5,76.8,2818.4,0.14,236
2026-08-02 14:55:27,5.9,77.1,2785.09,0.15,236
2026-08-02 14:55:32,6.2,77.1,2785.83,0.18,236
2026-08-02 14:55:37,6.4,77.2,2779.26,0.17,236
2026-08-02 14:55:42,5.1,77.2,2775.05,0.14,236
2026-08-02 14:55:47,5.9,77.2,2769.38,0.17,236
2026-08-02 14:55:52,10.0,76.9,2815.95,0.18,236
2026-08-02 14:55:57,8.6,76.4,2871.8,1.28,236
2026-08-02 14:56:02,12.5,77.1,2791.52,4.23,237
2026-08-02 14:56:07,11.4,77.7,2713.5,3.58,238
2026-08-02 14:56:12,8.6,77.7,2713.62,0.19,238
2026-08-02 14:56:17,21.4,77.1,2783.39,0.22,238
2026-08-02 14:56:22,14.4,76.9,2806.66,0.23,238
2026-08-02 14:56:27,7.2,77.0,2795.22,0.2,238
2026-08-02 14:56:32,6.8,76.7,2840.61,0.14,237
2026-08-02 14:56:37,6.9,76.7,2838.52,0.23,237
2026-08-02 14:56:42,7.6,76.7,2840.07,0.13,237
2026-08-02 14:56:47,10.0,76.3,2877.93,0.13,236
2026-08-02 14:56:52,7.0,76.4,2876.55,0.24,236
2026-08-02 14:56:57,6.0,76.4,2869.76,0.24,236
2026-08-02 14:57:02,5.9,76.4,2865.8,0.37,236
2026-08-02 14:57:07,8.4,76.8,2818.64,0.23,237
2026-08-02 14:57:12,9.0,76.7,2839.14,0.18,237
2026-08-02 14:57:17,6.6,76.6,2846.22,0.25,236
2026-08-02 14:57:22,6.2,76.7,2838.29,0.17,236
2026-08-02 14:57:27,6.3,76.8,2825.34,0.23,236
2026-08-02 14:57:32,7.2,76.9,2814.99,0.15,236
2026-08-02 14:57:37,9.0,76.4,2872.39,0.15,235
2026-08-02 14:57:42,6.2,76.4,2868.64,0.17,235
2026-08-02 14:57:47,6.4,76.5,2859.8,0.15,235
2026-08-02 14:57:52,7.1,76.6,2847.17,0.16,235
2026-08-02 14:57:57,6.9,76.7,2837.46,0.19,235
2026-08-02 14:58:02,10.9,76.5,2857.05,0.15,235
2026-08-02 14:58:07,7.2,76.5,2859.31,0.16,235
2026-08-02 14:58:12,5.7,76.5,2857.55,0.17,235
2026-08-02 14:58:17,5.9,76.6,2850.16,0.15,235
2026-08-02 14:58:22,7.6,76.5,2858.16,0.16,235
2026-08-02 14:58:27,9.4,76.4,2869.41,0.15,235
2026-08-02 14:58:32,13.3,76.1,2905.43,0.64,235
2026-08-02 14:58:37,6.9,76.1,2906.3,0.24,235
2026-08-02 14:58:42,7.1,76.1,2905.12,0.14,235
2026-08-02 14:58:47,7.5,76.2,2900.29,0.19,235
2026-08-02 14:58:52,6.9,76.3,2889.32,0.16,235
2026-08-02 14:58:57,6.4,76.3,2878.24,0.14,235
2026-08-02 14:59:02,32.7,79.9,2441.83,0.93,242
2026-08-02 14:59:07,26.3,81.6,2240.27,0.61,242
2026-08-02 14:59:12,30.1,81.5,2246.32,0.33,243
2026-08-02 14:59:17,42.0,82.7,2099.67,0.58,244
2026-08-02 14:59:22,30.8,83.8,1974.06,0.45,244
2026-08-02 14:59:27,30.2,84.1,1932.11,0.28,244
2026-08-02 14:59:32,65.9,83.9,1955.09,0.58,242
2026-08-02 14:59:37,46.6,83.7,1985.92,0.38,241
2026-08-02 14:59:42,30.5,82.4,2142.83,2.34,241
2026-08-02 14:59:47,22.4,82.5,2132.48,0.27,241
2026-08-02 14:59:52,44.7,83.1,2059.67,0.25,241
2026-08-02 14:59:57,44.5,83.4,2017.46,0.99,239
2026-08-02 15:00:02,32.9,82.5,2131.55,0.28,238
2026-08-02 15:00:07,30.4,82.5,2134.68,0.37,237
2026-08-02 15:00:12,37.8,82.6,2119.21,0.23,237
2026-08-02 15:00:17,35.5,82.5,2127.98,0.22,237
2026-08-02 15:00:22,31.1,82.9,2083.19,0.26,238
2026-08-02 15:00:27,35.8,83.2,2044.96,0.28,238
2026-08-02 15:00:32,25.1,83.4,2014.9,0.16,238
2026-08-02 15:00:37,26.6,84.2,1921.33,0.25,238
2026-08-02 15:00:42,24.5,83.7,1982.16,0.24,238
2026-08-02 15:00:47,15.4,84.3,1906.09,0.13,238
2026-08-02 15:00:52,13.0,84.7,1866.11,0.16,237
2026-08-02 15:00:57,31.8,84.7,1864.68,0.51,237
2026-08-02 15:01:02,38.7,84.9,1839.77,0.2,237
2026-08-02 15:01:07,30.3,85.0,1819.5,0.25,237
2026-08-02 15:01:12,15.0,85.3,1789.1,0.23,237
2026-08-02 15:01:17,28.0,84.0,1942.43,0.16,237
2026-08-02 15:01:22,15.9,84.1,1933.48,0.11,236
2026-08-02 15:01:27,12.4,84.4,1899.63,0.2,235
2026-08-02 15:01:32,22.6,85.4,1775.8,0.18,235
2026-08-02 15:01:37,13.9,85.6,1747.16,3.86,235
2026-08-02 15:01:42,17.2,84.3,1910.26,0.25,235
2026-08-02 15:01:47,19.3,84.0,1949.48,0.24,238
2026-08-02 15:01:52,24.1,83.9,1959.93,0.21,235
2026-08-02 15:01:57,28.0,84.3,1908.02,0.22,235
2026-08-02 15:02:02,22.8,84.4,1902.72,0.3,235
2026-08-02 15:02:07,25.0,84.5,1890.19,0.17,235
2026-08-02 15:02:12,17.9,85.0,1824.62,0.21,235
2026-08-02 15:02:17,27.2,84.5,1883.96,0.26,235
2026-08-02 15:02:23,16.5,84.8,1843.84,0.49,235
2026-08-02 15:02:27,21.1,82.0,2187.55,0.12,235
2026-08-02 15:02:33,25.7,82.8,2094.01,0.3,236
2026-08-02 15:02:37,32.4,82.1,2171.88,0.23,236
2026-08-02 15:02:42,20.3,82.3,2153.11,0.24,236
2026-08-02 15:02:47,21.8,82.8,2087.77,0.2,236
2026-08-02 15:02:52,14.7,83.3,2032.16,0.35,236
2026-08-02 15:02:57,16.0,82.9,2082.3,0.24,236
2026-08-02 15:03:02,31.2,81.8,2208.59,0.52,235
2026-08-02 15:03:07,33.5,82.6,2119.05,0.21,238
2026-08-02 15:03:12,33.8,82.5,2127.92,4.71,235
2026-08-02 15:03:17,33.2,83.7,1983.48,0.24,236
2026-08-02 15:03:22,31.8,82.5,2132.54,0.31,236
2026-08-02 15:03:27,24.4,82.6,2121.88,0.23,236
2026-08-02 15:03:32,23.6,82.7,2109.67,0.16,236
2026-08-02 15:03:37,27.7,82.9,2079.53,0.27,236
2026-08-02 15:03:42,32.1,82.8,2092.38,0.25,236
2026-08-02 15:03:47,12.9,83.0,2070.32,0.27,236
2026-08-02 15:03:52,28.0,83.1,2060.45,0.24,236
2026-08-02 15:03:57,22.8,82.9,2079.59,0.2,236
2026-08-02 15:04:02,20.8,83.4,2025.77,0.21,236
2026-08-02 15:04:08,36.7,84.0,1942.54,0.19,239
2026-08-02 15:04:13,32.1,84.1,1935.23,0.2,239
2026-08-02 15:04:18,38.1,84.1,1940.35,0.19,236
2026-08-02 15:04:23,22.8,84.7,1856.53,0.33,236
2026-08-02 15:04:28,37.0,84.6,1874.35,0.35,236
2026-08-02 15:04:33,39.8,85.2,1802.52,0.23,235
2026-08-02 15:04:38,24.3,86.0,1703.22,0.26,234
2026-08-02 15:04:43,29.3,87.1,1572.36,0.21,234
2026-08-02 15:04:48,17.6,87.6,1508.64,0.21,234
2026-08-02 15:04:53,13.2,88.1,1448.48,0.22,235
2026-08-02 15:04:58,28.6,86.5,1648.07,0.28,235
2026-08-02 15:05:03,23.4,85.5,1763.75,0.31,235
2026-08-02 15:05:08,37.6,84.1,1933.07,0.22,234
2026-08-02 15:05:13,31.9,84.3,1909.17,0.2,234
2026-08-02 15:05:18,34.7,84.6,1871.81,0.2,234
2026-08-02 15:05:23,40.9,83.6,2001.4,0.35,233
2026-08-02 15:05:28,18.6,83.4,2019.08,0.32,233
2026-08-02 15:05:33,32.2,82.7,2106.84,0.25,233
2026-08-02 15:05:38,19.4,82.3,2151.62,0.21,233
2026-08-02 15:05:43,30.5,81.1,2298.08,0.29,232
2026-08-02 15:05:48,31.4,81.8,2215.86,0.23,232
2026-08-02 15:05:53,45.3,83.3,2029.27,0.24,232
2026-08-02 15:05:58,46.5,84.0,1952.26,0.4,233
2026-08-02 15:06:03,66.6,84.0,1949.95,0.47,233
2026-08-02 15:06:08,26.6,83.5,2001.82,0.26,233
2026-08-02 15:06:13,14.8,83.3,2026.69,0.22,233
2026-08-02 15:06:18,9.8,83.2,2044.47,0.27,233
2026-08-02 15:06:23,31.2,82.1,2183.35,0.25,233
2026-08-02 15:06:28,44.3,83.5,2003.63,0.35,233
2026-08-02 15:06:33,24.3,83.0,2071.75,0.37,232
2026-08-02 15:06:38,35.0,82.3,2150.39,0.36,232
2026-08-02 15:06:43,35.5,82.8,2094.46,0.21,233
2026-08-02 15:06:48,23.1,83.2,2041.74,0.46,233
2026-08-02 15:06:53,67.2,85.3,1783.71,2.75,233
2026-08-02 15:06:58,44.0,83.4,2017.2,0.28,233
2026-08-02 15:07:03,39.4,82.2,2170.76,0.4,233
2026-08-02 15:07:08,16.9,82.3,2154.64,0.32,233
2026-08-02 15:07:13,12.9,82.2,2171.28,0.32,232
2026-08-02 15:07:18,15.2,82.6,2117.92,0.21,233
2026-08-02 15:07:23,12.4,82.4,2138.65,0.28,232
2026-08-02 15:07:28,22.7,82.1,2179.66,0.17,232
2026-08-02 15:07:33,28.9,81.0,2309.91,0.13,232
2026-08-02 15:07:38,8.4,81.1,2303.35,0.23,232
2026-08-02 15:07:43,9.4,81.3,2276.45,0.19,232
2026-08-02 15:07:48,11.4,81.0,2316.08,0.16,231
2026-08-02 15:07:53,15.6,80.9,2324.12,0.2,232
2026-08-02 15:07:58,18.7,80.9,2322.53,0.22,232
2026-08-02 15:08:03,16.9,80.7,2348.67,0.22,232
2026-08-02 15:08:08,8.4,80.7,2352.23,0.19,232
2026-08-02 15:08:13,8.3,80.8,2334.27,0.18,232
2026-08-02 15:08:18,13.9,80.4,2384.06,0.18,232
2026-08-02 15:08:23,7.1,80.2,2406.02,0.16,232
2026-08-02 15:08:28,8.7,80.3,2397.2,0.23,232
2026-08-02 15:08:33,8.9,80.4,2387.54,0.15,232
2026-08-02 15:08:38,9.7,80.5,2373.85,0.13,232
2026-08-02 15:08:43,8.3,80.5,2366.69,0.2,232
2026-08-02 15:08:48,12.4,80.5,2376.72,0.17,232
2026-08-02 15:08:53,8.0,80.4,2385.38,0.15,232
2026-08-02 15:08:58,11.6,80.6,2365.59,0.24,232
2026-08-02 15:09:03,20.8,81.0,2314.92,5.56,233
2026-08-02 15:09:08,10.9,81.5,2250.36,0.15,234
2026-08-02 15:09:13,66.0,84.1,1936.33,2.42,234
2026-08-02 15:09:18,44.9,82.2,2165.13,1.08,234
2026-08-02 15:09:23,10.4,81.6,2235.81,0.36,234
2026-08-02 15:09:28,14.0,81.6,2239.04,2.16,234
2026-08-02 15:09:33,20.2,80.6,2355.16,1.17,234
2026-08-02 15:09:38,31.0,81.3,2278.85,0.24,234
2026-08-02 15:09:43,11.3,80.9,2321.24,0.22,234
2026-08-02 15:09:48,8.9,80.9,2326.06,0.28,234
2026-08-02 15:09:53,9.2,80.8,2334.34,0.19,234
2026-08-02 15:09:58,12.9,80.7,2349.35,0.21,234
2026-08-02 15:10:03,13.7,80.5,2377.91,0.31,233
2026-08-02 15:10:08,11.3,80.5,2373.96,0.25,232
2026-08-02 15:10:13,44.5,81.0,2311.27,0.17,232
2026-08-02 15:10:18,37.2,81.4,2262.7,0.24,233
2026-08-02 15:10:23,45.8,82.4,2142.87,0.35,233
2026-08-02 15:10:28,23.8,83.4,2015.66,0.27,233
2026-08-02 15:10:33,33.2,83.6,1998.02,0.21,233
2026-08-02 15:10:38,16.0,84.1,1939.2,0.31,233
2026-08-02 15:10:43,27.9,84.9,1836.93,0.23,236
2026-08-02 15:10:48,35.4,85.1,1808.66,0.24,232
2026-08-02 15:10:53,36.3,85.7,1736.52,0.32,235
2026-08-02 15:10:58,35.3,83.5,2005.79,0.22,232
2026-08-02 15:11:03,19.8,83.8,1975.57,0.25,232
2026-08-02 15:11:08,30.5,84.2,1923.81,0.32,232
2026-08-02 15:11:13,34.0,83.7,1978.62,4.65,232
2026-08-02 15:11:18,18.6,83.9,1960.66,0.2,232
2026-08-02 15:11:23,31.2,83.8,1971.33,0.14,232
2026-08-02 15:11:28,18.5,83.9,1955.11,0.3,232
2026-08-02 15:11:33,15.6,83.5,2013.43,0.28,232
2026-08-02 15:11:38,15.5,83.3,2035.53,0.16,232
2026-08-02 15:11:43,30.6,82.8,2088.4,0.18,232
2026-08-02 15:11:48,13.1,83.1,2053.89,0.25,232
2026-08-02 15:11:53,23.5,82.9,2075.86,0.15,232
2026-08-02 15:11:58,18.8,83.3,2025.86,0.23,232
2026-08-02 15:12:03,9.2,83.5,2012.54,0.27,232
2026-08-02 15:12:08,16.7,82.7,2107.3,0.17,233
2026-08-02 15:12:13,10.0,82.9,2080.89,0.42,233
2026-08-02 15:12:18,13.7,83.2,2041.62,0.24,233
2026-08-02 15:12:23,10.6,83.4,2016.1,0.15,233
2026-08-02 15:12:28,11.1,83.6,1990.9,0.19,233
2026-08-02 15:12:33,7.2,83.8,1976.74,0.17,233
2026-08-02 15:12:38,15.5,82.2,2162.19,0.16,231
2026-08-02 15:12:43,32.7,84.2,1926.55,0.19,233
2026-08-02 15:12:48,21.3,84.7,1863.66,0.27,232
2026-08-02 15:12:53,18.4,84.9,1831.44,0.23,231
2026-08-02 15:12:58,24.7,83.5,2012.73,0.24,231
2026-08-02 15:13:03,16.6,83.7,1985.91,0.56,231
2026-08-02 15:13:08,18.5,83.9,1964.29,0.22,232
2026-08-02 15:13:13,21.1,83.0,2068.98,0.15,232
2026-08-02 15:13:18,16.7,82.0,2195.04,0.37,232
2026-08-02 15:13:23,24.7,82.1,2179.04,4.57,232
2026-08-02 15:13:28,37.1,83.1,2056.55,0.19,232
2026-08-02 15:13:33,29.0,83.5,2005.89,2.41,232
2026-08-02 15:13:38,23.6,83.0,2066.35,0.19,231
2026-08-02 15:13:43,11.6,83.2,2039.52,0.15,231
2026-08-02 15:13:48,11.7,83.5,2012.73,0.18,231
2026-08-02 15:13:53,12.1,83.4,2025.25,0.23,231
2026-08-02 15:13:58,26.8,84.2,1920.0,0.3,231
2026-08-02 15:14:03,22.9,84.5,1890.11,0.32,231
2026-08-02 15:14:08,14.3,84.0,1947.43,0.29,231
2026-08-02 15:14:13,31.1,81.2,2283.08,0.29,233
2026-08-02 15:14:18,19.8,81.3,2272.45,0.34,233
2026-08-02 15:14:23,14.3,81.3,2269.22,0.24,233
2026-08-02 15:14:28,30.3,81.5,2254.86,0.49,234
2026-08-02 15:14:33,23.6,80.8,2330.5,0.39,235
2026-08-02 15:14:38,33.4,79.9,2448.28,0.38,235
2026-08-02 15:14:43,14.2,79.7,2469.79,0.21,235
2026-08-02 15:14:48,15.6,79.7,2467.01,0.35,235
2026-08-02 15:14:53,19.2,79.8,2459.73,0.5,234
2026-08-02 15:14:58,21.0,79.8,2454.54,0.31,233
2026-08-02 15:15:03,16.3,79.2,2533.16,0.46,232
2026-08-02 15:15:08,18.0,78.3,2641.24,0.21,232
2026-08-02 15:15:13,18.2,78.6,2597.92,0.22,232
2026-08-02 15:15:18,19.8,78.8,2582.17,0.29,232
2026-08-02 15:15:23,25.4,78.9,2562.08,0.3,232
2026-08-02 15:15:28,17.6,78.8,2575.35,0.24,232
2026-08-02 15:15:33,19.8,78.9,2565.75,0.31,232
2026-08-02 15:15:38,26.2,79.1,2537.33,0.24,231
2026-08-02 15:15:43,29.6,79.5,2490.66,0.24,231
2026-08-02 15:15:48,27.9,78.4,2623.48,0.29,231
2026-08-02 15:15:53,36.1,78.9,2563.52,0.81,233
2026-08-02 15:15:58,38.1,79.9,2448.48,0.38,234
2026-08-02 15:16:03,39.0,80.5,2375.0,0.38,233
2026-08-02 15:16:08,34.5,79.6,2477.86,0.37,233
2026-08-02 15:16:13,30.3,79.4,2509.29,0.36,233
2026-08-02 15:16:18,15.4,79.5,2498.05,0.34,233
2026-08-02 15:16:23,40.5,80.5,2373.95,0.23,233
2026-08-02 15:16:28,30.5,79.8,2451.96,0.37,232
2026-08-02 15:16:33,38.8,80.1,2424.93,0.31,234
2026-08-02 15:16:38,28.6,81.1,2300.43,0.22,234
2026-08-02 15:16:43,38.4,82.0,2192.51,0.28,236
2026-08-02 15:16:48,43.1,81.0,2310.64,0.3,237
2026-08-02 15:16:53,30.1,80.6,2363.86,0.25,234
2026-08-02 15:16:58,24.0,80.9,2327.03,0.29,234
2026-08-02 15:17:03,24.4,81.1,2299.09,0.3,232
2026-08-02 15:17:08,31.7,80.9,2328.08,0.47,235
2026-08-02 15:17:13,31.2,81.4,2262.88,0.17,232
2026-08-02 15:17:18,8.5,81.3,2271.97,0.22,232
2026-08-02 15:17:23,25.2,78.8,2574.73,0.21,231
2026-08-02 15:17:28,22.9,79.6,2486.43,0.16,234
2026-08-02 15:17:33,27.9,80.0,2438.78,0.21,231
2026-08-02 15:17:38,63.4,83.4,2017.83,0.64,236
2026-08-02 15:17:43,28.2,82.1,2176.17,0.46,236
2026-08-02 15:17:48,42.5,81.9,2206.65,0.24,236
2026-08-02 15:17:53,30.0,82.2,2168.55,0.21,236
2026-08-02 15:17:58,11.2,82.2,2171.2,0.24,236
2026-08-02 15:18:03,25.7,82.1,2176.32,0.16,236
2026-08-02 15:18:08,34.3,82.7,2105.04,0.37,236
2026-08-02 15:18:13,28.4,81.1,2301.49,1.06,236
2026-08-02 15:18:18,40.7,79.7,2465.63,0.21,236
2026-08-02 15:18:23,13.5,79.5,2491.18,0.22,236
2026-08-02 15:18:28,42.5,80.3,2391.08,0.25,237
2026-08-02 15:18:33,25.9,79.9,2440.02,0.31,237
2026-08-02 15:18:38,63.7,81.9,2208.09,0.65,234
2026-08-02 15:18:43,18.9,81.5,2250.49,0.32,234
2026-08-02 15:18:48,29.0,82.3,2153.92,0.3,234
2026-08-02 15:18:53,19.8,82.0,2191.45,0.33,234
2026-08-02 15:18:58,30.8,81.4,2267.37,0.29,234
2026-08-02 15:19:03,18.7,81.5,2244.88,0.28,233
2026-08-02 15:19:08,25.7,80.8,2334.05,0.31,233
2026-08-02 15:19:13,33.7,81.8,2219.25,0.29,233
2026-08-02 15:19:18,35.5,81.7,2220.66,0.25,233
2026-08-02 15:19:23,22.3,81.0,2313.77,0.23,233
2026-08-02 15:19:28,28.5,81.8,2220.32,0.98,233
2026-08-02 15:19:33,26.7,81.0,2312.84,0.23,233
2026-08-02 15:19:38,22.2,81.6,2240.94,0.33,233
2026-08-02 15:19:43,28.1,80.4,2381.14,0.21,233
2026-08-02 15:19:48,28.0,79.8,2453.97,0.23,233
2026-08-02 15:19:53,29.5,79.3,2520.91,0.43,233
2026-08-02 15:19:58,15.3,79.3,2515.86,0.23,233
2026-08-02 15:20:03,43.3,79.6,2483.96,0.25,233
2026-08-02 15:20:08,17.2,79.2,2527.0,0.4,233
2026-08-02 15:20:13,16.4,78.8,2577.39,0.3,233
2026-08-02 15:20:18,35.4,79.3,2513.09,0.28,233
2026-08-02 15:20:23,25.8,79.3,2512.87,0.26,233
2026-08-02 15:20:28,22.0,79.8,2452.33,0.29,232
2026-08-02 15:20:33,28.0,82.4,2143.55,0.22,232
2026-08-02 15:20:38,17.8,82.9,2076.96,2.43,232
2026-08-02 15:20:43,27.5,83.4,2021.73,2.0,232
2026-08-02 15:20:48,13.0,83.2,2040.92,1.75,232
2026-08-02 15:20:53,32.7,80.9,2320.44,1.33,232
2026-08-02 15:20:58,20.9,80.9,2318.56,4.01,232
2026-08-02 15:21:03,19.3,80.0,2436.39,0.38,234
2026-08-02 15:21:08,29.6,79.9,2451.09,0.19,232
2026-08-02 15:21:13,27.6,79.9,2441.32,0.28,234
2026-08-02 15:21:18,20.5,79.1,2548.4,0.2,232
2026-08-02 15:21:23,10.8,79.3,2514.73,0.16,232
2026-08-02 15:21:28,23.4,79.5,2495.71,0.21,232
2026-08-02 15:21:33,27.0,79.5,2493.99,0.18,232
2026-08-02 15:21:38,13.4,79.7,2468.35,0.19,232
2026-08-02 15:21:43,37.8,81.2,2281.63,1.06,233
2026-08-02 15:21:48,38.4,81.0,2316.57,2.09,233
2026-08-02 15:21:53,32.8,80.8,2331.36,0.23,233
2026-08-02 15:21:58,32.8,80.5,2368.16,0.2,233
2026-08-02 15:22:03,26.6,80.6,2354.46,0.4,233
2026-08-02 15:22:08,20.6,80.7,2342.46,0.25,233
2026-08-02 15:22:13,28.1,80.3,2401.09,0.23,232
2026-08-02 15:22:18,18.2,80.7,2343.46,0.21,232
2026-08-02 15:22:23,12.7,80.7,2352.08,0.32,232
2026-08-02 15:22:28,18.6,81.0,2307.08,0.14,232
2026-08-02 15:22:33,19.0,81.8,2219.95,0.23,232
2026-08-02 15:22:38,24.3,82.7,2106.46,0.32,231
2026-08-02 15:22:43,19.7,83.6,1996.59,0.18,231
2026-08-02 15:22:48,29.5,81.3,2273.85,0.26,232
2026-08-02 15:22:53,26.7,81.5,2255.13,0.25,232
2026-08-02 15:22:58,36.5,80.7,2346.35,0.21,232
2026-08-02 15:23:03,60.2,81.0,2307.14,0.27,232
2026-08-02 15:23:08,34.6,79.3,2513.98,0.38,232
2026-08-02 15:23:13,27.1,78.2,2654.59,0.28,232
2026-08-02 15:23:18,23.0,78.4,2633.29,0.33,233
2026-08-02 15:23:23,24.4,78.0,2674.98,0.25,233
2026-08-02 15:23:28,17.6,77.8,2702.09,0.28,233
2026-08-02 15:23:33,16.5,77.8,2697.35,0.17,233
2026-08-02 15:23:38,16.9,78.0,2681.16,0.25,233
2026-08-02 15:23:43,20.8,77.9,2690.72,0.36,233
2026-08-02 15:23:48,12.6,77.8,2701.15,0.19,233
2026-08-02 15:23:53,13.7,77.9,2691.32,0.24,233
2026-08-02 15:23:58,18.9,79.1,2544.6,1.46,233
2026-08-02 15:24:03,27.2,79.4,2508.67,2.18,233
2026-08-02 15:24:08,37.6,79.9,2442.0,1.3,232
2026-08-02 15:24:13,32.1,81.1,2297.7,1.75,232
2026-08-02 15:24:18,23.6,81.0,2312.65,4.39,232
2026-08-02 15:24:23,26.5,79.1,2545.91,0.76,232
2026-08-02 15:24:28,26.7,79.4,2510.57,1.13,232
2026-08-02 15:24:33,14.9,78.9,2567.77,0.19,232
2026-08-02 15:24:38,25.5,79.1,2546.37,0.35,232
2026-08-02 15:24:43,30.8,79.3,2517.94,0.32,232
2026-08-02 15:24:48,16.8,79.1,2539.59,0.31,231
2026-08-02 15:24:53,15.6,78.8,2583.06,0.37,231
2026-08-02 15:24:58,13.9,78.8,2574.55,0.28,231
2026-08-02 15:25:03,12.2,78.8,2582.34,0.31,231
2026-08-02 15:25:08,24.9,78.6,2603.79,0.22,231
2026-08-02 15:25:13,13.1,78.8,2575.37,0.26,231
2026-08-02 15:25:18,19.2,79.5,2498.35,0.36,231
2026-08-02 15:25:23,32.4,80.3,2400.93,0.23,231
2026-08-02 15:25:28,28.2,80.4,2384.19,0.25,231
2026-08-02 15:25:33,28.8,80.2,2405.79,0.33,231
2026-08-02 15:25:38,40.0,80.0,2427.39,0.25,231
2026-08-02 15:25:43,13.3,79.7,2468.46,0.88,231
2026-08-02 15:25:48,11.9,79.8,2460.7,0.21,231
2026-08-02 15:25:53,13.7,80.0,2434.07,0.3,231
2026-08-02 15:25:58,19.0,80.3,2403.03,0.17,231
2026-08-02 15:26:03,18.1,80.1,2423.51,0.23,231
2026-08-02 15:26:08,13.8,79.7,2466.66,0.24,231
2026-08-02 15:26:13,13.4,79.7,2464.86,0.23,231
2026-08-02 15:26:18,26.9,79.1,2539.84,0.18,231
2026-08-02 15:26:23,12.9,79.1,2545.73,0.26,231
2026-08-02 15:26:28,13.0,79.4,2505.96,0.16,231
2026-08-02 15:26:33,7.9,79.5,2496.26,0.16,231
2026-08-02 15:26:38,8.5,79.7,2470.92,0.15,231
2026-08-02 15:26:43,18.1,79.6,2476.53,0.46,231
2026-08-02 15:26:48,9.6,79.4,2501.86,0.15,231
2026-08-02 15:26:53,12.4,79.4,2507.07,0.21,231
2026-08-02 15:26:58,12.6,79.4,2505.67,0.29,231
2026-08-02 15:27:03,22.4,80.1,2424.17,0.14,231
2026-08-02 15:27:08,28.3,79.5,2499.72,0.17,231
2026-08-02 15:27:13,6.5,79.2,2526.73,0.18,231
2026-08-02 15:27:18,8.5,79.4,2508.36,0.25,231
2026-08-02 15:27:23,12.1,79.5,2490.3,0.15,231
2026-08-02 15:27:28,14.4,80.0,2438.7,0.27,231
2026-08-02 15:27:33,23.2,79.7,2467.81,0.26,231
2026-08-02 15:27:38,24.7,79.6,2486.25,0.21,231
2026-08-02 15:27:43,35.0,81.3,2274.62,0.26,231
2026-08-02 15:27:48,19.9,81.1,2301.28,0.32,230
2026-08-02 15:27:53,12.7,80.9,2327.76,0.24,230
2026-08-02 15:27:58,24.7,79.8,2461.94,0.2,230
2026-08-02 15:28:03,17.7,79.7,2470.85,0.25,230
2026-08-02 15:28:08,30.9,80.3,2393.37,0.28,230
2026-08-02 15:28:13,15.9,79.8,2456.39,0.15,230
2026-08-02 15:28:18,51.7,80.3,2391.87,0.31,231
2026-08-02 15:28:23,22.3,81.4,2260.34,0.3,231
2026-08-02 15:28:28,19.4,80.9,2324.23,0.2,230
2026-08-02 15:28:33,14.6,80.8,2335.54,0.52,230
2026-08-02 15:28:38,30.4,81.0,2312.32,0.37,230
2026-08-02 15:28:43,14.6,80.1,2421.64,0.87,230
2026-08-02 15:28:48,23.6,81.1,2294.72,0.3,230
2026-08-02 15:28:53,17.5,80.3,2392.63,0.25,230
2026-08-02 15:28:58,26.0,80.2,2405.66,0.26,230
2026-08-02 15:29:03,23.5,81.5,2253.04,0.32,230
2026-08-02 15:29:08,19.1,80.7,2343.05,0.35,230
2026-08-02 15:29:13,30.1,80.5,2373.96,0.27,230
2026-08-02 15:29:18,14.7,80.4,2382.7,0.15,230
2026-08-02 15:29:23,21.7,80.2,2404.84,0.23,230
2026-08-02 15:29:28,14.9,80.1,2418.03,2.09,230
2026-08-02 15:29:33,25.7,79.8,2463.74,0.18,230
2026-08-02 15:29:38,34.7,79.5,2493.93,0.41,230
2026-08-02 15:29:43,25.1,78.7,2595.39,0.9,230
2026-08-02 15:29:48,17.9,78.5,2610.5,0.24,229
2026-08-02 15:29:53,22.5,78.4,2622.88,0.35,230
2026-08-02 15:29:58,21.3,78.9,2567.15,0.31,230
2026-08-02 15:30:03,10.5,78.6,2607.25,0.25,230
2026-08-02 15:30:08,14.7,78.7,2586.96,0.34,230
2026-08-02 15:30:13,25.0,78.9,2568.88,0.23,230
2026-08-02 15:30:18,20.2,79.1,2537.5,0.4,230
2026-08-02 15:30:23,15.8,78.8,2579.33,0.21,232
2026-08-02 15:30:28,28.0,78.5,2614.05,0.32,230
2026-08-02 15:30:33,20.0,79.2,2525.95,0.3,230
2026-08-02 15:30:38,17.9,79.3,2521.33,2.07,230
2026-08-02 15:30:43,20.7,79.1,2539.75,2.62,230
2026-08-02 15:30:48,12.1,79.1,2543.46,1.75,229
2026-08-02 15:30:53,22.7,79.5,2497.29,1.37,229
2026-08-02 15:30:58,17.2,79.0,2553.83,3.87,229
2026-08-02 15:31:03,22.7,79.5,2496.85,0.35,229
2026-08-02 15:31:08,10.0,79.3,2524.44,0.31,229
2026-08-02 15:31:13,38.6,79.1,2543.71,0.27,229
2026-08-02 15:31:18,32.5,79.2,2528.36,4.6,229
2026-08-02 15:31:23,20.0,78.9,2562.18,0.34,229
2026-08-02 15:31:28,12.0,79.1,2544.87,0.22,229
2026-08-02 15:31:33,18.2,78.9,2571.34,0.24,229
2026-08-02 15:31:38,12.1,79.0,2550.56,0.23,229
2026-08-02 15:31:43,13.8,79.2,2527.95,0.25,229
2026-08-02 15:31:48,17.9,79.3,2517.57,0.22,236
2026-08-02 15:31:53,13.2,79.3,2523.18,0.3,236
2026-08-02 15:31:58,11.4,79.1,2538.59,0.26,234
2026-08-02 15:32:03,14.7,79.2,2525.63,0.28,234
2026-08-02 15:32:08,20.4,79.6,2486.32,0.39,231
2026-08-02 15:32:13,27.4,79.1,2538.73,0.24,232
2026-08-02 15:32:18,18.7,79.2,2530.79,0.36,232
2026-08-02 15:32:23,12.6,79.3,2523.61,0.16,232
2026-08-02 15:32:28,14.1,79.3,2524.04,0.36,232
2026-08-02 15:32:33,19.4,79.3,2516.5,0.38,231
2026-08-02 15:32:38,23.3,78.7,2588.77,0.39,231
2026-08-02 15:32:43,18.3,78.4,2632.64,1.3,231
2026-08-02 15:32:48,14.0,78.6,2604.14,0.35,230
2026-08-02 15:32:53,18.4,78.6,2608.93,0.31,230
2026-08-02 15:32:58,21.9,78.8,2582.22,0.41,231
2026-08-02 15:33:03,23.6,78.9,2573.23,1.79,231
2026-08-02 15:33:08,22.2,79.5,2497.78,0.35,231
2026-08-02 15:33:13,16.6,78.9,2573.03,0.31,231
2026-08-02 15:33:18,12.4,78.6,2605.91,0.37,231
2026-08-02 15:33:23,13.2,78.7,2590.19,0.29,231
2026-08-02 15:33:28,19.2,79.1,2546.5,0.22,231
2026-08-02 15:33:33,24.8,79.3,2512.71,0.26,231
2026-08-02 15:33:38,33.0,79.3,2515.68,0.24,231
2026-08-02 15:33:43,17.4,79.8,2453.33,2.56,231
2026-08-02 15:33:48,21.5,80.0,2433.09,0.28,231
2026-08-02 15:33:53,14.6,80.0,2436.6,0.24,231
2026-08-02 15:33:58,17.8,79.6,2476.78,0.24,231
2026-08-02 15:34:03,12.1,79.6,2476.76,0.24,231
2026-08-02 15:34:08,21.3,79.4,2502.06,0.17,231
2026-08-02 15:34:13,18.5,80.0,2428.04,0.22,231
2026-08-02 15:34:18,10.5,79.9,2444.74,0.17,231
2026-08-02 15:34:23,26.7,80.0,2437.86,0.18,230
2026-08-02 15:34:29,18.2,80.3,2398.92,0.39,235
2026-08-02 15:34:34,81.1,81.3,2278.15,4.56,238
2026-08-02 15:34:39,34.0,81.0,2314.68,2.57,237
2026-08-02 15:34:44,42.8,82.2,2169.81,4.26,236
2026-08-02 15:34:49,10.0,82.5,2131.83,0.92,243
2026-08-02 15:34:54,14.8,82.2,2167.0,0.39,241
2026-08-02 15:34:59,9.1,82.1,2179.45,0.6,241
2026-08-02 15:35:04,51.2,83.2,2038.16,0.95,237
2026-08-02 15:35:09,33.3,83.2,2042.92,0.42,237
2026-08-02 15:35:14,25.3,82.8,2094.54,0.53,237
2026-08-02 15:35:19,22.5,82.7,2102.48,0.24,237
2026-08-02 15:35:24,18.5,82.1,2179.03,0.23,237
2026-08-02 15:35:29,19.1,82.9,2084.83,0.47,239
2026-08-02 15:35:34,47.0,82.4,2143.83,0.66,239
2026-08-02 15:35:39,17.0,82.5,2133.38,0.42,238
2026-08-02 15:35:44,24.1,83.3,2029.23,0.36,238
2026-08-02 15:35:49,30.4,82.9,2086.0,0.42,237
2026-08-02 15:35:54,25.4,83.5,2012.36,0.39,238
2026-08-02 15:35:59,51.3,84.3,1915.24,2.88,238
2026-08-02 15:36:04,30.7,83.4,2023.77,0.41,237
2026-08-02 15:36:09,54.3,84.2,1927.99,0.33,240
2026-08-02 15:36:14,45.6,84.2,1920.74,0.48,238
2026-08-02 15:36:19,37.1,84.5,1891.92,0.46,240
2026-08-02 15:36:24,31.9,83.2,2047.08,0.54,238
2026-08-02 15:36:29,43.0,83.4,2022.69,0.84,238
2026-08-02 15:36:34,24.6,83.4,2023.48,0.35,235
2026-08-02 15:36:39,56.5,84.2,1923.92,2.53,238
2026-08-02 15:36:44,79.0,84.6,1867.77,6.32,237
2026-08-02 15:36:49,41.2,84.1,1940.67,1.31,237
2026-08-02 15:36:54,28.9,83.8,1976.09,0.34,237
2026-08-02 15:36:59,24.8,84.1,1936.8,0.41,237
2026-08-02 15:37:04,64.8,85.4,1781.22,0.9,236
2026-08-02 15:37:09,32.5,83.2,2040.57,0.39,234
2026-08-02 15:37:14,58.5,83.0,2073.96,0.46,235
2026-08-02 15:37:19,67.4,84.1,1936.89,0.54,234
2026-08-02 15:37:24,24.6,82.9,2076.24,0.28,235
2026-08-02 15:37:29,39.4,83.6,1998.7,0.47,234
2026-08-02 15:37:34,25.7,82.9,2084.93,0.49,234
2026-08-02 15:37:39,24.9,83.4,2017.15,0.39,236
2026-08-02 15:37:44,21.0,82.8,2098.21,0.33,236
2026-08-02 15:37:49,26.9,82.4,2145.63,0.43,237
2026-08-02 15:37:54,19.5,83.0,2065.36,0.2,238
2026-08-02 15:37:59,68.7,84.7,1867.42,0.55,237
2026-08-02 15:38:04,27.5,83.2,2048.54,0.26,237
2026-08-02 15:38:09,37.5,81.9,2206.78,0.49,235
2026-08-02 15:38:14,21.6,83.9,1957.47,0.41,235
2026-08-02 15:38:19,23.2,82.7,2098.91,0.34,237
2026-08-02 15:38:24,32.8,84.3,1915.54,0.37,235
2026-08-02 15:38:29,16.4,82.2,2168.26,0.41,236
2026-08-02 15:38:34,42.0,84.5,1881.36,0.47,235
2026-08-02 15:38:39,15.0,84.6,1876.02,0.28,235
2026-08-02 15:38:44,34.9,82.4,2139.57,0.48,235
2026-08-02 15:38:49,18.1,82.1,2175.09,0.72,235
2026-08-02 15:38:54,25.4,81.7,2228.12,0.45,235
2026-08-02 15:38:59,22.9,81.8,2218.58,0.32,235
2026-08-02 15:39:04,28.8,83.3,2029.81,0.23,235
2026-08-02 15:39:09,10.3,82.5,2132.97,0.34,235
2026-08-02 15:39:14,13.1,82.5,2129.69,0.26,235
2026-08-02 15:39:19,13.5,82.3,2150.26,2.58,235
2026-08-02 15:39:24,16.9,82.2,2171.31,0.2,235
2026-08-02 15:39:29,15.3,82.0,2191.87,1.15,236
2026-08-02 15:39:34,29.2,81.7,2229.2,0.47,236
2026-08-02 15:39:39,20.6,81.6,2239.11,0.34,236
2026-08-02 15:39:44,15.7,81.0,2317.62,0.32,236
2026-08-02 15:39:49,12.2,81.0,2315.98,0.2,236
2026-08-02 15:39:54,12.4,81.1,2300.02,0.35,236
2026-08-02 15:39:59,24.3,80.7,2354.21,0.36,236
2026-08-02 15:40:04,10.4,80.4,2380.91,0.27,235
2026-08-02 15:40:09,8.3,80.5,2374.52,0.27,235
2026-08-02 15:40:14,10.0,80.7,2349.5,9.3,235
2026-08-02 15:40:19,10.3,81.0,2312.35,0.35,234
2026-08-02 15:40:24,15.3,80.8,2337.5,0.3,234
2026-08-02 15:40:29,9.6,80.5,2370.29,0.24,232
2026-08-02 15:40:34,8.8,80.4,2385.02,0.17,232
2026-08-02 15:40:39,9.3,80.3,2395.13,0.17,232
2026-08-02 15:40:44,11.3,80.6,2364.86,0.22,232
2026-08-02 15:40:49,16.1,80.6,2355.06,0.17,232
2026-08-02 15:40:54,11.8,80.5,2375.97,0.22,232
2026-08-02 15:40:59,8.0,80.5,2368.02,0.34,232
2026-08-02 15:41:04,9.3,80.6,2359.55,0.15,232
2026-08-02 15:41:09,6.3,80.6,2357.18,0.37,232
2026-08-02 15:41:14,11.2,80.7,2351.66,0.32,232
2026-08-02 15:41:19,14.5,80.9,2322.57,0.23,232
2026-08-02 15:41:24,24.2,81.2,2290.89,0.15,232
2026-08-02 15:41:29,7.7,81.1,2300.34,0.22,232
2026-08-02 15:41:34,9.2,80.7,2342.98,0.26,231
2026-08-02 15:41:39,9.9,80.6,2362.8,0.13,231
2026-08-02 15:41:44,10.0,80.6,2356.42,0.21,231
2026-08-02 15:41:49,13.8,80.7,2348.09,0.36,231
2026-08-02 15:41:54,33.7,81.9,2196.48,0.28,232
2026-08-02 15:41:59,18.6,81.3,2278.75,0.27,232
2026-08-02 15:42:04,32.3,81.8,2209.0,0.45,232
2026-08-02 15:42:09,28.6,81.7,2226.73,0.34,232
2026-08-02 15:42:14,26.3,81.5,2246.24,0.26,231
2026-08-02 15:42:19,14.3,80.6,2363.02,0.33,231
2026-08-02 15:42:24,15.3,80.9,2329.62,0.38,231
2026-08-02 15:42:29,18.1,81.1,2297.92,0.2,231
2026-08-02 15:42:34,18.1,80.6,2359.35,0.26,230
2026-08-02 15:42:39,14.4,80.6,2364.67,0.43,230
2026-08-02 15:42:44,13.1,81.1,2298.39,0.21,231
2026-08-02 15:42:49,15.2,81.3,2270.7,0.27,231
2026-08-02 15:42:54,13.4,81.0,2314.23,0.29,231
2026-08-02 15:42:59,8.5,81.0,2317.72,0.23,231
2026-08-02 15:43:04,16.7,81.5,2248.53,0.25,231
2026-08-02 15:43:09,23.0,81.1,2294.0,0.35,231
2026-08-02 15:43:14,13.3,81.0,2313.62,0.21,231
2026-08-02 15:43:19,9.9,80.9,2319.07,0.14,231
2026-08-02 15:43:24,10.3,80.9,2319.06,0.33,231
2026-08-02 15:43:29,23.2,82.1,2176.47,0.29,231
2026-08-02 15:43:34,64.3,82.2,2170.59,0.27,230
2026-08-02 15:43:39,14.2,81.2,2284.44,0.29,230
2026-08-02 15:43:44,38.5,80.4,2387.94,0.93,230
2026-08-02 15:43:49,7.7,80.4,2386.43,0.14,230
2026-08-02 15:43:54,17.9,81.5,2255.44,0.3,232
2026-08-02 15:43:59,30.3,82.7,2099.71,4.18,232
2026-08-02 15:44:04,17.9,82.7,2100.25,3.09,232
2026-08-02 15:44:09,20.0,82.3,2150.0,0.2,234
2026-08-02 15:44:14,12.3,82.6,2122.59,0.38,233
2026-08-02 15:44:19,9.8,82.6,2113.08,0.2,233
2026-08-02 15:44:24,13.7,82.6,2120.46,0.25,233
2026-08-02 15:44:29,18.6,80.7,2348.91,0.61,231
2026-08-02 15:44:34,18.7,80.9,2323.29,0.26,231
2026-08-02 15:44:39,45.8,84.5,1891.93,0.2,232
2026-08-02 15:44:44,38.5,84.0,1941.06,1.51,232
2026-08-02 15:44:49,16.1,84.0,1948.57,0.4,232
2026-08-02 15:44:54,25.6,83.8,1968.01,0.24,232
2026-08-02 15:44:59,13.6,84.0,1942.5,2.17,232
2026-08-02 15:45:04,26.8,84.6,1869.18,0.41,232
2026-08-02 15:45:09,14.6,84.7,1863.04,0.27,232
2026-08-02 15:45:14,19.7,85.1,1810.57,5.09,232
2026-08-02 15:45:19,13.1,85.0,1825.31,2.26,233
2026-08-02 15:45:24,18.0,84.1,1937.09,0.38,233
2026-08-02 15:45:29,47.0,85.1,1816.97,1.69,237
2026-08-02 15:45:34,59.7,85.4,1774.54,0.99,234
2026-08-02 15:45:39,19.4,85.0,1822.71,0.36,234
2026-08-02 15:45:44,14.9,85.1,1811.06,0.63,234
2026-08-02 15:45:49,13.7,85.1,1807.48,0.31,236
2026-08-02 15:45:54,8.9,84.8,1854.09,0.3,235
2026-08-02 15:45:59,8.1,84.8,1848.9,0.27,235
2026-08-02 15:46:04,12.9,85.3,1788.5,0.23,235
2026-08-02 15:46:09,19.2,85.1,1807.53,0.27,235
2026-08-02 15:46:14,14.5,84.5,1882.73,0.37,234
2026-08-02 15:46:19,12.3,84.8,1843.56,2.91,234
2026-08-02 15:46:24,12.3,85.1,1815.98,0.24,234
2026-08-02 15:46:29,22.3,85.2,1795.59,0.48,235
2026-08-02 15:46:34,8.7,85.6,1755.78,0.22,235
2026-08-02 15:46:39,15.3,85.6,1753.04,0.27,235
2026-08-02 15:46:44,10.5,85.4,1774.66,0.27,236
2026-08-02 15:46:49,13.1,85.5,1763.36,0.28,236
2026-08-02 15:46:54,14.4,85.4,1772.35,0.24,236
2026-08-02 15:46:59,14.6,84.9,1833.85,0.33,235
2026-08-02 15:47:04,8.3,85.0,1826.5,0.22,235
2026-08-02 15:47:09,12.7,85.0,1821.94,0.35,235
2026-08-02 15:47:14,10.4,84.7,1866.34,0.28,233
2026-08-02 15:47:19,11.9,84.7,1866.68,0.28,232
2026-08-02 15:47:24,45.9,85.8,1730.58,0.41,235
2026-08-02 15:47:29,30.5,85.9,1716.89,0.43,239
2026-08-02 15:47:34,34.5,87.2,1556.78,0.69,240
2026-08-02 15:47:39,8.0,87.0,1578.05,0.34,240
2026-08-02 15:47:44,22.8,86.6,1629.05,0.49,240
2026-08-02 15:47:49,22.0,87.3,1539.32,0.28,240
2026-08-02 15:47:54,20.6,87.8,1480.69,0.49,239
2026-08-02 15:47:59,18.3,87.6,1511.54,1.97,239
2026-08-02 15:48:04,25.7,88.2,1431.61,0.3,239
2026-08-02 15:48:09,27.1,87.8,1489.75,0.31,239
2026-08-02 15:48:14,29.3,88.3,1421.09,0.19,239
2026-08-02 15:48:19,11.9,87.9,1470.71,0.39,239
2026-08-02 15:48:24,11.6,87.5,1516.93,0.32,239
2026-08-02 15:48:29,17.3,87.4,1528.77,0.22,237
2026-08-02 15:48:34,13.9,85.6,1750.52,0.23,237
2026-08-02 15:48:39,19.5,86.6,1632.27,0.2,237
2026-08-02 15:48:44,55.9,86.4,1657.38,0.97,237
2026-08-02 15:48:49,48.4,86.2,1680.29,0.36,237
2026-08-02 15:48:54,10.4,86.1,1696.08,0.35,237
2026-08-02 15:48:59,17.7,86.1,1694.53,0.29,236
2026-08-02 15:49:04,28.0,86.3,1670.87,0.29,236
2026-08-02 15:49:09,17.5,86.4,1655.2,0.37,236
2026-08-02 15:49:14,28.4,86.7,1618.2,0.27,236
2026-08-02 15:49:19,17.7,86.8,1611.6,0.3,236
2026-08-02 15:49:24,24.9,86.6,1628.85,0.35,236
2026-08-02 15:49:29,28.5,86.7,1615.45,0.28,236
2026-08-02 15:49:34,12.1,86.4,1650.99,0.29,236
2026-08-02 15:49:39,24.9,85.9,1711.82,1.17,236
2026-08-02 15:49:44,12.2,85.5,1766.15,1.91,236
2026-08-02 15:49:49,8.6,85.6,1748.27,0.17,236
2026-08-02 15:49:54,11.1,85.7,1741.45,0.25,235
2026-08-02 15:49:59,10.1,85.7,1737.2,0.28,235
2026-08-02 15:50:04,11.5,85.7,1738.16,0.14,235
2026-08-02 15:50:09,19.6,85.9,1718.39,0.23,235
2026-08-02 15:50:14,12.5,85.3,1788.6,0.49,234
2026-08-02 15:50:19,22.3,85.3,1785.27,0.45,234
2026-08-02 15:50:24,24.8,85.4,1773.89,0.57,234
2026-08-02 15:50:29,10.5,85.4,1774.66,0.45,235
2026-08-02 15:50:34,18.3,85.8,1725.48,0.36,235
2026-08-02 15:50:39,19.1,82.9,2085.73,0.34,231
2026-08-02 15:50:44,15.3,82.7,2098.89,0.34,232
2026-08-02 16:09:47,0.0,79.4,2508.79,0.0,224
2026-08-02 16:10:00,26.4,82.5,2125.69,2.16,228
2026-08-02 16:10:05,21.7,83.2,2050.03,1.13,230
2026-08-02 16:10:10,68.8,86.6,1629.13,3.23,234
2026-08-02 16:10:15,37.1,87.7,1496.78,3.99,234
2026-08-02 16:10:20,45.5,85.6,1751.66,92.96,234
2026-08-02 16:10:25,23.7,85.5,1768.36,2.2,234
2026-08-02 16:10:30,14.5,85.3,1793.96,2.46,234
2026-08-02 16:10:35,26.2,84.3,1908.53,1.77,234
2026-08-02 16:10:40,18.3,84.3,1914.57,1.59,234
2026-08-02 16:10:45,23.3,83.6,2001.24,4.63,234
2026-08-02 16:10:50,12.5,83.1,2060.87,0.32,233
2026-08-02 16:10:55,30.4,84.1,1929.49,1.06,236
2026-08-02 16:11:00,11.1,84.1,1934.0,0.36,236
2026-08-02 16:11:05,36.5,83.8,1966.7,0.39,236
2026-08-02 16:11:10,42.3,83.6,1997.39,4.53,236
2026-08-02 16:11:15,21.5,83.3,2026.38,0.56,236
2026-08-02 16:11:20,10.5,83.1,2057.46,1.21,235
2026-08-02 16:11:25,13.2,83.3,2030.07,0.32,236
2026-08-02 16:11:30,15.1,83.5,2003.53,0.24,236
2026-08-02 16:11:35,17.1,83.3,2031.41,0.26,235
2026-08-02 16:11:40,13.2,83.6,1997.84,0.31,235
2026-08-02 16:11:45,14.3,83.8,1970.22,0.19,235
2026-08-02 16:11:50,14.2,83.5,2005.77,0.27,235
2026-08-02 16:11:55,12.2,83.5,2003.14,0.27,234
2026-08-02 16:12:00,11.4,83.2,2047.86,0.2,234
2026-08-02 16:12:05,10.7,83.3,2030.57,0.19,234
2026-08-02 16:12:10,8.7,83.1,2052.82,0.37,234
2026-08-02 16:12:15,9.7,83.1,2054.48,0.16,234
2026-08-02 16:12:20,12.1,83.2,2044.54,0.22,233
2026-08-02 16:12:25,25.7,83.6,1991.0,0.29,234
2026-08-02 16:12:30,13.0,83.7,1985.16,0.34,234
2026-08-02 16:12:35,16.4,83.8,1966.52,2.85,235
2026-08-02 16:12:40,23.2,84.6,1869.42,2.17,235
2026-08-02 16:12:45,53.0,84.7,1858.84,0.3,235
2026-08-02 16:12:50,46.7,84.5,1883.32,4.6,235
2026-08-02 16:12:55,51.7,85.0,1826.14,0.68,234
2026-08-02 16:13:00,50.3,84.4,1898.95,0.34,234
2026-08-02 16:13:05,61.5,84.7,1862.01,0.28,234
2026-08-02 16:13:10,21.7,84.0,1946.5,0.15,234
2026-08-02 16:13:15,27.8,83.7,1982.51,0.3,234
2026-08-02 16:13:20,22.3,82.9,2080.58,0.29,234
2026-08-02 16:13:25,24.9,82.5,2124.49,5.86,234
2026-08-02 16:13:30,39.8,82.8,2090.48,0.25,233
2026-08-02 16:13:35,9.3,82.8,2087.55,0.28,233
2026-08-02 16:13:40,14.9,83.0,2072.13,0.2,233
2026-08-02 16:13:45,10.2,82.7,2103.45,0.22,233
2026-08-02 16:13:50,8.3,82.7,2101.37,0.19,233
2026-08-02 16:13:55,10.3,83.0,2071.23,0.27,233
2026-08-02 16:14:00,9.8,82.5,2134.29,0.26,232
2026-08-02 16:14:05,9.5,82.6,2117.53,0.2,232
2026-08-02 16:14:10,73.4,83.6,1990.1,0.24,232
2026-08-02 16:14:15,26.8,83.1,2054.39,0.34,233
2026-08-02 16:14:20,11.5,83.0,2067.2,0.21,233
2026-08-02 16:14:25,14.5,83.0,2071.86,0.24,233
2026-08-02 16:14:30,10.9,82.9,2080.86,0.18,233
2026-08-02 16:14:35,17.1,82.9,2077.44,0.21,233
2026-08-02 16:14:40,8.9,82.8,2095.64,0.28,233
2026-08-02 16:14:45,8.9,82.8,2096.39,0.24,233
2026-08-02 16:14:50,10.8,83.1,2058.96,0.19,233
2026-08-02 16:14:55,11.8,82.8,2092.93,0.21,233
2026-08-02 16:15:00,9.5,82.8,2094.71,0.28,232
2026-08-02 16:15:05,14.2,82.8,2087.36,0.15,232
2026-08-02 16:15:10,10.1,82.7,2104.36,0.19,232
2026-08-02 16:15:15,20.1,83.7,1983.69,0.22,232
2026-08-02 16:15:20,7.8,83.5,2007.01,0.18,233
2026-08-02 16:15:25,10.1,83.4,2019.52,0.32,233
2026-08-02 16:15:30,16.2,83.7,1978.73,0.2,234
2026-08-02 16:15:35,11.3,83.7,1978.41,0.18,233
2026-08-02 16:15:40,29.8,83.1,2056.39,0.49,233
2026-08-02 16:15:45,11.6,83.1,2052.68,0.24,233
2026-08-02 16:15:51,23.7,83.3,2028.32,0.18,235
2026-08-02 16:15:55,11.9,83.3,2035.42,0.25,235
2026-08-02 16:16:00,8.9,83.3,2034.75,0.34,235
2026-08-02 16:16:05,8.6,83.2,2043.87,0.3,235
2026-08-02 16:16:10,23.8,84.5,1881.88,0.24,234
2026-08-02 16:16:15,19.7,85.3,1794.43,0.27,234
2026-08-02 16:16:20,26.4,85.5,1766.36,0.22,234
2026-08-02 16:16:26,20.9,85.7,1737.39,0.17,234
2026-08-02 16:16:30,32.5,85.5,1770.07,0.24,234
2026-08-02 16:16:35,8.0,85.1,1818.07,0.26,234
2026-08-02 16:16:40,8.0,85.0,1824.14,1.1,234
2026-08-02 16:16:45,6.3,84.8,1846.18,0.28,234
2026-08-02 16:16:50,16.1,85.1,1816.0,0.26,235
2026-08-02 16:16:55,7.6,84.9,1841.25,0.19,235
2026-08-02 16:17:00,7.8,84.8,1845.08,0.31,235
2026-08-02 16:17:05,6.7,84.9,1834.27,0.21,235
2026-08-02 16:17:10,7.7,85.0,1829.41,0.19,235
2026-08-02 16:17:15,8.2,85.0,1829.8,0.2,235
2026-08-02 16:17:20,10.8,84.8,1845.61,0.21,233
2026-08-02 16:17:25,7.1,84.7,1858.48,0.27,234
2026-08-02 16:17:30,21.5,86.8,1611.2,0.49,241
2026-08-02 16:17:35,16.0,88.1,1449.88,0.43,241
2026-08-02 16:17:40,8.0,88.1,1453.73,0.67,241
2026-08-02 16:17:45,8.7,87.8,1479.08,2.91,241
2026-08-02 16:17:50,10.4,87.7,1494.32,0.26,241
2026-08-02 16:17:55,9.1,87.8,1484.98,0.23,242
2026-08-02 16:18:00,8.8,88.1,1444.06,0.28,243
2026-08-02 16:18:05,6.6,88.1,1445.46,0.22,243
2026-08-02 16:18:10,9.7,87.2,1555.77,0.75,243
2026-08-02 16:18:15,8.0,87.0,1587.04,0.16,243
2026-08-02 16:18:20,7.9,87.0,1583.34,0.32,243
2026-08-02 16:18:25,11.1,87.0,1582.58,0.28,243
2026-08-02 16:18:30,10.7,86.6,1634.58,0.21,237
2026-08-02 16:18:35,10.9,86.7,1614.79,0.33,237
2026-08-02 16:18:40,8.3,86.7,1612.27,0.22,237
2026-08-02 16:18:45,8.7,86.6,1634.49,0.21,237
2026-08-02 16:18:50,7.9,86.6,1632.01,0.18,237
2026-08-02 16:18:55,14.4,86.8,1609.8,0.22,237
2026-08-02 16:19:00,11.2,86.7,1620.71,0.25,236
2026-08-02 16:19:06,11.0,87.3,1549.63,0.16,236
2026-08-02 16:19:11,27.1,87.4,1537.5,0.22,237
2026-08-02 16:19:16,14.9,87.8,1480.68,0.27,237
2026-08-02 16:19:21,41.2,88.4,1407.48,0.17,238
2026-08-02 16:19:26,41.0,88.0,1456.34,0.6,238
2026-08-02 16:19:31,51.4,86.9,1594.03,0.25,238
2026-08-02 16:19:36,25.2,86.7,1617.57,0.31,238
2026-08-02 16:19:41,8.0,85.9,1716.53,0.88,237
2026-08-02 16:19:46,7.5,85.9,1715.12,0.26,237
2026-08-02 16:19:51,7.8,85.9,1713.2,0.26,237
2026-08-02 16:19:56,6.5,85.8,1726.91,0.22,236
2026-08-02 16:20:01,6.5,85.8,1721.96,0.31,236
2026-08-02 16:20:06,10.4,86.0,1707.69,0.21,236
2026-08-02 16:20:11,6.9,85.8,1725.86,0.23,236
2026-08-02 16:20:16,7.1,85.8,1724.95,0.17,235
2026-08-02 16:20:21,6.2,86.0,1705.91,0.31,235
2026-08-02 16:20:26,5.9,86.0,1700.66,0.23,235
2026-08-02 16:20:31,11.2,86.1,1689.65,0.19,235
2026-08-02 16:20:36,13.5,85.9,1718.79,0.18,235
2026-08-02 16:20:41,7.9,85.8,1729.34,0.49,235
2026-08-02 16:20:46,7.2,85.8,1731.66,0.33,235
2026-08-02 16:20:51,7.1,85.9,1720.62,0.19,235
2026-08-02 16:20:56,7.9,85.9,1711.07,0.22,235
2026-08-02 16:21:01,9.1,85.5,1767.26,0.44,235
2026-08-02 16:21:06,7.5,85.5,1762.11,0.23,235
2026-08-02 16:21:11,10.5,85.7,1742.52,0.2,235
2026-08-02 16:21:16,6.9,85.4,1771.82,0.16,235
2026-08-02 16:21:21,12.3,85.8,1723.53,0.37,235
2026-08-02 16:21:26,10.7,86.0,1704.46,0.25,235
2026-08-02 16:21:31,8.7,85.9,1721.16,0.2,235
2026-08-02 16:21:36,8.0,86.1,1688.71,0.23,235
2026-08-02 16:21:41,11.4,86.1,1687.34,0.27,235
2026-08-02 16:21:46,7.4,85.9,1715.94,0.18,235
2026-08-02 16:21:51,7.5,85.9,1716.98,0.18,235
2026-08-02 16:21:56,6.2,86.1,1694.54,0.24,235
2026-08-02 16:22:01,6.1,86.0,1705.21,0.18,235
2026-08-02 16:22:06,6.0,86.0,1699.22,0.17,235
2026-08-02 16:22:11,8.2,86.1,1692.31,0.22,235
2026-08-02 16:22:16,11.8,86.1,1685.56,0.2,235
2026-08-02 16:22:21,8.7,86.0,1706.7,0.19,235
2026-08-02 16:22:26,8.0,86.1,1692.11,0.26,235
2026-08-02 16:22:31,9.0,86.5,1646.94,0.25,234
2026-08-02 16:22:36,8.0,86.4,1653.71,0.17,234
2026-08-02 16:22:41,11.6,86.5,1644.14,0.2,235
2026-08-02 16:22:46,11.1,86.6,1629.18,0.47,236
2026-08-02 16:22:51,8.9,86.6,1630.7,0.17,236
2026-08-02 16:22:56,7.5,86.6,1629.2,0.23,236
2026-08-02 16:23:01,11.9,86.6,1633.8,0.22,236
2026-08-02 16:23:06,8.1,86.6,1627.62,0.2,236
2026-08-02 16:23:11,9.8,86.4,1655.14,0.21,235
2026-08-02 16:23:16,17.9,85.9,1713.46,0.28,235
2026-08-02 16:23:21,34.0,86.3,1665.0,0.2,236
2026-08-02 16:23:26,20.0,86.3,1673.0,0.19,236
2026-08-02 16:23:31,7.5,86.0,1707.48,0.22,236
2026-08-02 16:23:36,6.6,85.9,1711.35,0.23,236
2026-08-02 16:23:41,7.3,86.0,1706.15,0.43,236
2026-08-02 16:23:46,7.3,86.0,1702.07,0.23,236
2026-08-02 16:23:51,6.9,85.8,1723.65,0.43,235
2026-08-02 16:23:56,17.9,86.4,1657.83,0.27,236
2026-08-02 16:24:01,19.8,85.9,1711.85,0.24,236
2026-08-02 16:24:06,8.0,85.7,1743.86,0.48,236
2026-08-02 16:24:11,7.6,85.7,1736.96,0.23,236
2026-08-02 16:24:16,10.7,86.1,1693.16,0.18,236
2026-08-02 16:24:21,13.0,85.9,1716.44,0.31,236
2026-08-02 16:24:26,14.3,86.0,1699.04,0.28,235
2026-08-02 16:24:31,20.3,86.1,1689.48,0.25,235
2026-08-02 16:24:36,14.6,85.8,1731.2,0.22,235
2026-08-02 16:24:41,13.3,85.5,1769.81,0.82,235
2026-08-02 16:24:46,14.9,85.7,1736.42,0.18,235
2026-08-02 16:24:51,14.1,85.7,1745.39,0.19,235
2026-08-02 16:24:56,15.1,85.5,1760.03,0.24,235
2026-08-02 16:25:01,10.7,85.6,1757.35,0.31,235
2026-08-02 16:25:06,9.8,85.4,1776.42,0.19,235
2026-08-02 16:25:11,12.9,85.5,1759.34,0.21,235
2026-08-02 16:25:16,10.5,85.8,1721.98,0.22,235
2026-08-02 16:25:21,8.6,85.7,1736.71,0.28,234
2026-08-02 16:25:26,11.7,85.7,1733.89,0.39,234
2026-08-02 16:25:31,8.8,85.6,1757.23,0.2,234
2026-08-02 16:25:36,10.1,85.0,1823.2,0.83,234
2026-08-02 16:25:41,9.8,85.2,1805.21,0.85,234
2026-08-02 16:25:46,10.3,85.4,1775.4,0.26,234
2026-08-02 16:25:51,11.2,85.5,1762.67,0.18,234
2026-08-02 16:25:56,15.1,85.6,1757.84,0.18,234
2026-08-02 16:26:01,11.7,85.4,1770.57,0.3,234
2026-08-02 16:26:06,14.2,85.4,1778.71,0.22,234
2026-08-02 16:26:11,16.5,85.7,1740.1,0.26,234
2026-08-02 16:26:16,10.5,85.5,1769.79,0.25,234
2026-08-02 16:26:21,38.0,84.6,1870.14,0.23,234
2026-08-02 16:26:26,12.2,84.5,1887.43,0.32,234
2026-08-02 16:26:31,33.6,84.6,1871.54,0.48,234
2026-08-02 16:26:36,11.5,84.4,1895.23,0.2,234
2026-08-02 16:26:41,23.4,85.4,1781.97,1.23,234
2026-08-02 16:26:46,15.8,84.9,1839.78,0.27,234
2026-08-02 16:26:51,30.5,84.5,1885.83,0.22,234
2026-08-02 16:26:56,32.2,84.5,1891.3,0.2,234
2026-08-02 16:27:01,9.8,84.4,1897.79,0.22,234
2026-08-02 16:27:06,9.1,84.5,1889.87,0.42,234
2026-08-02 16:27:11,10.7,84.6,1871.17,0.34,234
2026-08-02 16:27:16,9.5,84.5,1880.67,0.23,234
2026-08-02 16:27:21,9.6,84.7,1863.35,0.25,234
2026-08-02 16:27:26,14.2,84.7,1857.21,0.16,234
2026-08-02 16:27:31,14.9,84.7,1867.34,0.26,233
2026-08-02 16:27:36,24.7,84.8,1854.54,0.31,233
2026-08-02 16:27:41,15.4,81.7,2231.47,0.29,229
2026-08-02 16:46:30,0.0,87.9,1466.2,0.0,241
2026-08-02 16:46:48,32.8,92.8,880.43,5.41,243
2026-08-02 16:46:53,29.0,93.7,765.71,1.84,243
2026-08-02 16:46:58,20.4,93.6,776.6,1.67,243
2026-08-02 16:47:03,30.9,93.2,831.12,4.56,243
2026-08-02 16:47:08,13.4,93.0,857.72,0.23,243
2026-08-02 16:47:13,6.9,92.7,889.07,0.22,242
2026-08-02 16:47:18,8.3,92.3,941.98,3.73,242
2026-08-02 16:47:23,8.9,92.4,922.84,0.29,241
2026-08-02 16:47:28,11.6,92.5,909.46,0.18,243
2026-08-02 16:47:33,39.3,95.2,578.42,0.98,243
2026-08-02 16:47:38,17.2,95.1,593.68,0.52,243
2026-08-02 16:47:43,16.4,94.9,619.94,0.95,243
2026-08-02 16:47:48,35.4,96.0,486.85,0.41,243
2026-08-02 16:47:53,19.0,94.3,694.26,0.43,243
2026-08-02 16:47:58,25.0,94.0,730.53,0.37,243
2026-08-02 16:48:03,21.7,94.0,729.46,0.33,243
2026-08-02 16:48:08,23.0,93.1,841.13,0.53,243
2026-08-02 16:48:13,14.7,93.0,857.56,0.25,243
2026-08-02 16:48:18,17.3,93.0,849.6,0.19,244
2026-08-02 16:48:23,12.4,92.7,883.72,0.26,244
2026-08-02 16:48:28,19.8,93.4,806.15,0.23,244
2026-08-02 16:48:33,14.8,93.2,823.88,0.2,243
2026-08-02 16:48:38,16.0,93.3,819.9,0.34,243
2026-08-02 16:48:43,18.7,93.0,849.0,0.27,243
2026-08-02 16:48:48,25.5,93.9,741.23,0.28,243
2026-08-02 16:48:53,38.4,95.3,576.9,0.52,243
2026-08-02 16:48:58,12.6,94.1,711.91,0.27,243
2026-08-02 16:49:03,27.0,93.8,752.42,0.17,243
2026-08-02 16:49:08,28.9,94.8,633.17,0.31,243
2026-08-02 16:49:13,34.8,94.0,734.5,0.41,242
2026-08-02 16:49:18,31.0,93.6,783.61,0.25,243
2026-08-02 16:49:23,42.1,95.9,502.77,0.58,244
2026-08-02 16:49:28,58.2,95.9,497.61,1.43,244
2026-08-02 16:49:33,60.4,94.5,673.3,0.4,248
2026-08-02 16:49:38,80.4,93.4,806.52,0.3,244
2026-08-02 16:49:43,11.1,92.7,883.29,1.33,244
2026-08-02 16:49:48,16.4,91.5,1029.57,0.17,244
2026-08-02 16:49:53,11.0,91.4,1041.77,0.18,244
2026-08-02 16:49:58,22.4,91.1,1080.71,0.35,244
2026-08-02 16:50:03,24.2,91.4,1041.55,0.4,244
2026-08-02 16:50:08,37.1,91.7,1013.49,0.23,244
2026-08-02 16:50:13,25.7,92.1,962.32,0.19,244
2026-08-02 16:50:18,11.3,92.0,971.44,0.18,244
2026-08-02 16:50:23,51.1,91.5,1035.88,0.51,244
2026-08-02 16:50:28,13.8,91.3,1054.0,0.23,244
2026-08-02 16:50:33,12.3,91.4,1052.26,0.34,241
2026-08-02 16:50:38,18.0,93.3,813.46,3.98,241
2026-08-02 16:50:43,32.3,93.5,794.23,4.59,242
2026-08-02 16:50:48,9.7,93.3,811.3,2.5,241
2026-08-02 16:50:53,42.8,93.4,801.71,1.36,241
2026-08-02 16:50:58,28.6,91.4,1046.95,1.87,241
2026-08-02 16:51:03,50.0,94.2,703.59,1.39,241
2026-08-02 16:51:08,9.0,93.5,791.35,5.19,241
2026-08-02 16:51:13,10.4,93.6,780.82,0.25,240
2026-08-02 16:51:18,31.3,91.3,1052.68,0.16,240
2026-08-02 16:51:23,11.7,90.9,1102.71,2.2,240
2026-08-02 16:51:28,25.8,90.7,1128.3,0.41,240
2026-08-02 16:51:33,29.5,88.6,1382.3,22.19,240
2026-08-02 16:51:38,20.3,88.8,1359.26,0.27,240
2026-08-02 16:51:43,15.8,88.3,1427.42,0.37,240
2026-08-02 16:51:48,20.0,88.5,1394.84,0.25,240
2026-08-02 16:51:53,23.9,88.8,1362.72,0.17,240
2026-08-02 16:51:58,49.7,91.1,1083.54,0.36,240
2026-08-02 16:52:03,12.2,91.3,1057.95,0.24,240
2026-08-02 16:52:08,34.3,91.9,980.81,4.49,240
2026-08-02 16:52:13,53.2,91.5,1037.42,0.25,240
2026-08-02 16:52:18,15.3,91.1,1083.25,0.36,240
2026-08-02 16:52:23,10.2,91.1,1085.53,0.23,241
2026-08-02 16:52:28,12.1,90.9,1104.13,0.2,241
2026-08-02 16:52:33,24.1,91.0,1091.63,0.24,240
2026-08-02 16:52:38,46.0,91.0,1100.29,0.29,240
2026-08-02 16:52:43,34.0,91.3,1060.75,0.27,241
2026-08-02 16:52:48,30.1,91.5,1033.65,0.33,241
2026-08-02 16:52:53,36.7,92.0,971.34,0.25,241
2026-08-02 16:52:58,51.4,94.4,682.29,11.81,241
2026-08-02 16:53:03,37.5,94.7,642.38,2.7,242
2026-08-02 16:53:08,27.5,95.4,554.42,2.62,241
2026-08-02 16:53:13,49.3,95.4,562.58,1.95,244
2026-08-02 16:53:18,37.2,96.4,441.54,1.34,241
2026-08-02 16:53:23,31.6,96.1,474.05,5.24,243
2026-08-02 16:53:28,30.6,96.3,454.83,0.32,241
2026-08-02 16:53:33,32.8,96.6,409.98,0.32,244
2026-08-02 16:53:38,37.5,96.6,410.94,0.35,241
2026-08-02 16:53:43,23.3,97.3,328.48,0.25,241
2026-08-02 16:53:48,33.1,97.4,317.34,0.21,241
2026-08-02 16:53:53,40.7,97.0,364.93,0.3,240
2026-08-02 16:53:58,22.4,97.5,301.77,0.22,240
2026-08-02 16:54:03,23.4,97.7,283.7,0.24,240
2026-08-02 16:54:08,35.8,96.3,455.59,0.27,243
2026-08-02 16:54:13,31.9,96.0,486.32,0.27,240
2026-08-02 16:54:18,28.6,95.8,505.28,0.38,240
2026-08-02 16:54:23,55.8,94.9,618.94,0.36,249
2026-08-02 16:54:28,45.3,90.5,1156.08,0.37,247
2026-08-02 16:54:33,23.2,90.5,1153.49,0.21,247
2026-08-02 16:54:38,8.7,90.3,1180.69,0.25,243
2026-08-02 16:54:43,8.6,90.2,1192.76,0.36,243
2026-08-02 16:54:48,24.0,89.5,1277.13,0.35,242
2026-08-02 16:54:53,10.1,89.6,1261.33,0.15,242
2026-08-02 16:54:58,20.9,89.4,1284.42,0.35,242
2026-08-02 16:55:03,15.6,89.6,1270.88,0.26,241
2026-08-02 16:55:08,24.3,89.5,1283.48,0.19,241
2026-08-02 16:55:13,23.3,90.4,1171.94,0.3,241
2026-08-02 16:55:18,23.5,90.6,1137.8,0.51,241
2026-08-02 16:55:23,15.3,90.3,1180.31,0.31,242
2026-08-02 16:55:28,31.7,92.3,938.83,0.3,242
2026-08-02 16:55:33,24.6,90.4,1167.84,0.31,241
2026-08-02 16:55:38,15.0,90.5,1158.44,0.32,241
2026-08-02 16:55:43,25.6,90.0,1219.18,0.25,241
2026-08-02 16:55:48,14.7,90.1,1204.98,0.4,241
2026-08-02 16:55:53,53.4,90.7,1132.31,0.35,242
2026-08-02 16:55:58,18.2,90.2,1187.52,0.26,242
2026-08-02 16:56:03,13.7,90.1,1199.42,0.32,242
2026-08-02 16:56:08,22.8,90.9,1108.12,0.43,242
2026-08-02 16:56:13,25.9,90.7,1136.81,0.29,242
2026-08-02 16:56:18,18.6,90.1,1203.09,0.41,242
2026-08-02 16:56:23,13.3,90.0,1211.68,0.31,241
2026-08-02 16:56:28,18.5,91.6,1018.54,0.29,241
2026-08-02 16:56:33,18.7,91.7,1004.2,0.28,241
2026-08-02 16:56:38,28.2,90.7,1130.24,0.56,241
2026-08-02 16:56:43,14.3,90.4,1173.46,1.08,241
2026-08-02 16:56:48,13.5,89.7,1247.64,0.37,241
2026-08-02 16:56:53,13.0,90.1,1200.89,0.29,242
2026-08-02 16:56:58,26.7,90.2,1195.98,0.28,242
2026-08-02 16:57:03,16.6,90.1,1198.57,0.25,242
2026-08-02 16:57:08,14.2,90.0,1214.55,0.26,242
2026-08-02 16:57:13,16.5,90.0,1215.43,0.26,242
2026-08-02 16:57:18,25.0,90.7,1126.88,0.37,242
2026-08-02 16:57:23,15.2,89.7,1255.31,0.25,241
2026-08-02 16:57:28,11.5,89.2,1319.66,0.35,241
2026-08-02 16:57:33,10.9,89.1,1322.9,0.29,240
2026-08-02 16:57:38,19.0,89.5,1272.59,0.24,240
2026-08-02 16:57:43,15.6,89.5,1274.7,0.29,240
2026-08-02 16:57:48,13.6,89.3,1296.22,0.49,240
2026-08-02 16:57:53,23.0,90.3,1176.54,0.31,240
2026-08-02 16:57:58,12.9,89.5,1279.75,0.25,240
2026-08-02 16:58:03,21.0,89.6,1267.56,0.41,241
2026-08-02 16:58:08,52.8,90.6,1144.43,0.42,242
2026-08-02 16:58:13,31.6,90.3,1184.61,0.35,242
2026-08-02 16:58:18,49.2,91.9,980.23,0.31,243
2026-08-02 16:58:23,36.3,91.2,1074.16,0.4,243
2026-08-02 16:58:28,31.4,90.2,1194.16,0.35,242
2026-08-02 16:58:33,14.7,90.2,1195.74,0.24,242
2026-08-02 16:58:38,23.6,89.7,1251.25,0.29,241
2026-08-02 16:58:43,21.0,90.2,1196.42,1.2,241
2026-08-02 16:58:48,15.5,89.5,1271.81,0.32,240
2026-08-02 16:58:53,14.1,89.5,1279.93,0.38,240
2026-08-02 16:58:58,18.0,89.4,1284.68,0.33,240
2026-08-02 16:59:03,15.5,89.4,1288.95,0.25,240
2026-08-02 16:59:08,22.1,89.7,1253.2,0.26,240
2026-08-02 16:59:13,22.1,89.5,1272.11,0.33,240
2026-08-02 16:59:18,19.6,89.7,1249.55,0.26,243
2026-08-02 16:59:23,8.4,89.6,1267.55,0.37,242
2026-08-02 16:59:28,15.1,89.6,1267.48,3.01,243
2026-08-02 16:59:33,7.3,89.5,1279.74,0.16,243
2026-08-02 16:59:38,6.6,89.5,1280.78,0.21,243
2026-08-02 16:59:43,8.4,89.5,1271.51,0.54,243
2026-08-02 16:59:48,13.0,89.5,1279.11,0.24,243
2026-08-02 16:59:53,16.1,89.4,1295.02,0.21,243
2026-08-02 16:59:58,12.0,88.9,1347.96,0.35,242
2026-08-02 17:00:03,8.2,88.8,1357.45,0.24,240
2026-08-02 17:00:08,8.6,88.9,1356.45,0.16,240
2026-08-02 17:00:13,7.0,88.8,1361.3,0.27,240
2026-08-02 17:00:18,7.9,88.8,1359.67,0.3,239
2026-08-02 17:00:23,10.1,89.3,1296.25,0.32,243
2026-08-02 17:00:28,7.3,89.3,1296.62,0.23,243
2026-08-02 17:00:33,15.8,89.5,1283.24,0.72,243
2026-08-02 17:00:38,7.9,89.2,1308.56,0.21,243
2026-08-02 17:00:43,7.5,89.4,1285.04,0.25,243
2026-08-02 17:00:48,7.3,89.4,1294.82,0.21,243
2026-08-02 17:00:53,8.4,89.3,1300.8,0.27,242
2026-08-02 17:00:58,10.0,89.4,1293.3,3.99,243
2026-08-02 17:01:03,12.5,89.2,1316.66,0.29,240
2026-08-02 17:01:08,8.4,89.3,1299.76,0.18,241
2026-08-02 17:01:13,6.1,89.3,1299.95,0.27,241
2026-08-02 17:01:18,8.3,89.3,1307.41,0.18,241
2026-08-02 17:01:23,6.2,89.2,1312.93,0.24,240
2026-08-02 17:01:28,8.3,88.7,1371.41,0.92,240
2026-08-02 17:01:33,6.6,88.8,1363.25,0.22,240
2026-08-02 17:01:38,12.2,88.3,1418.61,0.21,239
2026-08-02 17:01:43,8.4,88.6,1381.89,0.19,240
2026-08-02 17:01:48,8.2,88.7,1379.73,0.25,240
2026-08-02 17:01:53,10.3,88.7,1370.7,0.38,240
2026-08-02 17:01:58,7.2,88.7,1377.0,0.21,239
2026-08-02 17:02:03,7.9,89.0,1337.91,0.24,240
2026-08-02 17:02:08,7.3,89.0,1341.58,0.24,240
2026-08-02 17:02:13,12.2,88.4,1413.47,0.28,239
2026-08-02 17:02:18,7.1,88.3,1418.32,0.19,239
2026-08-02 17:02:23,5.9,88.3,1418.11,0.18,239
2026-08-02 17:02:28,12.0,88.9,1355.09,0.73,239
2026-08-02 17:02:33,19.6,88.4,1410.69,0.41,239
2026-08-02 17:02:38,8.6,88.2,1437.84,0.22,239
2026-08-02 17:02:43,7.8,88.1,1442.57,0.32,239
2026-08-02 17:02:48,12.1,88.0,1454.24,0.29,239
2026-08-02 17:02:53,10.6,88.4,1408.54,0.25,240
2026-08-02 17:02:58,8.6,88.3,1422.46,0.28,239
2026-08-02 17:03:03,10.1,88.6,1385.68,0.27,239
2026-08-02 17:03:08,15.6,88.6,1386.02,0.17,239
2026-08-02 17:03:13,10.0,88.4,1415.51,0.21,239
2026-08-02 17:03:18,9.8,88.3,1424.19,0.21,239
2026-08-02 17:03:23,7.5,88.1,1451.16,0.29,238
2026-08-02 17:03:28,19.8,88.7,1372.62,0.27,238
2026-08-02 17:03:33,28.1,88.1,1446.25,0.32,238
2026-08-02 17:03:38,20.2,88.4,1409.15,0.26,238
2026-08-02 17:03:43,33.3,88.8,1362.56,0.25,238
2026-08-02 17:03:48,53.7,90.6,1143.72,4.52,239
2026-08-02 17:03:53,85.6,89.0,1335.71,0.38,239
2026-08-02 17:03:58,20.8,88.8,1363.35,0.33,239
2026-08-02 17:04:03,19.7,88.4,1410.91,0.32,239
2026-08-02 17:04:08,12.5,88.6,1389.42,0.23,239
2026-08-02 17:04:13,17.4,88.0,1464.86,0.23,239
2026-08-02 17:04:18,12.1,87.8,1481.34,0.36,239
2026-08-02 17:04:23,9.7,87.7,1491.76,0.26,238
2026-08-02 17:04:28,19.2,88.7,1373.14,0.33,238
2026-08-02 17:04:33,24.7,90.1,1200.13,1.79,238
2026-08-02 17:04:38,9.5,89.8,1242.47,4.56,238
2026-08-02 17:04:43,19.4,89.9,1224.27,3.23,238
2026-08-02 17:04:48,13.4,89.3,1304.87,2.53,239
2026-08-02 17:04:53,11.3,89.2,1317.0,1.34,239
2026-08-02 17:04:58,16.7,89.5,1282.29,1.84,239
2026-08-02 17:05:03,20.5,89.7,1256.44,4.61,239
2026-08-02 17:05:08,9.5,89.2,1309.01,0.33,239
2026-08-02 17:05:13,15.5,89.0,1338.51,0.23,239
2026-08-02 17:05:18,12.8,88.5,1398.55,0.22,238
2026-08-02 17:05:23,9.7,88.3,1418.38,0.39,238
2026-08-02 17:05:28,11.6,88.3,1424.05,0.33,238
2026-08-02 17:05:33,9.8,88.4,1406.28,0.25,238
2026-08-02 17:05:38,19.4,89.4,1290.46,0.31,238
2026-08-02 17:05:43,15.4,88.7,1372.88,2.24,238
2026-08-02 17:05:48,10.0,88.6,1386.55,0.21,238
2026-08-02 17:05:53,9.1,88.4,1412.21,0.24,238
2026-08-02 17:05:58,15.7,88.8,1356.7,0.25,239
2026-08-02 17:06:03,26.5,90.2,1187.46,0.45,240
2026-08-02 17:06:08,11.7,89.5,1278.18,0.43,240
2026-08-02 17:06:13,45.4,89.9,1234.71,1.7,240
2026-08-02 17:06:18,13.5,89.7,1256.53,0.8,240
2026-08-02 17:06:23,14.3,89.3,1306.54,0.35,240
2026-08-02 17:06:28,12.7,89.2,1312.18,0.28,239
2026-08-02 17:06:33,27.1,90.1,1204.04,1.52,239
2026-08-02 17:06:38,10.9,89.0,1341.83,0.45,238
2026-08-02 17:06:43,16.2,88.7,1377.53,0.42,238
2026-08-02 17:06:48,54.6,89.9,1225.42,1.07,240
2026-08-02 17:06:53,20.2,90.0,1213.38,1.59,240
2026-08-02 17:06:58,26.2,90.0,1210.97,1.05,241
2026-08-02 17:07:03,51.3,91.3,1057.15,2.19,244
2026-08-02 17:07:08,13.4,90.7,1126.14,0.68,244
2026-08-02 17:07:13,15.6,90.5,1158.61,0.38,244
2026-08-02 17:07:18,30.1,89.7,1252.61,1.55,244
2026-08-02 17:07:23,18.5,89.8,1238.29,0.22,244
2026-08-02 17:07:28,37.2,91.1,1079.92,2.31,244
2026-08-02 17:07:33,11.7,90.8,1122.22,0.43,243
2026-08-02 17:07:38,16.7,90.7,1135.73,0.32,243
2026-08-02 17:07:43,9.4,90.7,1129.04,0.29,243
2026-08-02 17:07:48,21.5,90.6,1147.57,0.38,243
2026-08-02 17:07:53,34.4,91.8,992.93,0.88,244
2026-08-02 17:07:58,26.4,90.6,1142.32,1.61,242
2026-08-02 17:08:03,11.3,90.2,1188.38,0.37,242
2026-08-02 17:08:08,9.3,89.9,1227.24,0.34,242
2026-08-02 17:08:13,13.0,90.2,1197.33,0.28,242
2026-08-02 17:08:18,15.1,90.0,1214.23,0.28,242
2026-08-02 17:08:23,28.1,91.0,1100.21,0.19,242
2026-08-02 17:08:28,17.2,91.0,1099.72,0.35,242
2026-08-02 17:08:33,15.0,90.8,1119.32,0.28,242
2026-08-02 17:08:38,15.3,91.3,1060.05,0.21,242
2026-08-02 17:08:43,8.3,91.2,1069.86,0.76,242
2026-08-02 17:08:48,20.3,90.7,1129.86,0.2,242
2026-08-02 17:08:53,16.8,91.5,1031.64,0.31,242
2026-08-02 17:08:58,12.4,91.1,1086.9,0.24,243
2026-08-02 17:09:03,9.1,91.1,1088.15,0.26,243
2026-08-02 17:09:08,15.6,91.3,1063.55,0.17,243
2026-08-02 17:09:13,11.0,90.9,1101.85,0.33,243
2026-08-02 17:09:18,14.9,91.3,1058.11,0.25,243
2026-08-02 17:09:23,29.9,91.7,1005.29,0.22,243
2026-08-02 17:09:28,16.9,91.6,1021.93,0.41,242
2026-08-02 17:09:33,9.1,90.9,1111.09,0.26,242
2026-08-02 17:09:38,9.7,90.8,1121.44,0.16,242
2026-08-02 17:09:43,12.6,90.2,1187.18,0.26,242
2026-08-02 17:09:48,13.0,89.3,1304.4,1.09,242
2026-08-02 17:09:53,11.3,88.0,1456.74,20.63,242
2026-08-02 17:09:58,18.8,87.8,1485.93,0.21,242
2026-08-02 17:10:03,11.6,87.7,1501.37,0.4,242
2026-08-02 17:10:08,9.8,87.9,1469.05,0.26,243
2026-08-02 17:10:13,11.4,88.3,1426.33,0.2,243
2026-08-02 17:10:18,20.0,88.8,1359.92,0.21,243
2026-08-02 17:10:23,14.5,88.3,1423.23,0.33,243
2026-08-02 17:10:28,25.4,89.0,1333.98,0.22,243
2026-08-02 17:10:33,25.0,89.3,1299.84,0.24,243
2026-08-02 17:10:38,20.2,89.3,1306.5,0.28,242
2026-08-02 17:10:43,38.9,89.5,1273.23,0.28,244
2026-08-02 17:10:48,28.2,88.6,1385.46,0.25,243
2026-08-02 17:10:53,41.3,91.1,1078.86,0.41,244
2026-08-02 17:10:58,13.9,91.1,1086.72,0.22,244
2026-08-02 17:11:03,28.1,91.0,1096.85,0.17,244
2026-08-02 17:11:08,24.8,90.4,1167.89,0.34,244
2026-08-02 17:11:13,40.2,90.7,1133.46,0.31,244
2026-08-02 17:11:18,8.2,90.1,1204.69,0.28,243
2026-08-02 17:11:23,30.0,90.2,1192.83,1.01,242
2026-08-02 17:11:28,19.3,89.0,1337.22,0.21,242
2026-08-02 17:11:33,49.8,91.5,1029.5,0.45,243
2026-08-02 17:11:38,30.7,91.1,1078.73,0.96,243
2026-08-02 17:11:43,12.0,91.2,1075.11,0.65,243
2026-08-02 17:11:48,33.1,91.2,1065.31,0.42,244
2026-08-02 17:11:53,23.3,91.2,1072.0,0.25,244
2026-08-02 17:11:58,15.9,91.1,1082.05,0.36,245
2026-08-02 17:12:03,8.6,90.3,1181.41,0.32,245
2026-08-02 17:12:08,10.0,90.2,1192.28,0.22,245
2026-08-02 17:12:13,17.2,90.4,1165.22,0.35,246
2026-08-02 17:12:18,14.7,90.0,1215.97,0.27,246
2026-08-02 17:12:23,41.4,90.7,1133.89,0.64,246
2026-08-02 17:12:28,20.6,90.6,1138.27,0.35,246
2026-08-02 17:12:33,62.9,93.2,830.36,10.11,246
2026-08-02 17:12:38,9.9,92.5,909.0,5.05,246
2026-08-02 17:12:44,22.4,92.2,944.54,2.4,246
2026-08-02 17:12:49,20.3,91.9,979.78,1.47,246
2026-08-02 17:12:54,40.7,92.2,951.9,1.76,247
2026-08-02 17:12:59,15.2,92.1,958.46,1.84,247
2026-08-02 17:13:04,19.6,92.2,951.59,5.18,247
2026-08-02 17:13:09,24.5,92.5,917.83,0.25,247
2026-08-02 17:13:14,12.2,92.3,938.75,0.23,247
2026-08-02 17:13:19,9.0,92.0,969.54,0.51,247
2026-08-02 17:13:24,10.5,92.2,955.09,0.28,247
2026-08-02 17:13:29,13.2,92.4,919.81,0.31,247
2026-08-02 17:13:34,16.4,93.0,852.11,0.24,247
2026-08-02 17:13:39,24.7,93.3,817.8,0.32,247
2026-08-02 17:13:44,24.2,92.9,861.89,0.24,247
2026-08-02 17:13:49,12.3,92.7,883.59,0.3,247
2026-08-02 17:13:54,13.0,92.6,900.57,0.26,247
2026-08-02 17:13:59,24.7,91.3,1059.99,0.23,247
2026-08-02 17:14:04,6.8,91.3,1060.88,0.33,247
2026-08-02 17:14:09,21.9,91.0,1100.72,0.26,245
2026-08-02 17:14:14,13.7,91.0,1096.76,0.27,245
2026-08-02 17:14:19,13.4,90.6,1138.65,0.26,246
2026-08-02 17:14:24,23.8,91.3,1055.11,0.4,243
2026-08-02 17:14:29,44.5,91.9,980.39,0.22,245
2026-08-02 17:14:34,24.1,91.6,1025.99,0.33,245
2026-08-02 17:14:39,19.5,91.8,1001.18,0.3,245
2026-08-02 17:14:44,16.8,92.2,950.96,1.27,245
2026-08-02 17:14:49,12.4,90.7,1133.46,2.72,245
2026-08-02 17:14:54,11.9,88.6,1390.79,30.41,245
2026-08-02 17:14:59,15.1,87.9,1478.0,0.32,243
2026-08-02 17:15:04,17.5,88.2,1431.96,0.25,242
2026-08-02 17:15:09,15.3,88.8,1360.3,0.27,242
2026-08-02 17:15:14,27.2,88.5,1402.03,0.32,242
2026-08-02 17:15:19,9.8,88.2,1441.09,0.21,242
2026-08-02 17:15:24,8.1,88.2,1434.56,0.23,242
2026-08-02 17:15:29,12.4,88.4,1414.72,0.19,242
2026-08-02 17:15:34,18.0,88.9,1353.74,0.3,243
2026-08-02 17:15:39,15.9,89.0,1342.23,0.28,243
2026-08-02 17:15:44,28.1,89.1,1322.56,0.35,243
2026-08-02 17:15:49,10.8,89.2,1318.44,0.21,245
2026-08-02 17:15:54,9.0,89.0,1343.77,0.26,245
2026-08-02 17:15:59,13.1,89.0,1333.78,0.24,245
2026-08-02 17:16:04,12.9,88.6,1391.88,0.25,244
2026-08-02 17:16:09,9.2,88.5,1393.25,0.21,244
2026-08-02 17:16:14,8.4,88.3,1425.59,0.23,244
2026-08-02 17:16:19,8.6,88.3,1428.72,0.25,244
2026-08-02 17:16:24,6.9,88.2,1431.89,0.27,244
2026-08-02 17:16:29,8.3,87.8,1480.86,6.53,244
2026-08-02 17:16:34,13.7,87.8,1478.67,0.23,244
2026-08-02 17:16:39,14.5,88.0,1464.34,0.39,245
2026-08-02 17:16:44,8.6,87.9,1468.86,1.22,245
2026-08-02 17:16:49,7.5,87.9,1472.36,0.36,245
2026-08-02 17:16:54,11.9,88.0,1464.3,0.21,245
2026-08-02 17:16:59,15.6,87.7,1492.68,0.25,245
2026-08-02 17:17:04,7.3,87.3,1547.01,0.26,242
2026-08-02 17:17:09,12.5,87.0,1580.91,0.22,241
2026-08-02 17:17:14,7.7,86.9,1587.89,0.3,241
2026-08-02 17:17:19,8.8,86.9,1592.59,0.2,241
2026-08-02 17:17:24,8.5,86.9,1589.85,0.25,240
2026-08-02 17:17:29,14.9,87.1,1572.97,0.25,245
2026-08-02 17:17:34,31.6,90.5,1159.73,0.64,245
2026-08-02 17:17:39,9.8,90.3,1182.73,0.5,245
2026-08-02 17:17:44,16.2,89.7,1250.27,2.25,245
2026-08-02 17:17:49,18.3,89.9,1231.95,0.21,245
2026-08-02 17:17:54,16.6,85.3,1791.62,0.28,245
2026-08-02 17:17:59,26.2,86.4,1658.05,0.25,245
2026-08-02 17:18:04,28.2,85.9,1718.65,0.35,245
2026-08-02 17:18:09,53.7,85.3,1791.91,0.89,245
2026-08-02 17:18:14,30.5,84.7,1856.1,0.32,245
2026-08-02 17:18:19,35.1,85.0,1825.87,0.25,244
2026-08-02 17:18:24,13.5,84.9,1835.93,0.21,244
2026-08-02 17:18:29,25.4,84.8,1849.39,0.24,241
2026-08-02 17:18:34,28.6,84.9,1833.75,0.31,241
2026-08-02 17:18:39,9.9,84.9,1833.17,0.3,241
2026-08-02 17:18:44,26.4,85.4,1779.82,0.24,241
2026-08-02 17:18:49,30.0,85.5,1760.7,0.24,241
2026-08-02 17:18:54,30.8,86.5,1646.45,0.28,241
2026-08-02 17:18:59,22.4,86.6,1632.91,0.29,240
2026-08-02 17:19:04,10.6,86.8,1605.45,0.21,240
2026-08-02 17:19:09,20.3,85.5,1767.42,0.23,240
2026-08-02 17:19:14,20.1,86.0,1703.88,0.22,240
2026-08-02 17:19:19,16.3,86.5,1638.53,0.23,240
2026-08-02 17:19:24,19.7,86.4,1650.66,0.45,240
2026-08-02 17:19:29,43.5,87.9,1467.32,0.26,240
2026-08-02 17:19:34,65.7,86.6,1629.34,0.4,241
2026-08-02 17:19:39,10.8,86.2,1679.38,0.24,241
2026-08-02 17:19:44,61.7,86.1,1686.87,1.0,241
2026-08-02 17:19:49,33.7,84.7,1863.85,0.32,241
2026-08-02 17:19:54,7.4,84.4,1892.11,0.24,241
2026-08-02 17:19:59,11.5,84.6,1877.29,0.3,241
2026-08-02 17:20:04,17.2,84.6,1878.7,0.2,241
2026-08-02 17:20:09,12.4,85.2,1805.48,1.06,241
2026-08-02 17:20:14,24.6,86.2,1675.41,2.34,241
2026-08-02 17:20:19,29.4,85.7,1742.51,1.32,241
2026-08-02 17:20:24,28.0,84.6,1874.03,1.78,241
2026-08-02 17:20:29,22.7,84.7,1862.87,4.5,241
2026-08-02 17:20:34,9.1,84.5,1889.71,0.18,242
2026-08-02 17:20:39,7.1,84.4,1893.86,0.31,242
2026-08-02 17:20:44,7.5,83.9,1954.84,1.42,242
2026-08-02 17:20:49,10.1,83.8,1965.29,0.26,242
2026-08-02 17:20:54,7.6,83.6,2000.62,0.27,242
2026-08-02 17:20:59,6.6,83.6,1997.55,0.22,242
2026-08-02 17:21:04,7.5,83.5,2013.46,0.2,241
2026-08-02 17:21:09,7.9,83.5,2008.18,0.24,241
2026-08-02 17:21:14,7.2,83.5,2007.82,0.23,241
2026-08-02 17:21:19,7.0,83.7,1983.79,0.2,241
2026-08-02 17:21:24,10.9,83.5,2003.5,0.54,241
2026-08-02 17:21:29,7.8,83.4,2025.78,0.23,241
2026-08-02 17:21:34,8.3,83.4,2020.97,0.2,241
2026-08-02 17:21:39,8.0,83.8,1968.61,0.21,242
2026-08-02 17:21:44,14.7,84.0,1942.25,0.64,242
2026-08-02 17:21:49,8.3,84.1,1938.8,0.23,242
2026-08-02 17:21:54,9.0,84.5,1884.53,0.24,242
2026-08-02 17:21:59,15.0,84.5,1885.87,0.27,242
2026-08-02 17:22:04,10.2,84.3,1905.25,0.2,242
2026-08-02 17:22:09,8.6,84.7,1861.68,0.28,242
2026-08-02 17:22:14,11.2,84.7,1865.23,0.31,241
2026-08-02 17:22:19,11.7,84.7,1866.64,0.25,241
2026-08-02 17:22:24,8.2,84.5,1881.77,0.27,241
2026-08-02 17:22:29,13.9,84.3,1906.8,0.24,240
2026-08-02 17:22:34,15.0,84.3,1906.46,0.26,239
2026-08-02 17:22:39,20.0,84.2,1923.19,0.18,239
2026-08-02 17:22:44,19.8,84.2,1922.57,0.22,240
2026-08-02 17:22:49,8.2,84.2,1924.52,2.43,240
2026-08-02 17:22:54,9.9,84.1,1934.25,0.24,240
2026-08-02 17:22:59,7.2,84.3,1906.2,0.21,240
2026-08-02 17:23:04,18.5,84.5,1887.68,0.29,240
2026-08-02 17:23:09,24.7,84.9,1839.95,0.2,240
2026-08-02 17:23:14,29.5,85.0,1823.3,0.19,240
2026-08-02 17:23:19,9.5,84.7,1856.61,0.26,240
2026-08-02 17:23:24,7.0,84.5,1882.73,0.28,240
2026-08-02 17:23:29,7.0,84.4,1892.33,0.18,240
2026-08-02 17:23:34,11.1,84.4,1895.2,0.27,240
2026-08-02 17:23:39,6.8,84.3,1912.57,0.26,240
2026-08-02 17:23:44,6.5,84.3,1910.85,0.19,240
2026-08-02 17:23:49,6.2,84.3,1908.7,0.24,240
2026-08-02 17:23:54,8.2,84.0,1945.8,0.33,240
2026-08-02 17:23:59,14.3,84.2,1921.26,0.19,240
2026-08-02 17:24:04,18.9,84.0,1952.03,0.2,240
2026-08-02 17:24:09,8.2,83.8,1974.1,0.29,240
2026-08-02 17:24:14,7.1,83.7,1979.81,0.2,240
2026-08-02 17:24:19,7.2,83.8,1970.66,0.19,240
2026-08-02 17:24:24,7.0,83.8,1973.04,0.27,240
2026-08-02 17:24:29,7.2,83.8,1967.4,0.22,240
2026-08-02 17:24:34,8.3,83.9,1955.55,0.17,240
2026-08-02 17:24:39,11.4,83.8,1976.35,0.26,240
2026-08-02 17:24:44,8.8,84.2,1924.25,0.3,241
2026-08-02 17:24:49,14.3,83.8,1966.78,0.74,241
2026-08-02 17:24:54,10.3,83.6,1993.44,0.23,241
2026-08-02 17:24:59,8.6,83.6,1993.92,0.45,241
2026-08-02 17:25:04,10.0,83.8,1966.37,0.27,241
2026-08-02 17:25:09,8.6,83.7,1982.12,0.27,241
2026-08-02 17:25:14,11.7,83.7,1977.81,0.28,241
2026-08-02 17:25:19,7.6,83.6,1996.7,0.35,240
2026-08-02 17:25:24,9.2,83.5,2008.86,0.38,240
2026-08-02 17:25:29,7.8,83.5,2003.74,0.25,240
2026-08-02 17:25:34,8.4,83.6,1997.96,0.23,240
2026-08-02 17:25:39,10.0,83.6,1997.33,0.19,240
2026-08-02 17:25:44,13.0,83.8,1967.77,0.24,240
2026-08-02 17:25:49,19.4,83.8,1969.21,0.29,240
2026-08-02 17:25:54,30.3,83.8,1977.06,0.24,241
2026-08-02 17:25:59,18.3,84.1,1933.35,0.26,241
2026-08-02 17:26:04,37.8,85.4,1778.0,0.36,240
2026-08-02 17:26:09,21.7,86.7,1622.29,0.28,240
2026-08-02 17:26:14,19.6,86.5,1642.68,0.35,240
2026-08-02 17:26:19,28.4,86.5,1643.23,0.29,240
2026-08-02 17:26:24,21.6,86.7,1623.82,4.91,241
2026-08-02 17:26:29,19.1,86.3,1670.91,0.19,241
2026-08-02 17:26:34,19.1,86.7,1616.88,0.21,241
2026-08-02 17:26:39,22.7,86.5,1640.71,0.3,241
2026-08-02 17:26:44,25.7,86.4,1653.61,0.32,241
2026-08-02 17:26:49,28.2,86.3,1664.08,0.19,241
2026-08-02 17:26:54,12.7,86.5,1645.82,0.3,241
2026-08-02 17:26:59,27.7,85.3,1788.78,0.19,241
2026-08-02 17:27:04,24.5,85.4,1774.23,0.18,241
2026-08-02 17:27:09,29.7,84.9,1839.93,0.35,241
2026-08-02 17:27:14,23.4,84.9,1835.82,0.3,241
2026-08-02 17:27:19,15.9,85.1,1815.28,0.22,241
2026-08-02 17:27:24,19.1,84.9,1836.58,0.31,241
2026-08-02 17:27:29,17.8,86.4,1655.11,0.27,241
2026-08-02 17:27:34,21.8,86.3,1662.02,0.22,241
2026-08-02 17:27:39,43.0,86.7,1612.67,0.3,241
2026-08-02 17:27:44,27.4,86.5,1637.69,0.34,241
2026-08-02 17:27:49,44.2,86.9,1598.84,0.26,241
2026-08-02 17:27:54,31.8,84.9,1840.29,0.24,241
2026-08-02 17:27:59,28.7,85.4,1773.22,0.44,241
2026-08-02 17:28:04,27.4,84.9,1841.48,0.21,241
2026-08-02 17:28:09,29.5,85.2,1805.63,0.29,242
2026-08-02 17:28:14,17.2,85.4,1777.18,0.61,242
2026-08-02 17:28:19,7.1,85.1,1811.16,0.38,242
2026-08-02 17:28:24,12.2,85.2,1806.29,4.54,243
2026-08-02 17:28:29,27.3,86.4,1649.52,0.32,243
2026-08-02 17:28:34,39.4,85.7,1736.11,0.35,243
2026-08-02 17:28:39,11.9,84.8,1849.79,0.29,242
2026-08-02 17:28:44,16.6,83.7,1979.48,0.98,242
2026-08-02 17:28:49,6.1,83.7,1984.64,0.29,242
2026-08-02 17:28:54,8.5,83.6,1992.51,0.26,242
2026-08-02 17:28:59,8.5,83.7,1982.24,0.27,242
2026-08-02 17:29:04,11.3,83.7,1984.67,0.29,242
2026-08-02 17:29:09,10.4,84.4,1899.68,1.85,242
2026-08-02 17:29:14,10.9,85.0,1822.19,1.88,243
2026-08-02 17:29:19,6.8,85.0,1830.26,1.32,243
2026-08-02 17:29:24,10.0,84.8,1843.75,1.75,244
2026-08-02 17:29:29,7.4,84.7,1865.3,4.04,244
2026-08-02 17:29:34,10.7,84.6,1870.76,0.25,244
2026-08-02 17:29:39,6.7,84.6,1879.48,1.56,244
2026-08-02 17:29:44,8.3,84.2,1922.98,0.7,243
2026-08-02 17:29:49,8.4,84.3,1908.1,0.22,243
2026-08-02 17:29:54,11.3,83.8,1977.18,1.76,243
2026-08-02 17:29:59,8.4,83.7,1981.58,0.29,243
2026-08-02 17:30:04,12.0,83.8,1972.72,0.24,242
2026-08-02 17:30:09,7.1,83.6,1992.31,0.23,242
2026-08-02 17:30:14,7.2,83.6,1998.37,0.27,242
2026-08-02 17:30:19,9.7,83.7,1978.24,0.19,242
2026-08-02 17:30:24,9.9,83.9,1961.4,2.91,242
2026-08-02 17:30:29,16.4,83.8,1967.06,0.24,242
2026-08-02 17:30:34,14.2,83.2,2039.92,4.02,242
2026-08-02 17:30:39,7.3,83.4,2021.05,0.19,242
2026-08-02 17:30:44,7.4,83.4,2023.24,0.28,242
2026-08-02 17:30:49,6.8,83.0,2069.05,0.23,241
2026-08-02 17:30:54,7.0,83.0,2068.98,0.22,240
2026-08-02 17:30:59,9.6,82.9,2075.0,0.24,240
2026-08-02 17:31:04,7.3,82.8,2089.5,0.24,240
2026-08-02 17:31:09,7.2,82.9,2086.61,0.22,240
2026-08-02 17:31:14,8.8,82.8,2089.2,0.29,240
2026-08-02 17:31:19,6.8,82.9,2085.45,0.22,240
2026-08-02 17:31:24,7.7,82.6,2116.21,0.25,239
2026-08-02 17:31:29,13.2,83.2,2047.12,1.08,240
2026-08-02 17:31:34,13.2,83.2,2042.41,0.35,240
2026-08-02 17:31:39,6.6,83.0,2062.86,0.26,240
2026-08-02 17:31:44,6.7,82.9,2075.76,0.25,240
2026-08-02 17:31:49,8.1,83.2,2049.83,0.28,247
2026-08-02 17:31:54,7.1,83.2,2045.26,0.25,245
2026-08-02 17:31:59,7.5,83.2,2045.66,0.3,244
2026-08-02 17:32:04,15.0,83.1,2053.74,0.34,240
2026-08-02 17:32:09,16.3,82.5,2126.02,0.18,240
2026-08-02 17:32:14,6.6,82.5,2127.62,0.26,240
2026-08-02 17:32:19,8.0,82.6,2113.35,0.34,240
2026-08-02 17:32:24,9.0,82.7,2105.07,0.33,240
2026-08-02 17:32:29,6.4,82.7,2101.12,0.29,240
2026-08-02 17:32:34,16.5,83.1,2057.66,11.19,242
2026-08-02 17:32:39,7.1,83.0,2069.6,0.23,242
2026-08-02 17:32:44,7.6,83.1,2060.08,0.31,242
2026-08-02 17:32:49,6.9,83.0,2068.1,0.28,241
2026-08-02 17:32:54,7.2,83.5,2012.28,0.31,241
2026-08-02 17:32:59,12.0,80.1,2415.27,0.21,241
2026-08-02 17:33:04,7.1,80.3,2399.43,0.28,241
2026-08-02 17:33:09,11.4,80.3,2396.02,0.26,241
2026-08-02 17:33:14,7.6,80.3,2391.2,0.21,241
2026-08-02 17:33:19,7.2,80.5,2376.82,0.19,241
2026-08-02 17:33:24,7.4,80.5,2377.32,0.35,241
2026-08-02 17:33:29,12.3,80.5,2367.66,0.25,241
2026-08-02 17:33:34,9.8,80.8,2336.46,0.27,240
2026-08-02 17:33:39,10.8,80.7,2346.1,0.34,240
2026-08-02 17:33:44,6.3,80.5,2368.63,0.23,240
2026-08-02 17:33:49,6.9,80.5,2368.23,0.22,240
2026-08-02 17:33:54,7.1,80.6,2364.91,0.24,240
2026-08-02 17:33:59,7.2,80.7,2349.39,0.25,240
2026-08-02 17:34:04,6.2,80.7,2349.49,0.25,240
2026-08-02 17:34:09,6.8,80.7,2344.43,0.19,240
2026-08-02 17:34:14,10.4,80.7,2346.52,0.24,240
2026-08-02 17:34:19,6.5,80.6,2356.79,0.21,240
2026-08-02 17:34:24,6.4,80.6,2363.41,0.22,240
2026-08-02 17:34:29,7.2,80.6,2356.67,0.28,240
2026-08-02 17:34:34,7.0,81.1,2302.21,0.21,241
2026-08-02 17:34:39,7.5,80.8,2336.32,0.83,241
2026-08-02 17:34:44,7.6,80.8,2335.05,0.26,241
2026-08-02 17:34:49,12.6,80.9,2324.98,0.32,248
2026-08-02 17:34:54,9.3,80.3,2395.11,1.04,246
2026-08-02 17:34:59,7.0,80.4,2384.86,0.39,246
2026-08-02 17:35:04,9.2,80.0,2436.4,1.28,241
2026-08-02 17:35:09,6.5,80.0,2437.25,0.17,241
2026-08-02 17:35:14,10.2,79.9,2442.34,0.24,241
2026-08-02 17:35:19,6.4,79.9,2449.09,0.31,241
2026-08-02 17:35:24,7.5,79.9,2446.02,0.21,241
2026-08-02 17:35:29,8.2,80.2,2405.45,0.22,242
2026-08-02 17:35:34,6.9,80.2,2406.31,0.27,242
2026-08-02 17:35:39,8.0,80.3,2394.72,0.24,241
2026-08-02 17:35:44,9.1,80.2,2403.25,0.21,241
2026-08-02 17:35:49,11.8,80.2,2405.37,0.31,240
2026-08-02 17:35:54,7.3,80.1,2419.05,0.41,240
2026-08-02 17:35:59,23.5,81.8,2211.82,0.93,242
2026-08-02 17:36:04,21.2,80.8,2336.67,0.42,242
2026-08-02 17:36:09,9.5,80.8,2333.76,0.38,242
2026-08-02 17:36:14,10.6,80.7,2343.37,0.27,242
2026-08-02 17:36:19,11.7,80.6,2362.27,0.29,242
2026-08-02 17:36:24,7.7,80.3,2399.23,0.32,242
2026-08-02 17:36:29,7.7,79.7,2475.62,0.31,239
2026-08-02 17:36:34,8.5,79.7,2472.21,0.23,239
2026-08-02 17:36:39,8.0,79.8,2458.43,0.25,239
2026-08-02 17:36:44,7.6,79.7,2464.57,0.23,239
2026-08-02 17:36:49,10.9,79.8,2458.2,0.21,239
2026-08-02 17:36:54,8.2,79.6,2478.68,0.2,239
2026-08-02 17:36:59,8.1,80.1,2415.83,0.21,240
2026-08-02 17:37:04,9.1,80.3,2401.32,0.33,240
2026-08-02 17:37:09,7.2,80.2,2405.18,0.19,240
2026-08-02 17:37:14,7.6,80.2,2407.0,0.29,240
2026-08-02 17:37:19,12.7,80.2,2406.98,0.33,240
2026-08-02 17:37:24,9.6,80.1,2416.61,0.32,240
2026-08-02 17:37:29,7.7,79.5,2491.11,0.29,239
2026-08-02 17:37:34,8.3,79.5,2490.8,0.24,239
2026-08-02 17:37:39,9.4,79.6,2482.03,0.21,239
2026-08-02 17:37:44,8.4,79.6,2485.64,0.24,239
2026-08-02 17:37:49,8.1,79.7,2474.2,0.22,239
2026-08-02 17:37:54,13.0,79.7,2471.28,0.24,239
2026-08-02 17:37:59,7.7,79.6,2488.01,0.22,239
2026-08-02 17:38:04,8.5,79.7,2473.34,0.21,239
2026-08-02 17:38:09,7.8,79.7,2474.11,0.22,239
2026-08-02 17:38:14,9.2,79.8,2457.19,2.33,239
2026-08-02 17:38:19,8.3,79.8,2458.49,0.2,239
2026-08-02 17:38:24,11.3,79.7,2472.34,0.26,239
2026-08-02 17:38:29,7.8,79.6,2481.86,0.2,239
2026-08-02 17:38:34,8.7,79.6,2481.63,0.31,239
2026-08-02 17:38:39,8.6,79.9,2451.16,0.25,242
2026-08-02 17:38:44,16.9,80.8,2333.38,0.51,244
2026-08-02 17:38:49,9.8,80.8,2335.52,0.39,244
2026-08-02 17:38:54,6.1,80.8,2331.95,0.3,244
2026-08-02 17:38:59,7.0,80.8,2332.71,0.27,244
2026-08-02 17:39:04,7.0,80.9,2325.13,0.19,244
2026-08-02 17:39:09,6.9,80.9,2324.0,0.22,244
2026-08-02 17:39:14,12.0,80.9,2329.59,0.26,244
2026-08-02 17:39:19,7.9,80.7,2342.35,0.42,244
2026-08-02 17:39:24,7.9,80.8,2339.79,0.25,244
2026-08-02 17:39:29,9.6,80.8,2335.54,0.82,245
2026-08-02 17:39:34,9.0,80.9,2319.46,4.76,245
2026-08-02 17:39:39,7.6,80.9,2321.77,0.26,245
2026-08-02 17:39:44,7.8,80.9,2323.93,0.25,244
2026-08-02 17:39:49,12.1,80.8,2334.71,0.31,243
2026-08-02 17:39:54,7.0,80.7,2349.79,0.24,243
2026-08-02 17:39:59,8.1,80.6,2363.15,0.24,242
2026-08-02 17:40:04,8.4,80.6,2364.22,0.26,242
2026-08-02 17:40:09,7.1,80.6,2361.24,0.24,242
2026-08-02 17:40:14,8.2,80.5,2377.2,0.19,242
2026-08-02 17:40:19,7.8,80.5,2370.59,0.25,242
2026-08-02 17:40:24,10.8,80.5,2367.51,0.23,242
2026-08-02 17:40:29,7.4,80.5,2374.17,0.21,242
2026-08-02 17:40:34,10.1,81.0,2306.58,0.27,243
2026-08-02 17:40:39,24.8,80.9,2324.72,0.45,243
2026-08-02 17:40:44,7.8,80.7,2354.37,0.25,242
2026-08-02 17:40:49,8.3,80.6,2355.11,0.23,242
2026-08-02 17:40:54,10.3,80.9,2318.18,0.42,246
2026-08-02 17:40:59,11.6,80.8,2334.27,0.45,245
2026-08-02 17:41:04,7.9,80.7,2349.34,0.22,245
2026-08-02 17:41:09,6.9,80.6,2364.24,0.29,244
2026-08-02 17:41:14,7.6,80.6,2362.9,0.22,244
2026-08-02 17:41:19,6.9,80.6,2356.11,0.19,244
2026-08-02 17:41:24,7.5,80.7,2351.58,0.24,244
2026-08-02 17:41:29,7.3,80.7,2351.09,0.25,244
2026-08-02 17:41:34,11.2,80.6,2361.03,0.19,244
2026-08-02 17:41:39,6.7,80.5,2367.26,0.29,244
2026-08-02 17:41:44,7.3,80.7,2353.41,0.39,244
2026-08-02 17:41:49,11.6,81.0,2317.66,0.38,247
2026-08-02 17:41:54,7.7,81.0,2317.39,0.43,245
2026-08-02 17:41:59,7.2,81.0,2317.65,0.24,245
2026-08-02 17:42:04,12.8,80.9,2327.27,0.22,245
2026-08-02 17:42:09,7.2,80.8,2331.04,0.21,245
2026-08-02 17:42:14,7.0,80.8,2332.69,0.26,245
2026-08-02 17:42:19,6.9,80.9,2323.66,0.22,245
2026-08-02 17:42:24,7.3,80.9,2325.06,0.32,244
2026-08-02 17:42:29,8.9,80.9,2319.23,0.26,244
2026-08-02 17:42:34,10.1,80.9,2327.19,0.24,243
2026-08-02 17:42:39,6.9,80.8,2338.35,0.24,243
2026-08-02 17:42:44,7.3,80.8,2331.39,0.29,243
2026-08-02 17:42:49,6.9,80.9,2321.06,0.28,243
2026-08-02 17:42:54,7.3,81.0,2312.85,0.43,242
2026-08-02 17:42:59,7.6,81.0,2308.76,0.22,242
2026-08-02 17:43:04,7.5,81.0,2305.88,0.23,242
2026-08-02 17:43:09,10.2,81.0,2316.01,0.21,241
2026-08-02 17:43:14,9.9,80.9,2318.71,0.21,241
2026-08-02 17:43:19,8.4,80.9,2324.02,0.23,241
2026-08-02 17:43:24,6.7,80.9,2320.22,0.23,241
2026-08-02 17:43:29,8.1,81.0,2313.92,0.74,241
2026-08-02 17:43:34,7.4,81.0,2310.73,0.24,241
2026-08-02 17:43:39,6.9,81.0,2314.2,0.27,241
2026-08-02 17:43:44,17.5,81.6,2241.38,0.37,242
2026-08-02 17:43:49,18.2,80.9,2324.54,0.36,241
2026-08-02 17:43:54,8.3,80.6,2357.53,0.27,241
2026-08-02 17:43:59,8.9,80.7,2351.16,0.26,240
2026-08-02 17:44:04,7.3,80.7,2351.35,0.27,240
2026-08-02 17:44:09,8.6,80.7,2352.57,0.27,240
2026-08-02 17:44:14,12.0,80.5,2370.42,0.29,239
2026-08-02 17:44:19,9.1,80.4,2389.62,0.23,239
2026-08-02 17:44:24,11.3,80.5,2374.67,0.26,240
2026-08-02 17:44:29,9.0,80.5,2372.2,0.39,240
2026-08-02 17:44:34,8.7,80.6,2357.97,0.27,240
2026-08-02 17:44:39,9.2,80.6,2356.63,0.21,240
2026-08-02 17:44:44,8.3,80.7,2348.92,0.25,240
2026-08-02 17:44:49,11.5,80.6,2356.27,0.22,240
2026-08-02 17:44:54,8.3,80.6,2364.29,0.26,240
2026-08-02 17:44:59,8.8,80.7,2352.32,0.38,240
2026-08-02 17:45:04,9.3,80.7,2349.5,0.23,239
2026-08-02 17:45:09,8.3,80.6,2354.54,0.24,239
2026-08-02 17:45:14,9.4,80.8,2339.04,0.25,239
2026-08-02 17:45:19,13.1,80.8,2339.54,0.2,239
2026-08-02 17:45:24,9.8,80.7,2348.55,0.46,239
2026-08-02 17:45:29,15.7,81.3,2271.99,1.71,241
2026-08-02 17:45:34,8.4,81.5,2255.79,0.3,241
2026-08-02 17:45:39,9.9,81.5,2245.75,0.22,241
2026-08-02 17:45:44,7.3,81.6,2241.59,0.24,241
2026-08-02 17:45:49,13.9,81.7,2230.54,0.26,243
2026-08-02 17:45:54,9.2,81.6,2243.07,0.24,242
2026-08-02 17:45:59,10.1,81.6,2235.45,0.23,242
2026-08-02 17:46:04,8.1,81.6,2236.45,0.23,242
2026-08-02 17:46:09,8.3,81.7,2232.02,0.25,242
2026-08-02 17:46:14,8.4,81.7,2229.68,0.31,242
2026-08-02 17:46:19,13.2,81.6,2234.52,0.25,242
2026-08-02 17:46:24,8.4,81.6,2239.74,0.22,242
2026-08-02 17:46:29,9.0,81.6,2232.94,0.24,242
2026-08-02 17:46:34,9.2,81.7,2221.7,0.23,242
2026-08-02 17:46:39,8.5,81.5,2249.8,1.59,242
2026-08-02 17:46:44,8.7,81.5,2246.54,0.21,242
2026-08-02 17:46:49,8.0,81.6,2238.81,0.25,242
2026-08-02 17:46:54,24.4,81.0,2308.32,0.29,242
2026-08-02 17:46:59,8.5,80.9,2317.94,0.22,242
2026-08-02 17:47:04,8.7,81.0,2312.39,0.27,242
2026-08-02 17:47:09,8.7,81.1,2301.63,0.24,242
2026-08-02 17:47:14,8.7,81.1,2296.57,0.21,242
2026-08-02 17:47:19,8.0,81.1,2295.26,0.22,241
2026-08-02 17:47:24,8.6,81.2,2290.2,0.24,241
2026-08-02 17:47:29,13.0,81.1,2299.41,0.27,242
2026-08-02 17:47:34,8.5,81.1,2304.04,0.24,242
2026-08-02 17:47:39,7.4,81.1,2301.93,0.23,242
2026-08-02 17:47:44,9.0,81.3,2279.71,0.3,243
2026-08-02 17:47:49,7.5,81.4,2260.28,0.21,242
2026-08-02 17:47:54,7.7,81.5,2250.46,0.34,242
2026-08-02 17:47:59,17.6,79.9,2445.95,1.64,242
2026-08-02 17:48:04,9.0,79.7,2464.67,0.36,242
2026-08-02 17:48:09,10.1,79.8,2453.43,0.29,242
2026-08-02 17:48:14,8.3,79.9,2448.42,0.29,241
2026-08-02 17:48:19,8.1,79.9,2446.56,0.2,241
2026-08-02 17:48:24,8.6,79.9,2442.71,0.21,241
2026-08-02 17:48:29,11.6,80.0,2439.05,0.25,240
2026-08-02 17:48:34,8.2,79.8,2454.96,0.26,240
2026-08-02 17:48:39,7.5,79.8,2452.27,0.24,240
2026-08-02 17:48:44,7.1,79.9,2447.18,0.25,240
2026-08-02 17:48:49,9.5,79.9,2443.4,0.23,240
2026-08-02 17:48:54,32.3,83.3,2034.65,0.7,247
2026-08-02 17:48:59,59.0,84.5,1884.47,0.85,255
2026-08-02 17:49:04,11.6,84.3,1906.29,0.47,255
2026-08-02 17:49:09,15.6,84.1,1931.4,0.45,255
2026-08-02 17:49:14,17.4,84.2,1919.99,0.31,255
2026-08-02 17:49:19,13.8,84.2,1926.45,0.61,254
2026-08-02 17:49:24,14.2,84.0,1944.45,0.33,252
2026-08-02 17:49:29,14.7,84.1,1935.77,0.3,251
2026-08-02 17:49:34,32.4,83.8,1965.37,2.86,250
2026-08-02 17:49:39,18.8,83.7,1987.62,1.04,250
2026-08-02 17:49:44,19.2,84.2,1925.04,0.85,253
2026-08-02 17:49:49,23.7,84.1,1939.39,1.65,256
2026-08-02 17:49:54,27.7,88.1,1448.16,8.39,255
2026-08-02 17:49:59,42.5,89.0,1341.36,52.15,260
2026-08-02 17:50:04,39.4,87.4,1530.69,44.16,255
2026-08-02 17:50:09,57.2,85.2,1804.94,23.9,254
2026-08-02 17:50:14,95.2,85.1,1814.95,0.42,254
2026-08-02 17:50:22,99.9,87.8,1486.77,2.51,261
2026-08-02 17:50:27,100.0,87.3,1543.74,2.42,260
2026-08-02 17:50:33,100.0,88.5,1401.93,0.75,261
2026-08-02 17:50:38,95.2,89.3,1299.77,0.9,256
2026-08-02 17:50:43,55.3,89.6,1270.82,0.78,256
2026-08-02 17:50:48,48.6,89.2,1312.1,0.39,256
2026-08-02 17:50:53,31.9,88.6,1392.87,0.31,256
2026-08-02 17:50:58,37.6,88.8,1365.09,2.02,256
2026-08-02 17:51:03,32.3,88.5,1394.34,0.36,256
2026-08-02 17:51:08,30.6,88.5,1398.68,0.32,255
2026-08-02 17:51:13,38.1,89.3,1303.76,0.27,255
2026-08-02 17:51:18,49.7,89.1,1322.43,0.28,255
2026-08-02 17:51:23,48.9,88.6,1385.77,0.36,255
2026-08-02 17:51:28,58.6,88.4,1417.08,1.28,255
2026-08-02 17:51:33,22.2,88.2,1434.5,0.28,255
2026-08-02 17:51:38,8.3,88.3,1427.82,0.27,254
2026-08-02 17:51:43,20.9,89.3,1306.22,0.27,252
2026-08-02 17:51:48,11.2,89.1,1329.06,0.42,251
2026-08-02 17:51:53,10.8,87.8,1487.54,13.81,251
2026-08-02 17:51:58,10.9,88.1,1447.15,0.21,251
2026-08-02 17:52:03,13.7,87.9,1477.9,0.22,251
2026-08-02 17:52:08,10.1,87.7,1497.52,0.2,250
2026-08-02 17:52:13,12.5,87.5,1519.04,0.64,250
2026-08-02 17:52:18,8.6,87.4,1534.04,0.26,249
2026-08-02 17:52:23,23.9,88.2,1431.78,4.62,249
2026-08-02 17:52:28,41.4,84.5,1887.97,6.74,248
2026-08-02 17:52:33,52.4,84.3,1904.25,0.43,249
2026-08-02 17:52:38,17.9,84.2,1924.33,1.32,248
2026-08-02 17:52:43,18.0,84.1,1931.59,2.16,249
2026-08-02 17:52:48,21.0,84.3,1913.26,0.31,249
2026-08-02 17:52:53,27.8,84.6,1877.29,0.28,249
2026-08-02 17:52:58,16.5,84.3,1908.62,0.28,249
2026-08-02 17:53:03,9.7,84.0,1944.57,0.41,249
2026-08-02 17:53:08,11.8,83.5,2007.51,0.29,248
2026-08-02 17:53:13,7.3,83.3,2031.42,0.21,248
2026-08-02 17:53:18,6.8,83.3,2032.6,0.27,248
2026-08-02 17:53:23,6.9,83.2,2038.33,0.31,248
2026-08-02 17:53:28,8.0,83.0,2072.82,0.21,247
2026-08-02 17:53:33,14.8,83.6,1996.49,0.28,249
2026-08-02 17:53:38,7.7,83.6,1996.82,0.27,249
2026-08-02 17:53:43,12.5,83.8,1971.94,0.38,250
2026-08-02 17:53:48,16.2,84.2,1918.46,0.69,250
2026-08-02 17:53:53,8.4,84.2,1923.59,0.38,250
2026-08-02 17:53:58,8.2,83.9,1957.99,0.25,250
2026-08-02 17:54:03,9.3,83.9,1962.73,1.23,250
2026-08-02 17:54:08,9.3,83.9,1961.89,0.28,250
2026-08-02 17:54:13,25.6,83.8,1967.62,0.85,250
2026-08-02 17:54:18,12.5,83.0,2065.5,0.26,247
2026-08-02 17:54:23,23.5,83.3,2027.57,0.38,256
2026-08-02 17:54:28,28.3,83.5,2008.77,0.27,254
2026-08-02 17:54:33,9.8,83.3,2031.23,0.43,254
2026-08-02 17:54:38,8.6,83.6,1998.94,0.3,251
2026-08-02 17:54:43,8.8,83.3,2035.25,0.43,249
2026-08-02 17:54:48,16.0,83.4,2018.68,0.29,250
2026-08-02 17:54:53,9.4,83.3,2029.48,0.28,250
2026-08-02 17:54:58,8.7,82.7,2103.15,0.71,250
2026-08-02 17:55:03,9.1,82.7,2110.62,0.44,249
2026-08-02 17:55:08,8.3,82.7,2110.86,0.53,249
2026-08-02 17:55:13,10.6,83.1,2062.27,0.3,248
2026-08-02 17:55:18,15.2,82.9,2085.38,0.24,247
2026-08-02 17:55:23,13.5,82.6,2119.04,0.3,245
2026-08-02 17:55:28,13.6,82.5,2135.2,0.36,245
2026-08-02 17:55:33,10.8,82.4,2144.77,0.28,244
2026-08-02 17:55:38,10.8,82.6,2112.77,0.24,244
2026-08-02 17:55:43,15.8,83.0,2073.97,0.95,244
2026-08-02 17:55:48,25.4,83.2,2040.33,0.3,244
2026-08-02 17:55:53,24.3,83.4,2017.87,0.2,245
2026-08-02 17:55:58,17.7,83.9,1964.15,0.29,245
2026-08-02 17:56:03,19.6,83.7,1983.16,0.25,245
2026-08-02 17:56:08,10.5,84.0,1949.26,0.26,245
2026-08-02 17:56:13,24.5,86.0,1701.23,0.7,248
2026-08-02 17:56:18,46.8,87.0,1579.75,1.9,247
2026-08-02 17:56:23,31.0,87.0,1577.47,4.96,246
2026-08-02 17:56:28,22.3,87.2,1553.69,1.48,246
2026-08-02 17:56:33,13.0,87.3,1542.83,0.79,246
2026-08-02 17:56:38,21.1,86.9,1591.38,0.29,246
2026-08-02 17:56:43,10.6,86.7,1623.68,0.32,246
2026-08-02 17:56:48,17.7,86.8,1604.62,0.31,246
2026-08-02 17:56:53,23.6,86.1,1690.32,0.26,245
2026-08-02 17:56:58,25.8,87.0,1580.21,0.96,246
2026-08-02 17:57:03,13.1,87.0,1582.13,1.13,246
2026-08-02 17:57:08,9.0,86.8,1601.21,0.61,246
2026-08-02 17:57:13,14.2,86.8,1603.76,0.29,246
2026-08-02 17:57:18,13.7,86.7,1620.37,0.31,246
2026-08-02 17:57:23,16.7,87.0,1581.03,1.89,247
2026-08-02 17:57:28,13.2,87.5,1521.05,1.42,247
2026-08-02 17:57:33,10.0,87.2,1562.8,0.29,246
2026-08-02 17:57:38,11.9,86.4,1654.78,0.25,246
2026-08-02 17:57:43,12.1,86.4,1655.64,0.26,246
2026-08-02 17:57:48,25.1,86.0,1698.18,0.3,246
2026-08-02 17:57:53,11.1,85.6,1756.09,0.25,245
2026-08-02 17:57:58,14.6,85.6,1755.74,0.31,245
2026-08-02 17:58:03,14.3,85.6,1748.24,0.2,245
2026-08-02 17:58:08,9.4,85.6,1757.95,0.28,245
2026-08-02 17:58:13,14.1,85.8,1732.33,0.46,245
2026-08-02 17:58:18,84.8,87.2,1556.92,0.42,248
2026-08-02 17:58:23,16.3,87.1,1565.96,0.58,248
2026-08-02 17:58:28,11.9,87.1,1567.37,0.26,248
2026-08-02 17:58:33,10.7,87.1,1567.6,0.2,248
2026-08-02 17:58:38,25.8,88.7,1369.2,0.72,248
2026-08-02 17:58:43,23.3,88.7,1369.34,0.59,249
2026-08-02 17:58:48,37.0,87.6,1507.51,0.69,247
2026-08-02 17:58:53,10.3,87.1,1572.17,0.39,247
2026-08-02 17:58:58,21.0,86.8,1608.18,0.22,245
2026-08-02 17:59:03,14.6,87.2,1553.43,0.37,245
2026-08-02 17:59:08,10.5,87.4,1538.38,0.35,245
2026-08-02 17:59:13,9.8,87.5,1515.82,0.19,244
2026-08-02 17:59:18,26.4,87.7,1494.05,0.38,244
2026-08-02 17:59:23,21.6,88.5,1398.26,0.95,244
2026-08-02 17:59:28,13.3,88.4,1408.99,0.56,244
2026-08-02 17:59:33,12.1,88.2,1437.75,0.21,244
2026-08-02 17:59:38,16.1,86.8,1606.66,0.23,244
2026-08-02 17:59:43,16.7,86.3,1662.65,0.38,244
2026-08-02 17:59:48,18.0,85.9,1721.29,0.33,243
2026-08-02 17:59:53,13.8,85.8,1721.95,0.23,243
2026-08-02 17:59:58,12.9,85.6,1747.95,0.57,243
2026-08-02 18:00:03,13.2,85.6,1753.93,0.36,242
2026-08-02 18:00:08,13.1,85.6,1755.02,0.25,242
2026-08-02 18:00:13,13.6,85.5,1766.96,0.7,241
2026-08-02 18:00:18,20.1,85.0,1830.07,0.28,241
2026-08-02 18:00:23,16.7,85.0,1821.39,0.36,242
2026-08-02 18:00:28,24.7,85.6,1753.87,0.24,242
2026-08-02 18:00:33,15.6,85.6,1753.71,0.29,242
2026-08-02 18:00:38,20.1,85.5,1768.05,0.24,242
2026-08-02 18:00:43,14.6,85.4,1772.11,0.26,242
2026-08-02 18:00:48,18.9,85.4,1780.37,4.05,242
2026-08-02 18:00:53,20.2,85.7,1737.44,0.63,241
2026-08-02 18:00:58,15.7,86.0,1708.82,0.56,241
2026-08-02 18:01:03,20.5,86.0,1702.53,0.4,241
2026-08-02 18:01:08,20.0,86.1,1696.62,0.24,241
2026-08-02 18:01:13,18.8,86.1,1688.96,0.21,241
2026-08-02 18:01:18,24.2,86.2,1682.69,0.29,241
2026-08-02 18:01:23,17.8,86.5,1640.27,0.64,240
2026-08-02 18:01:28,18.5,86.4,1659.89,0.98,240
2026-08-02 18:01:33,11.8,86.2,1675.24,0.24,240
2026-08-02 18:01:38,20.6,85.1,1818.54,0.28,240
2026-08-02 18:01:43,19.9,85.2,1795.26,0.23,240
2026-08-02 18:01:48,17.5,84.7,1863.0,0.27,240
2026-08-02 18:01:53,26.4,85.1,1812.39,0.29,240
2026-08-02 18:01:58,41.8,85.1,1816.57,0.61,240
2026-08-02 18:02:03,25.3,85.3,1787.75,0.55,240
2026-08-02 18:02:08,39.1,85.6,1757.24,0.81,240
2026-08-02 18:02:13,60.6,86.9,1596.92,0.46,240
2026-08-02 18:02:18,31.8,86.4,1656.41,0.98,240
2026-08-02 18:02:23,16.8,85.8,1726.8,0.39,240
2026-08-02 18:02:28,13.0,85.9,1719.32,0.24,240
2026-08-02 18:02:33,15.7,85.5,1767.81,0.32,240
2026-08-02 18:02:38,20.5,85.3,1794.02,4.84,240
2026-08-02 18:02:43,20.6,85.4,1779.04,0.27,241
2026-08-02 18:02:48,27.5,85.7,1744.02,0.22,241
2026-08-02 18:02:53,28.1,87.0,1582.32,0.79,241
2026-08-02 18:02:58,19.9,87.0,1581.8,0.82,241
2026-08-02 18:03:03,23.8,86.8,1605.53,1.26,241
2026-08-02 18:03:08,18.6,86.4,1654.2,0.25,241
2026-08-02 18:03:13,24.9,87.0,1579.62,0.37,240
2026-08-02 18:03:18,36.2,86.3,1672.87,0.31,240
2026-08-02 18:03:23,20.8,87.3,1540.25,0.7,240
2026-08-02 18:03:28,26.2,86.9,1590.24,0.38,240
2026-08-02 18:03:33,31.8,87.0,1582.44,0.92,241
2026-08-02 18:03:38,24.7,86.7,1621.02,0.57,241
2026-08-02 18:03:43,23.6,86.2,1674.12,0.81,241
2026-08-02 18:03:48,29.9,85.6,1746.7,0.41,241
2026-08-02 18:03:53,25.9,85.8,1727.62,0.38,241
2026-08-02 18:03:58,29.5,88.0,1463.33,0.66,241
2026-08-02 18:04:03,31.6,87.2,1559.48,0.66,240
2026-08-02 18:04:08,13.7,86.6,1626.77,0.2,240
2026-08-02 18:04:13,16.8,86.1,1696.53,1.16,240
2026-08-02 18:04:18,7.9,85.5,1759.39,0.26,240
2026-08-02 18:04:23,20.5,85.7,1734.48,0.28,240
2026-08-02 18:04:28,24.8,86.1,1694.08,0.65,240
2026-08-02 18:04:33,20.2,85.6,1753.22,0.6,241
2026-08-02 18:04:38,21.1,86.5,1644.52,0.5,241
2026-08-02 18:04:43,17.7,86.3,1672.11,0.25,241
2026-08-02 18:04:48,28.0,87.0,1586.53,0.72,242
2026-08-02 18:04:53,26.8,88.7,1380.48,1.68,242
2026-08-02 18:04:58,26.7,87.4,1536.95,2.85,242
2026-08-02 18:05:03,14.9,87.7,1497.62,1.92,242
2026-08-02 18:05:08,15.5,87.9,1476.51,2.11,243
2026-08-02 18:05:13,16.3,87.6,1511.93,4.43,243
2026-08-02 18:05:18,16.4,86.4,1653.36,0.27,242
2026-08-02 18:05:23,15.6,86.0,1708.96,0.57,242
2026-08-02 18:05:28,15.3,86.2,1684.86,0.32,242
2026-08-02 18:05:33,19.0,87.0,1580.0,0.2,242
2026-08-02 18:05:38,22.2,86.7,1620.13,0.26,242
2026-08-02 18:05:43,43.2,85.7,1736.02,0.45,242
2026-08-02 18:05:48,23.3,85.7,1741.79,0.77,242
2026-08-02 18:05:53,21.3,85.4,1776.5,0.62,242
2026-08-02 18:05:58,19.5,84.9,1835.2,0.39,242
2026-08-02 18:06:03,17.8,84.8,1854.0,0.24,242
2026-08-02 18:06:08,22.2,86.0,1708.39,0.3,242
2026-08-02 18:06:13,27.6,85.8,1733.76,0.64,242
2026-08-02 18:06:18,20.0,85.4,1779.71,0.61,243
2026-08-02 18:06:23,18.1,85.4,1782.11,0.61,243
2026-08-02 18:06:28,18.1,85.6,1748.34,0.24,243
2026-08-02 18:06:33,17.4,85.9,1713.61,1.06,243
2026-08-02 18:06:38,13.7,85.7,1737.73,0.7,243
2026-08-02 18:06:43,27.4,87.0,1584.93,2.24,244
2026-08-02 18:06:48,21.4,86.1,1685.52,1.93,243
2026-08-02 18:06:53,18.1,86.8,1605.21,2.36,243
2026-08-02 18:06:58,16.6,86.8,1610.18,2.04,243
2026-08-02 18:07:03,20.8,86.1,1687.05,4.01,243
2026-08-02 18:07:08,28.9,86.5,1644.31,0.22,243
2026-08-02 18:07:13,14.0,86.0,1707.49,0.33,242
2026-08-02 18:07:18,20.4,85.5,1758.41,5.29,242
2026-08-02 18:07:23,49.5,88.1,1449.26,0.8,242
2026-08-02 18:07:28,32.7,87.9,1475.65,0.96,242
2026-08-02 18:07:33,23.1,88.0,1465.28,0.36,242
2026-08-02 18:07:38,31.5,88.0,1463.52,0.43,242
2026-08-02 18:07:43,34.5,86.6,1635.34,0.28,242
2026-08-02 18:07:48,32.1,86.4,1654.27,3.41,242
2026-08-02 18:07:54,30.3,86.7,1624.25,0.37,242
2026-08-02 18:07:59,45.4,87.6,1505.05,0.77,244
2026-08-02 18:08:04,60.0,87.9,1472.69,0.47,244
2026-08-02 18:08:09,39.0,88.3,1426.05,0.87,244
2026-08-02 18:08:14,33.7,87.1,1571.14,0.78,244
2026-08-02 18:08:19,37.9,86.9,1596.95,1.21,243
2026-08-02 18:08:24,44.9,89.3,1304.35,0.93,243
2026-08-02 18:08:29,34.1,88.6,1389.11,11.15,244
2026-08-02 18:08:34,27.7,88.5,1401.53,6.0,244
2026-08-02 18:08:39,19.9,88.4,1414.87,3.04,244
2026-08-02 18:08:44,26.4,88.1,1445.9,2.62,244
2026-08-02 18:08:49,29.3,88.0,1456.56,1.6,244
2026-08-02 18:08:54,24.8,87.9,1476.06,1.83,244
2026-08-02 18:08:59,27.9,87.6,1502.96,5.37,244
2026-08-02 18:09:04,26.2,88.2,1440.64,0.67,244
2026-08-02 18:09:09,19.1,86.7,1623.14,0.66,244
2026-08-02 18:09:14,16.1,86.5,1642.06,0.41,244
2026-08-02 18:09:19,20.0,86.4,1651.97,1.86,244
2026-08-02 18:09:24,18.3,86.5,1639.57,0.33,244
2026-08-02 18:09:29,17.2,86.5,1645.85,0.29,244
2026-08-02 18:09:34,21.0,86.3,1668.68,0.33,244
2026-08-02 18:09:39,18.6,86.2,1674.75,0.31,244
2026-08-02 18:09:44,16.4,86.2,1682.65,0.3,244
2026-08-02 18:09:49,20.4,86.4,1657.8,0.31,244
2026-08-02 18:09:54,30.7,87.0,1577.73,0.62,244
2026-08-02 18:09:59,24.6,86.4,1648.74,2.2,244
2026-08-02 18:10:04,21.2,86.0,1706.95,0.73,244
2026-08-02 18:10:09,26.5,86.0,1709.47,0.62,244
2026-08-02 18:10:14,18.3,85.7,1734.81,0.64,244
2026-08-02 18:10:19,21.3,86.1,1688.36,0.29,242
2026-08-02 18:10:24,23.4,86.4,1650.64,0.77,242
2026-08-02 18:10:29,17.8,86.3,1662.87,0.61,241
2026-08-02 18:10:34,21.8,86.0,1700.74,0.34,241
2026-08-02 18:10:39,17.3,86.1,1692.65,0.33,241
2026-08-02 18:10:44,16.5,86.3,1666.28,0.38,242
2026-08-02 18:10:49,20.4,86.5,1646.6,0.33,242
2026-08-02 18:10:54,29.3,87.0,1580.68,0.35,242
2026-08-02 18:10:59,28.2,87.5,1517.62,1.69,242
2026-08-02 18:11:04,33.8,87.4,1532.86,0.26,242
2026-08-02 18:11:09,17.1,87.2,1562.64,0.26,242
2026-08-02 18:11:14,11.8,86.8,1611.71,0.62,241
2026-08-02 18:11:19,8.3,86.8,1608.48,1.14,241
2026-08-02 18:11:24,13.6,86.8,1610.88,0.27,241
2026-08-02 18:11:29,8.5,86.5,1637.48,0.58,241
2026-08-02 18:11:34,13.5,86.9,1594.04,2.47,241
2026-08-02 18:11:39,11.8,86.8,1605.61,0.23,241
2026-08-02 18:11:44,12.3,86.8,1608.09,0.21,241
2026-08-02 18:11:49,9.8,86.9,1596.65,0.58,241
2026-08-02 18:11:54,19.6,86.7,1622.95,0.69,241
2026-08-02 18:11:59,9.3,86.6,1634.07,0.59,241
2026-08-02 18:12:04,13.1,86.6,1636.4,0.24,241
2026-08-02 18:12:09,18.0,86.6,1634.75,0.33,241
2026-08-02 18:12:14,19.0,86.8,1608.67,0.35,241
2026-08-02 18:12:19,16.8,87.1,1566.41,0.31,242
2026-08-02 18:12:24,13.4,86.8,1609.05,0.35,242
2026-08-02 18:12:29,19.8,87.1,1570.7,0.35,242
2026-08-02 18:12:34,40.3,87.7,1492.69,0.29,241
2026-08-02 18:12:39,29.0,87.7,1495.44,0.36,241
2026-08-02 18:12:44,30.6,87.3,1543.64,0.42,241
2026-08-02 18:12:49,32.7,87.1,1566.36,0.29,240
2026-08-02 18:12:54,26.9,87.4,1538.59,0.3,240
2026-08-02 18:12:59,21.0,87.5,1523.61,0.33,240
2026-08-02 18:13:04,17.4,87.4,1535.69,0.3,240
2026-08-02 18:13:09,29.6,87.1,1571.18,0.62,241
2026-08-02 18:13:14,26.5,88.0,1458.51,0.35,241
2026-08-02 18:13:19,10.5,87.0,1585.02,0.32,240
2026-08-02 18:13:24,16.9,87.2,1558.77,0.34,240
2026-08-02 18:13:29,22.1,86.6,1629.65,5.26,240
2026-08-02 18:13:34,16.0,86.7,1622.61,0.42,240
2026-08-02 18:13:39,12.7,86.7,1620.82,0.28,240
2026-08-02 18:13:44,15.9,86.7,1614.59,0.32,240
2026-08-02 18:13:49,26.0,86.6,1631.39,0.35,240
2026-08-02 18:13:54,13.2,86.4,1649.8,0.27,240
2026-08-02 18:13:59,10.2,86.4,1655.81,0.38,240
2026-08-02 18:14:04,12.0,86.6,1624.85,0.32,240
2026-08-02 18:14:09,12.2,86.7,1614.21,0.3,240
2026-08-02 18:14:14,17.5,86.8,1608.2,0.25,240
2026-08-02 18:14:19,10.0,86.7,1616.46,0.26,240
2026-08-02 18:14:24,20.5,86.9,1597.87,0.3,241
2026-08-02 18:14:29,10.3,86.8,1611.7,0.3,241
2026-08-02 18:14:34,11.9,86.8,1600.02,0.32,240
2026-08-02 18:14:39,10.1,86.8,1604.98,0.23,240
2026-08-02 18:14:44,13.7,86.7,1620.56,0.32,240
2026-08-02 18:14:49,11.6,85.8,1725.39,0.25,240
2026-08-02 18:14:54,19.3,86.0,1705.91,0.25,240
2026-08-02 18:14:59,10.5,85.8,1726.55,2.7,240
2026-08-02 18:15:04,11.0,85.7,1740.85,0.41,239
2026-08-02 18:15:09,53.0,87.5,1520.26,0.34,240
2026-08-02 18:15:14,45.1,87.0,1586.39,0.67,240
2026-08-02 18:15:19,19.4,86.5,1639.46,0.42,240
2026-08-02 18:15:24,17.1,87.3,1550.5,0.67,240
2026-08-02 18:15:29,48.8,84.9,1840.63,0.72,241
2026-08-02 18:15:34,58.8,87.9,1468.07,1.33,242
2026-08-02 18:15:39,37.2,88.0,1464.43,0.64,243
2026-08-02 18:15:44,26.0,87.3,1544.78,0.59,243
2026-08-02 18:15:49,44.5,88.3,1422.36,0.47,245
2026-08-02 18:15:54,46.7,85.4,1778.69,0.44,243
2026-08-02 18:15:59,28.1,83.6,1997.31,0.72,241
2026-08-02 18:16:04,13.0,83.5,2007.15,0.47,241
2026-08-02 18:16:09,22.3,82.8,2096.62,1.55,242
2026-08-02 18:16:14,15.7,82.2,2164.33,0.38,242
2026-08-02 18:16:19,27.7,82.3,2158.61,3.07,243
2026-08-02 18:16:24,13.5,82.3,2151.93,0.28,243
2026-08-02 18:16:29,23.9,73.4,3240.11,0.44,241
2026-08-02 18:16:34,23.4,73.5,3227.43,0.48,238
2026-08-02 18:16:39,20.5,72.9,3297.74,0.3,237
2026-08-02 18:16:44,18.3,72.9,3299.05,0.27,237
2026-08-02 18:16:49,17.4,72.7,3320.75,0.29,236
2026-08-02 18:16:54,21.7,72.8,3315.21,0.24,236
2026-08-02 18:16:59,8.6,72.8,3310.36,0.22,236
2026-08-02 18:17:04,11.3,72.6,3337.13,0.54,235
2026-08-02 18:17:09,8.8,72.5,3350.02,0.26,235
2026-08-02 18:17:14,20.4,72.7,3321.57,0.2,235
2026-08-02 18:17:19,11.8,72.7,3317.13,0.3,235
2026-08-02 18:17:24,15.1,72.7,3320.62,0.25,234
2026-08-02 18:17:29,15.3,73.2,3263.67,0.22,235
2026-08-02 18:17:34,18.9,73.2,3263.49,0.26,235
2026-08-02 18:17:39,13.8,73.2,3256.87,0.25,235
2026-08-02 18:17:44,12.8,73.2,3264.56,0.22,235
2026-08-02 18:17:49,21.6,73.5,3228.71,0.3,235
2026-08-02 18:17:54,20.4,73.5,3220.05,0.28,235
2026-08-02 18:17:59,36.5,73.5,3220.63,4.56,234
2026-08-02 18:18:04,64.2,73.4,3239.0,0.4,234
2026-08-02 18:18:09,18.0,73.3,3248.69,0.32,234
2026-08-02 18:18:14,12.5,73.2,3257.92,0.28,234
2026-08-02 18:18:19,10.6,73.2,3263.03,0.24,233
2026-08-02 18:18:24,14.6,73.3,3246.82,0.28,234
2026-08-02 18:18:29,20.4,73.3,3253.68,0.24,232
2026-08-02 18:18:34,18.0,73.2,3260.22,0.23,232
2026-08-02 18:18:39,13.2,73.1,3269.3,0.21,232
2026-08-02 18:18:44,7.3,73.0,3290.6,0.28,232
2026-08-02 18:18:49,8.7,72.9,3302.56,0.29,232
2026-08-02 18:18:54,15.1,72.8,3313.36,0.28,231
2026-08-02 18:18:59,18.0,72.7,3320.75,0.33,231
2026-08-02 18:19:04,25.2,72.9,3300.97,0.25,231
2026-08-02 18:19:09,30.6,73.0,3290.56,0.22,231
2026-08-02 18:19:14,7.7,72.8,3306.08,0.23,231
2026-08-02 18:19:19,8.0,72.7,3319.23,0.22,231
2026-08-02 18:19:24,8.9,72.7,3321.48,0.25,231
2026-08-02 18:19:29,16.7,71.8,3433.96,1.93,231
2026-08-02 18:19:34,9.6,71.7,3438.34,0.2,231
2026-08-02 18:19:39,10.1,71.7,3438.73,0.24,231
2026-08-02 18:19:44,10.3,71.7,3440.1,0.25,231
2026-08-02 18:19:49,9.8,71.9,3423.67,0.22,231
2026-08-02 18:19:54,13.1,72.0,3411.56,0.28,231
2026-08-02 18:19:59,10.1,72.0,3406.24,0.28,231
2026-08-02 18:20:04,14.9,72.1,3393.16,0.31,231
2026-08-02 18:20:09,12.8,72.1,3389.73,0.23,231
2026-08-02 18:20:14,8.9,72.1,3392.8,0.25,231
2026-08-02 18:20:19,13.2,72.3,3364.32,0.23,232
2026-08-02 18:20:24,12.8,72.3,3365.47,0.24,232
2026-08-02 18:20:29,9.2,72.3,3365.13,0.25,232
2026-08-02 18:20:34,12.6,72.2,3378.05,0.29,231
2026-08-02 18:20:39,7.8,72.2,3387.0,0.22,231
2026-08-02 18:20:44,11.0,72.4,3362.34,0.33,231
2026-08-02 18:20:49,33.8,64.3,4348.84,2.39,220
2026-08-02 18:20:54,52.3,63.5,4440.11,0.37,220
2026-08-02 18:20:59,60.2,63.5,4435.57,0.4,220
2026-08-02 18:21:04,73.6,63.7,4416.16,0.36,220
2026-08-02 18:21:09,70.8,63.9,4393.84,0.23,220
2026-08-02 18:21:15,76.6,64.0,4385.89,0.24,220
2026-08-02 18:21:21,76.9,64.6,4308.81,0.47,221
2026-08-02 18:21:28,94.2,64.0,4378.57,0.45,224
2026-08-02 18:21:34,96.0,64.0,4383.95,0.56,224
2026-08-02 18:21:39,71.8,64.1,4365.54,0.38,224
2026-08-02 18:21:45,77.4,63.5,4441.9,0.4,211
2026-08-02 18:21:50,59.9,51.7,5871.17,0.53,195
2026-08-02 18:21:55,44.5,51.5,5896.06,1.29,194
2026-08-02 18:22:00,40.8,51.4,5909.64,0.39,192
2026-08-02 18:22:05,46.2,50.8,5988.07,0.36,192
2026-08-02 18:22:10,43.2,50.5,6018.06,0.32,192
2026-08-02 18:22:15,40.8,50.5,6025.67,0.35,192
2026-08-02 18:22:20,42.1,50.6,6007.36,0.39,192
2026-08-02 18:22:25,46.5,50.7,6002.98,0.36,192
2026-08-02 18:22:30,42.9,50.1,6071.59,0.39,191
2026-08-02 18:22:35,96.4,48.6,6250.81,1.02,191
2026-08-02 18:22:40,44.7,49.5,6145.12,2.02,195
2026-08-02 18:22:45,40.3,50.2,6060.57,0.85,197
2026-08-03 06:23:35,0.0,52.6,5762.59,0.0,188
2026-08-03 06:24:15,35.0,58.2,5085.05,0.76,198
2026-08-03 06:24:20,97.2,63.4,4450.97,1.15,206
2026-08-03 06:24:25,78.7,65.5,4196.91,5.71,206
2026-08-03 06:24:30,85.6,66.0,4131.38,5.48,212
2026-08-03 06:24:35,91.7,64.2,4350.05,6.51,209
2026-08-03 06:24:40,85.9,65.9,4151.9,4.62,222
2026-08-03 06:24:45,88.9,64.8,4288.63,2.43,220
2026-08-03 06:24:50,45.9,64.9,4273.25,2.39,219
2026-08-03 06:24:55,38.0,64.8,4280.93,1.88,219
2026-08-03 06:25:00,46.3,64.8,4286.14,4.42,219
2026-08-03 06:25:05,38.1,64.9,4271.54,0.65,219
2026-08-03 06:25:10,34.4,65.0,4254.3,1.9,219
2026-08-03 06:25:15,28.4,64.7,4291.68,2.38,219
2026-08-03 06:25:20,48.9,65.0,4262.25,0.46,220
2026-08-03 06:25:25,21.2,64.8,4282.77,0.35,218
2026-08-03 06:25:30,45.2,63.5,4439.55,0.65,219
2026-08-03 06:25:35,18.8,63.6,4432.85,0.29,219
2026-08-03 06:25:40,47.5,60.1,4858.82,0.56,219
2026-08-03 06:25:45,35.7,59.8,4892.69,1.08,212
2026-08-03 06:25:50,50.4,59.7,4902.66,0.68,211
2026-08-03 06:25:55,41.1,60.4,4821.35,0.34,213
2026-08-03 06:26:00,61.7,60.9,4760.04,2.17,228
2026-08-03 06:26:05,58.4,60.8,4772.31,3.57,229
2026-08-03 06:26:10,51.4,60.7,4783.96,0.92,225
2026-08-03 06:26:15,33.6,60.6,4795.52,0.5,220
2026-08-03 06:26:20,26.8,60.5,4804.46,0.41,220
2026-08-03 06:26:25,29.3,60.6,4789.86,0.65,220
2026-08-03 06:26:30,21.2,60.3,4834.44,0.44,218
2026-08-03 06:26:35,23.8,60.0,4868.07,0.35,218
2026-08-03 06:26:40,37.8,60.7,4785.82,0.65,223
2026-08-03 06:26:45,92.0,61.9,4635.79,0.79,226
2026-08-03 06:26:50,29.8,61.8,4647.57,0.67,226
2026-08-03 06:26:55,47.1,61.4,4693.82,0.65,226
2026-08-03 06:27:00,32.4,61.5,4680.87,0.34,225
2026-08-03 06:27:05,36.7,61.9,4635.39,0.36,226
2026-08-03 06:27:10,23.4,62.1,4617.09,0.37,225
2026-08-03 06:27:15,35.6,62.0,4626.02,0.29,224
2026-08-03 06:27:20,28.1,62.2,4600.99,0.35,223
2026-08-03 06:27:25,30.6,62.1,4615.75,0.34,222
2026-08-03 06:27:30,32.3,62.1,4606.77,0.33,221
2026-08-03 06:27:35,34.6,61.5,4683.86,0.24,218
2026-08-03 06:27:40,23.8,61.5,4680.98,0.65,217
2026-08-03 06:27:45,28.7,61.4,4693.01,0.34,217
2026-08-03 06:27:50,24.8,61.4,4695.14,0.27,216
2026-08-03 06:27:55,27.9,61.6,4676.65,0.37,216
2026-08-03 06:28:00,65.3,62.1,4615.83,0.78,217
2026-08-03 06:28:05,32.8,62.0,4617.84,0.37,215
2026-08-03 06:28:10,30.7,61.9,4640.77,0.37,215
2026-08-03 06:28:15,32.7,61.9,4635.79,0.36,215
2026-08-03 06:28:20,32.8,62.0,4623.63,0.4,215
2026-08-03 06:28:25,29.2,62.2,4602.63,0.41,215
2026-08-03 06:28:30,31.7,62.1,4615.91,0.9,215
2026-08-03 06:28:35,33.7,61.7,4655.7,0.33,214
2026-08-03 06:28:40,33.1,61.7,4656.8,0.3,214
2026-08-03 06:28:45,29.3,61.6,4674.91,0.32,214
2026-08-03 06:28:50,45.8,62.1,4616.07,0.33,214
2026-08-03 06:28:55,21.7,60.9,4760.1,0.3,214
2026-08-03 06:29:00,21.3,61.0,4744.47,0.44,214
2026-08-03 06:29:05,30.8,62.1,4615.29,0.3,217
2026-08-03 06:29:10,28.5,62.2,4593.62,0.27,215
2026-08-03 06:29:15,29.1,62.1,4606.04,0.36,213
2026-08-03 06:29:20,30.0,61.8,4650.37,0.32,212
2026-08-03 06:29:25,29.8,61.8,4651.26,0.29,212
2026-08-03 06:29:30,44.8,62.1,4606.73,0.82,212
2026-08-03 06:29:35,24.6,61.9,4639.06,0.3,212
2026-08-03 06:29:40,27.3,62.1,4611.43,0.31,213
2026-08-03 06:29:45,26.7,62.2,4604.66,0.35,212
2026-08-03 06:29:50,23.6,62.1,4612.4,0.35,212
2026-08-03 06:29:55,30.0,61.9,4631.38,0.33,212
2026-08-03 06:30:00,32.9,61.9,4631.38,0.39,213
2026-08-03 06:30:05,38.9,62.2,4600.22,0.66,216
2026-08-03 06:30:10,25.9,62.3,4588.44,0.59,216
2026-08-03 06:30:15,35.3,62.1,4608.58,0.43,216
2026-08-03 06:30:20,25.8,62.1,4609.39,0.46,215
2026-08-03 06:30:25,29.3,61.9,4641.37,0.32,215
2026-08-03 06:30:30,23.1,61.8,4644.94,0.26,215
2026-08-03 06:30:35,26.5,62.0,4625.12,0.42,215
2026-08-03 06:30:40,21.7,62.0,4621.05,0.28,215
2026-08-03 06:30:45,40.1,62.0,4618.23,0.31,214
2026-08-03 06:30:50,24.7,62.3,4592.13,0.31,215
2026-08-03 06:30:55,32.6,62.6,4556.44,0.38,215
2026-08-03 06:31:00,20.2,62.3,4583.79,0.27,215
2026-08-03 06:31:05,24.3,61.4,4692.26,0.43,215
2026-08-03 06:31:10,21.8,61.6,4675.96,0.35,215
2026-08-03 06:31:15,28.2,61.8,4653.28,0.48,215
2026-08-03 06:31:20,15.9,61.6,4671.36,0.33,215
2026-08-03 06:31:25,35.9,61.0,4742.04,0.97,214
2026-08-03 06:31:30,19.8,61.1,4732.71,0.43,214
2026-08-03 06:31:35,19.2,61.2,4726.94,0.28,213
2026-08-03 06:31:40,20.7,60.7,4780.62,0.34,212
2026-08-03 06:31:45,21.5,60.7,4777.84,0.26,212
2026-08-03 06:31:50,16.8,60.9,4762.02,0.29,218
2026-08-03 06:31:55,16.0,60.5,4806.56,0.27,216
2026-08-03 06:32:00,12.7,60.5,4803.05,0.3,216
2026-08-03 06:32:05,12.9,60.5,4810.96,0.26,212
2026-08-03 06:32:10,14.5,60.4,4820.27,0.34,211
2026-08-03 06:32:15,17.6,60.3,4830.58,0.27,211
2026-08-03 06:32:20,13.6,60.4,4821.2,0.25,212
2026-08-03 06:32:25,24.5,61.1,4735.47,0.63,212
2026-08-03 06:49:24,0.0,64.1,4365.5,0.0,219
2026-08-03 06:49:37,30.7,68.6,3822.96,4.19,223
2026-08-03 06:49:42,34.2,69.2,3744.09,0.42,224
2026-08-03 06:49:47,37.1,69.9,3665.11,0.31,225
2026-08-03 06:49:52,90.3,74.7,3072.38,5.2,229
2026-08-03 06:49:57,59.3,75.6,2966.3,3.25,229
2026-08-03 06:50:02,41.6,74.0,3168.22,0.6,229
2026-08-03 06:50:07,38.2,73.8,3186.84,0.39,228
2026-08-03 06:50:12,33.7,73.8,3189.11,0.36,228
2026-08-03 06:50:17,43.6,73.8,3182.21,0.48,228
2026-08-03 06:50:22,38.6,73.9,3176.47,0.37,228
2026-08-03 06:50:27,46.1,73.9,3177.63,0.39,227
2026-08-03 06:50:32,38.9,73.9,3172.61,0.45,227
2026-08-03 06:50:37,59.9,74.4,3111.67,0.47,231
2026-08-03 06:50:42,37.5,74.5,3099.3,0.34,230
2026-08-03 06:50:47,41.1,74.5,3102.09,0.34,230
2026-08-03 06:50:52,37.4,74.4,3114.38,0.55,230
2026-08-03 06:50:57,41.3,74.5,3107.43,0.34,230
2026-08-03 06:51:02,33.7,74.6,3089.84,0.32,230
2026-08-03 06:51:07,41.9,74.2,3145.19,0.34,229
2026-08-03 06:51:12,38.3,73.7,3199.36,0.73,229
2026-08-03 06:51:17,53.2,73.8,3191.32,0.44,230
2026-08-03 06:51:22,46.5,73.8,3185.15,0.39,229
2026-08-03 06:51:27,40.9,73.8,3188.96,0.33,229
2026-08-03 06:51:32,39.4,73.8,3192.75,0.3,229
2026-08-03 06:51:37,49.3,73.8,3190.0,0.53,228
2026-08-03 06:51:42,42.0,73.9,3177.7,0.28,228
2026-08-03 06:51:47,39.6,73.8,3190.35,0.39,228
2026-08-03 06:51:52,37.8,73.7,3205.29,0.4,228
2026-08-03 06:51:57,36.4,73.6,3212.0,0.63,227
2026-08-03 06:52:02,36.5,73.6,3212.58,0.29,227
2026-08-03 06:52:07,38.2,73.7,3196.62,0.32,227
2026-08-03 06:52:12,48.8,73.3,3254.68,0.38,227
2026-08-03 06:52:17,39.4,73.2,3265.84,0.34,228
2026-08-03 06:52:22,35.9,73.1,3267.03,0.33,228
2026-08-03 06:52:27,43.8,73.1,3271.16,0.36,228
2026-08-03 06:52:32,43.7,73.1,3267.85,0.34,228
2026-08-03 06:52:37,42.7,74.0,3161.14,0.33,228
2026-08-03 06:52:42,45.5,74.1,3152.36,0.42,229
2026-08-03 06:52:47,43.3,74.7,3079.61,0.42,229
2026-08-03 06:52:52,40.6,74.6,3092.61,0.3,229
2026-08-03 06:52:57,43.5,74.8,3069.33,0.49,230
2026-08-03 06:53:02,34.4,74.4,3113.86,0.7,230
2026-08-03 06:53:07,37.6,74.3,3124.84,0.38,231
2026-08-03 06:53:12,34.3,73.8,3189.31,0.4,230
2026-08-03 06:53:17,36.5,74.2,3135.77,0.39,230
2026-08-03 06:53:22,19.4,74.2,3140.97,0.72,229
2026-08-03 06:53:27,24.0,73.2,3258.39,0.29,230
2026-08-03 06:53:32,15.9,73.0,3284.11,0.26,230
2026-08-03 06:53:37,20.7,73.0,3288.46,0.32,230
2026-08-03 06:53:42,23.0,73.4,3231.97,0.34,230
2026-08-03 06:53:47,20.2,73.2,3256.68,0.35,230
2026-08-03 06:53:52,20.8,72.9,3301.29,0.41,228
2026-08-03 06:53:57,17.3,72.7,3326.75,0.3,228
2026-08-03 06:54:02,23.4,72.5,3351.28,0.29,228
2026-08-03 06:54:07,17.7,72.4,3355.59,0.24,228
2026-08-03 06:54:12,21.7,72.5,3347.83,0.29,228
2026-08-03 06:54:17,29.2,72.8,3306.73,0.45,228
2026-08-03 06:54:22,43.5,73.1,3272.73,0.3,237
2026-08-03 06:54:27,30.9,73.3,3250.93,0.51,235
2026-08-03 06:54:32,12.8,73.2,3257.44,0.24,234
2026-08-03 06:54:37,21.9,72.9,3296.52,0.36,230
2026-08-03 06:54:42,12.7,72.9,3298.2,0.3,230
2026-08-03 06:54:47,16.5,72.2,3387.04,0.3,229
2026-08-03 06:54:52,20.6,72.1,3399.63,0.25,230
2026-08-03 06:54:57,12.2,72.1,3392.57,0.55,230
2026-08-03 06:55:02,21.7,72.3,3375.54,0.28,228
2026-08-03 06:55:07,12.1,71.9,3415.12,0.26,228
2026-08-03 06:55:12,26.6,72.1,3390.0,0.28,228
2026-08-03 06:55:17,39.4,72.3,3365.94,2.58,227
2026-08-03 06:55:22,27.8,72.7,3318.47,2.66,228
2026-08-03 06:55:27,28.3,72.5,3343.7,0.41,228
2026-08-03 06:55:32,28.7,72.6,3339.74,0.34,227
2026-08-03 06:55:37,26.6,73.3,3248.4,0.29,227
2026-08-03 06:55:42,25.4,73.1,3277.0,0.36,227
2026-08-03 06:55:47,23.4,72.4,3363.54,0.27,227
2026-08-03 06:55:52,30.2,72.9,3300.76,0.37,226
2026-08-03 06:55:57,33.6,72.6,3330.67,0.39,226
2026-08-03 06:56:02,25.3,72.3,3368.66,0.35,226
2026-08-03 06:56:07,49.0,73.1,3273.82,1.0,226
2026-08-03 06:56:12,27.9,72.4,3362.32,0.38,226
2026-08-03 06:56:17,90.6,74.5,3103.11,1.09,231
2026-08-04 03:20:01,0.0,66.2,4110.55,0.0,216
2026-08-04 03:22:07,100.0,75.8,2947.83,0.0,236
2026-08-04 03:22:57,31.9,80.8,2335.04,0.95,238
2026-08-04 03:23:02,43.7,80.0,2429.38,3.14,238
2026-08-04 03:23:07,25.4,79.2,2535.11,0.78,238
2026-08-04 03:23:12,17.5,79.1,2541.48,0.35,238
2026-08-04 03:23:17,32.1,80.2,2408.35,0.29,237
2026-08-04 03:23:22,33.1,80.2,2410.31,0.35,237
2026-08-04 03:23:27,48.4,80.1,2424.27,0.38,236
2026-08-04 03:23:32,41.8,80.3,2402.36,0.68,236
2026-08-04 03:23:37,45.9,80.2,2413.83,0.38,234
2026-08-04 03:23:42,48.4,80.2,2414.19,0.35,234
2026-08-04 03:23:47,43.0,80.2,2406.74,0.37,234
2026-08-04 03:23:52,39.5,80.2,2407.34,0.38,234
2026-08-04 03:23:57,43.5,80.2,2408.07,0.32,234
2026-08-04 03:24:02,46.5,80.5,2374.15,0.42,235
2026-08-04 03:24:07,47.9,80.4,2380.98,0.34,235
2026-08-04 03:24:12,48.4,80.4,2388.02,0.31,234
2026-08-04 03:24:17,37.5,80.4,2382.89,0.29,234
2026-08-04 03:24:22,43.7,80.4,2389.56,0.28,234
2026-08-04 03:24:27,85.3,81.1,2301.87,0.44,235
2026-08-04 03:24:32,34.7,79.7,2473.31,0.49,234
2026-08-04 03:24:37,43.0,79.5,2490.02,1.07,232
2026-08-04 03:24:42,37.5,79.5,2491.8,0.48,232
2026-08-04 03:24:47,28.1,79.5,2500.16,0.72,232
2026-08-04 03:24:52,22.6,79.5,2488.3,0.44,232
2026-08-04 03:24:57,64.6,80.9,2324.09,0.38,234
2026-08-04 03:25:02,24.8,80.9,2328.95,0.37,234
2026-08-04 03:25:07,29.5,80.5,2377.56,0.37,233
2026-08-04 03:25:12,35.7,79.4,2511.88,0.29,233
2026-08-04 03:25:17,26.8,80.1,2426.85,0.35,233
2026-08-04 03:25:22,31.5,80.5,2373.24,0.65,233
2026-08-04 03:25:27,40.3,80.2,2404.81,0.45,233
2026-08-04 03:25:32,36.8,79.6,2487.25,0.35,233
2026-08-04 03:25:37,36.7,79.2,2529.82,0.38,232
2026-08-04 03:25:42,32.1,79.0,2558.38,0.3,232
2026-08-04 03:25:47,44.1,79.1,2544.47,0.27,232
2026-08-04 03:25:52,35.5,79.2,2527.16,0.33,232
2026-08-04 03:25:57,43.8,79.1,2544.16,0.35,232
2026-08-04 03:26:02,52.2,79.7,2473.29,0.4,236
2026-08-04 03:26:07,36.2,79.7,2464.67,0.31,236
2026-08-04 03:26:12,54.1,79.8,2456.74,0.45,232
2026-08-04 03:26:17,45.5,79.7,2470.05,0.35,232
2026-08-04 03:26:22,45.5,79.7,2467.69,0.33,232
2026-08-04 03:26:27,42.1,79.8,2463.06,0.87,232
2026-08-04 04:15:33,0.0,67.2,3986.64,0.0,220
2026-08-04 04:16:20,44.7,72.1,3392.97,0.41,229
2026-08-04 04:16:25,71.4,72.9,3294.04,0.33,229
2026-08-04 04:16:30,63.9,72.9,3293.3,0.4,227
2026-08-04 04:16:35,88.5,74.4,3117.28,0.45,231
2026-08-04 04:16:40,99.8,78.0,2674.77,3.67,232
2026-08-04 04:16:45,75.1,78.1,2659.89,2.39,231
2026-08-04 04:16:50,44.0,76.1,2906.03,0.57,230
2026-08-04 04:16:55,75.4,77.3,2756.74,0.58,233
2026-08-04 06:41:43,29.9,67.4,3965.71,0.23,239
2026-08-04 06:41:56,29.5,66.9,4021.81,1.4,233
2026-08-04 06:42:01,20.5,66.9,4029.34,0.74,236
2026-08-04 06:42:06,22.1,67.3,3975.28,4.21,236
2026-08-04 06:42:11,11.4,67.1,4008.86,2.35,236
2026-08-04 06:42:16,11.8,67.2,3996.04,0.27,236
2026-08-04 06:42:21,23.5,69.9,3665.97,1.31,238
2026-08-04 06:42:26,26.5,70.5,3594.95,0.81,240
2026-08-04 06:42:31,29.4,71.2,3509.65,1.79,240
2026-08-04 06:42:36,9.0,70.2,3623.29,0.59,240
2026-08-04 06:42:41,10.4,69.6,3696.81,0.5,239
2026-08-04 06:42:46,7.3,69.8,3677.66,0.31,239
2026-08-04 06:42:51,20.1,70.7,3563.48,1.54,239
2026-08-04 06:42:56,14.5,70.8,3546.96,0.5,239
2026-08-04 06:43:01,8.7,69.9,3659.73,0.5,239
2026-08-04 06:43:06,10.9,69.8,3678.56,0.46,238
2026-08-04 06:43:11,12.3,69.8,3674.07,0.32,238
2026-08-04 06:43:16,16.4,70.0,3646.11,1.22,239
2026-08-04 06:43:21,11.6,69.6,3701.78,2.82,236
2026-08-04 06:43:26,7.2,69.2,3747.11,0.25,235
2026-08-04 06:43:31,6.2,69.2,3746.64,0.22,235
2026-08-04 06:43:36,7.9,69.1,3762.27,0.37,235
2026-08-04 06:43:41,9.5,69.1,3759.58,0.23,234
2026-08-04 06:43:46,6.5,69.1,3758.47,0.22,234
2026-08-04 06:43:51,6.2,69.1,3759.96,0.26,234
2026-08-04 06:43:56,5.8,69.1,3760.45,0.6,234
2026-08-04 06:44:01,8.6,69.0,3767.35,0.23,234
2026-08-04 06:44:06,7.1,69.0,3766.79,0.25,234
2026-08-04 06:44:11,7.2,69.1,3761.02,0.28,234
2026-08-04 06:44:16,6.6,69.1,3760.22,0.22,234
2026-08-04 06:44:21,6.8,69.1,3757.64,0.26,234
2026-08-04 06:44:26,7.4,69.1,3765.59,0.29,234
2026-08-04 06:44:31,7.6,69.1,3759.28,0.22,234
2026-08-04 06:44:36,7.0,69.1,3760.65,0.23,233
2026-08-04 06:44:41,7.1,69.1,3755.09,0.23,233
2026-08-04 06:44:46,6.8,69.2,3752.34,0.27,233
2026-08-04 06:44:51,6.1,69.2,3750.71,0.26,232
2026-08-04 06:44:56,7.7,69.1,3762.21,0.23,232
2026-08-04 06:45:01,7.3,69.1,3764.58,0.26,232
2026-08-04 06:45:06,6.7,69.1,3763.59,0.26,232
2026-08-04 06:45:11,7.5,69.2,3747.08,0.26,232
2026-08-04 06:45:16,6.3,69.3,3731.14,0.23,232
2026-08-04 06:45:21,7.5,69.4,3728.22,0.22,232
2026-08-04 06:45:26,10.3,69.3,3738.38,0.23,232
2026-08-04 06:45:31,10.9,69.1,3758.15,1.68,232
2026-08-04 06:45:36,12.0,69.3,3740.73,0.27,232
2026-08-04 06:45:41,8.4,69.1,3758.84,0.46,232
2026-08-04 06:45:46,9.1,69.3,3730.36,0.22,232
2026-08-04 06:45:51,13.0,69.3,3730.93,0.27,234
2026-08-04 06:45:57,47.4,70.0,3649.38,0.79,237
2026-08-04 06:46:02,12.2,70.0,3651.15,0.27,236
2026-08-04 06:46:07,10.6,70.1,3643.91,0.42,237
2026-08-04 06:46:12,12.0,69.9,3664.27,0.3,237
2026-08-04 06:46:17,10.4,69.9,3666.19,0.3,237
2026-08-04 06:46:22,12.2,69.9,3663.38,0.29,237
2026-08-04 06:46:27,10.1,69.9,3659.92,0.27,237
2026-08-04 06:46:32,6.9,69.9,3657.78,0.26,237
2026-08-04 06:46:37,7.3,69.7,3682.09,0.31,236
2026-08-04 06:46:42,6.3,69.7,3682.7,0.34,236
2026-08-04 06:46:47,6.6,69.7,3681.79,0.25,236
2026-08-04 06:46:52,9.6,69.2,3745.91,0.81,236
2026-08-04 06:46:57,5.9,69.2,3745.06,0.23,235
2026-08-04 06:47:02,9.5,69.2,3750.5,0.29,234
2026-08-04 06:47:07,7.9,69.4,3726.43,0.22,234
2026-08-04 06:47:12,13.1,69.4,3724.52,0.33,235
2026-08-04 06:47:17,9.5,69.2,3751.39,0.31,235
2026-08-04 06:47:22,10.5,69.2,3750.05,0.27,235
2026-08-04 06:47:27,6.4,69.2,3748.38,0.26,235
2026-08-04 06:47:32,8.3,69.1,3757.86,0.24,235
2026-08-04 06:47:37,8.2,69.1,3759.57,0.25,235
2026-08-04 06:47:42,14.3,69.8,3678.88,0.24,235
2026-08-04 06:47:47,12.1,69.8,3680.07,0.29,235
2026-08-04 06:47:52,8.4,69.6,3698.3,1.22,233
2026-08-04 06:47:57,13.5,69.4,3724.53,0.31,233
2026-08-04 06:48:02,16.8,69.8,3668.63,0.41,237
2026-08-04 06:48:07,12.5,69.8,3669.04,1.32,237
2026-08-04 06:48:12,15.7,70.0,3652.73,0.36,237
2026-08-04 06:48:17,12.0,69.7,3681.88,1.47,237
2026-08-04 06:48:22,10.3,69.9,3666.95,0.39,237
2026-08-04 06:48:27,15.2,69.9,3657.73,0.21,237
2026-08-04 06:48:32,20.7,70.3,3619.03,0.32,237
2026-08-04 06:48:37,24.6,70.3,3616.85,0.27,237
2026-08-04 06:48:42,28.2,70.5,3590.57,0.29,237
2026-08-04 06:48:47,30.9,70.5,3583.57,0.33,237
2026-08-04 06:48:52,19.3,70.7,3567.48,0.43,237
2026-08-04 06:48:57,12.5,70.7,3560.71,0.23,238
2026-08-04 06:49:02,13.1,70.7,3563.71,0.31,239
2026-08-04 06:49:07,10.1,70.5,3586.6,0.32,239
2026-08-04 06:49:12,10.3,70.5,3585.96,0.24,239
2026-08-04 06:49:17,9.7,70.5,3584.32,0.23,239
2026-08-04 06:49:22,10.3,70.5,3584.36,0.33,239
2026-08-04 06:49:27,10.3,70.6,3582.05,0.25,239
2026-08-04 06:49:32,11.1,70.5,3591.57,0.23,238
2026-08-04 06:49:37,9.7,70.5,3592.07,0.24,238
2026-08-04 06:49:42,9.5,70.5,3593.28,0.29,237
2026-08-04 06:49:47,8.8,70.5,3591.89,0.26,237
2026-08-04 06:49:52,9.5,70.5,3589.82,0.26,237
2026-08-04 06:49:57,10.3,70.4,3597.4,0.29,237
2026-08-04 06:50:02,10.0,70.4,3598.16,0.4,236
2026-08-04 06:50:07,10.1,70.6,3572.8,0.3,237
2026-08-04 06:50:12,10.7,70.6,3573.31,0.29,237
2026-08-04 06:50:17,9.0,70.7,3570.94,0.23,237
2026-08-04 06:50:22,9.8,70.7,3570.53,0.25,237
2026-08-04 06:50:27,8.9,70.6,3580.96,0.26,237
2026-08-04 06:50:32,9.6,70.6,3581.45,0.25,237
2026-08-04 06:50:37,9.4,70.4,3602.37,0.22,236
2026-08-04 06:50:42,10.4,70.3,3617.43,0.26,236
2026-08-04 06:50:47,10.5,70.4,3606.26,0.3,236
2026-08-04 06:50:52,11.1,70.3,3614.58,0.21,236
2026-08-04 06:50:57,10.5,70.3,3613.64,0.43,236
2026-08-04 06:51:02,11.2,69.9,3659.15,0.75,236
2026-08-04 06:51:07,8.9,70.0,3653.92,0.25,236
2026-08-04 06:51:12,10.0,70.0,3651.35,0.24,236
2026-08-04 06:51:17,10.0,69.9,3657.75,0.27,236
2026-08-04 06:51:22,10.3,69.9,3657.76,0.26,236
2026-08-04 06:51:27,10.1,69.9,3656.61,0.23,236
2026-08-04 06:51:32,9.8,70.0,3649.85,0.31,236
2026-08-04 06:51:37,10.2,70.0,3649.87,0.25,236
2026-08-04 06:51:42,14.8,70.0,3654.71,0.21,236
2026-08-04 06:51:47,11.3,70.0,3648.11,0.33,236
2026-08-04 06:51:52,13.4,69.9,3659.89,0.3,236
2026-08-04 06:51:57,12.5,69.9,3657.89,0.3,236
2026-08-04 06:52:02,12.0,70.0,3651.66,0.27,236
2026-08-04 06:52:07,12.2,69.8,3672.06,0.24,236
2026-08-04 06:52:12,15.1,70.1,3636.95,0.26,236
2026-08-04 06:52:17,21.5,70.3,3616.04,0.31,236
2026-08-04 06:52:22,20.3,71.0,3527.27,0.28,236
2026-08-04 06:52:27,19.8,71.1,3511.11,0.34,236
2026-08-04 06:52:32,18.7,70.1,3637.83,0.39,235
2026-08-04 06:52:37,33.3,71.3,3494.73,0.31,235
2026-08-04 06:52:42,26.2,71.6,3458.52,0.34,236
2026-08-04 06:52:47,53.3,73.1,3277.48,0.38,239
2026-08-04 06:52:52,16.4,72.5,3340.98,0.7,241
2026-08-04 06:52:57,15.1,72.3,3366.8,0.77,239
2026-08-04 06:53:02,21.5,72.1,3390.42,0.34,239
2026-08-04 06:53:07,15.6,72.0,3404.36,4.47,239
2026-08-04 06:53:12,15.5,70.8,3549.38,0.33,236
2026-08-04 06:53:17,40.5,72.0,3403.22,0.94,237
2026-08-04 06:53:22,37.6,72.4,3352.98,4.11,239
2026-08-04 06:53:27,28.5,72.4,3356.5,0.89,240
2026-08-04 06:53:32,14.9,72.0,3403.05,0.71,239
2026-08-04 06:53:37,27.2,73.0,3288.51,0.58,239
2026-08-04 06:53:42,25.2,73.5,3223.21,0.86,240
2026-08-04 06:53:47,25.6,73.8,3192.3,0.93,241
2026-08-04 06:53:52,22.1,73.8,3187.32,0.41,242
2026-08-04 06:53:57,13.6,73.2,3263.05,0.35,241
2026-08-04 06:54:02,11.7,73.1,3268.91,0.37,241
2026-08-04 06:54:07,11.4,72.9,3297.71,0.27,241
2026-08-04 06:54:12,19.1,73.1,3276.87,0.29,241
2026-08-04 06:54:17,32.3,73.4,3239.71,0.68,240
2026-08-04 06:55:42,21.7,73.3,3244.86,3.34,243
2026-08-04 06:56:42,16.0,73.7,3196.65,9.67,243
2026-08-04 06:56:47,32.2,74.2,3136.81,9.86,244
2026-08-04 06:56:52,28.5,74.2,3133.38,10.03,244
2026-08-04 06:56:57,31.1,74.0,3160.7,11.34,244
2026-08-04 06:57:42,13.3,74.6,3096.37,9.59,242
2026-08-04 06:57:47,26.5,74.5,3097.36,9.32,242
2026-08-04 06:57:52,24.8,74.7,3079.34,10.54,242
2026-08-04 07:00:43,26.8,77.6,2722.65,7.08,243
2026-08-04 07:00:48,67.1,78.5,2611.46,0.79,244
2026-08-04 07:00:53,54.7,78.0,2675.86,5.22,243
2026-08-04 07:00:58,31.4,77.7,2713.04,6.76,244
2026-08-04 07:01:03,33.9,78.7,2595.55,3.64,244
2026-08-04 07:01:08,33.4,78.0,2675.31,0.3,244
2026-08-04 07:01:13,50.4,78.3,2636.68,4.72,244
2026-08-04 07:01:18,35.3,78.7,2588.43,2.56,243
2026-08-04 07:01:23,33.6,77.6,2721.4,4.07,243
2026-08-04 07:01:28,27.5,77.4,2749.21,4.44,242
2026-08-04 07:01:33,32.6,77.4,2752.06,3.06,242
2026-08-04 07:01:38,53.0,79.3,2517.77,8.48,242
2026-08-04 07:01:43,45.0,78.2,2648.07,4.16,242
2026-08-04 07:01:48,34.1,78.2,2654.1,3.28,242
2026-08-04 07:01:53,32.3,78.2,2654.01,4.94,241
2026-08-04 07:01:58,25.3,78.3,2637.77,4.68,240
2026-08-04 07:02:03,52.6,80.2,2411.8,9.7,240
2026-08-04 07:02:08,48.2,78.5,2617.5,7.13,240
2026-08-04 07:02:13,29.6,78.9,2565.98,4.71,241
2026-08-04 07:02:18,29.5,79.4,2505.66,3.36,242
2026-08-04 07:02:23,25.0,79.5,2491.29,4.71,242
2026-08-04 07:02:28,31.8,80.8,2332.96,8.91,242
2026-08-04 07:02:33,60.2,79.9,2440.67,5.0,246
2026-08-04 07:02:38,56.2,80.3,2393.17,3.71,248
2026-08-04 07:02:43,42.2,80.4,2380.2,4.41,246
2026-08-04 07:02:48,22.3,80.5,2372.31,4.96,245
2026-08-04 07:02:53,47.6,81.5,2248.15,10.6,245
2026-08-04 07:02:58,48.4,78.0,2681.57,4.94,245
2026-08-04 07:03:03,27.0,77.9,2686.77,4.91,244
2026-08-04 07:03:08,24.6,78.6,2603.89,3.45,245
2026-08-04 07:03:13,32.8,78.1,2669.21,4.63,243
2026-08-04 07:03:18,28.2,76.8,2824.49,27.4,241
2026-08-04 07:03:41,30.8,76.5,2863.36,11.32,241
2026-08-04 07:03:46,54.4,76.9,2809.34,13.24,241
2026-08-04 07:04:42,18.7,72.3,3366.14,2.09,240
2026-08-04 07:04:47,46.1,74.8,3068.25,0.29,240
2026-08-04 07:04:52,15.7,75.4,2996.56,0.41,241
2026-08-04 07:04:57,14.4,75.1,3024.47,0.26,241
2026-08-04 07:05:02,52.0,75.9,2932.98,7.39,240
2026-08-04 07:05:07,48.0,75.5,2983.0,3.78,240
2026-08-04 07:05:12,35.1,75.4,2989.25,0.47,240
2026-08-04 07:05:17,44.7,75.4,2988.65,4.71,239
2026-08-04 07:05:22,40.5,75.4,2994.28,0.47,239
2026-08-04 07:05:27,23.3,75.4,2992.0,0.36,238
2026-08-04 07:05:32,49.9,75.6,2968.39,4.93,238
2026-08-04 07:05:37,14.2,75.7,2959.95,0.52,238
2026-08-04 07:05:42,16.7,76.0,2921.4,0.21,238
2026-08-04 07:05:47,14.6,76.0,2924.21,0.26,238
2026-08-04 07:05:52,16.1,75.8,2945.18,0.46,237
2026-08-04 07:05:57,37.7,77.3,2756.09,4.69,237
2026-08-04 07:06:02,30.3,76.2,2895.94,3.62,237
2026-08-04 07:06:07,16.9,76.2,2900.68,0.42,237
2026-08-04 07:06:12,19.4,76.7,2832.3,0.25,238
2026-08-04 07:06:17,13.3,76.8,2825.1,0.23,238
2026-08-04 07:06:22,25.8,77.9,2684.7,4.66,238
2026-08-04 07:06:27,22.7,76.4,2869.0,0.57,238
2026-08-04 07:06:32,13.0,76.4,2870.23,0.25,237
2026-08-04 07:06:37,27.0,76.7,2832.07,0.41,238
2026-08-04 07:06:42,21.6,76.2,2901.73,0.35,237
2026-08-04 07:06:47,31.6,78.3,2642.15,3.37,237
2026-08-04 07:06:52,57.5,73.4,3240.11,5.04,231
2026-08-04 07:07:42,14.5,73.4,3238.59,1.01,237
2026-08-04 07:07:47,12.3,73.3,3248.62,0.42,237
2026-08-04 07:07:52,11.7,72.9,3292.15,0.37,236
2026-08-04 07:07:57,10.5,72.9,3291.42,0.23,236
2026-08-04 07:08:02,13.4,73.1,3276.5,0.7,236
2026-08-04 07:08:07,45.8,74.9,3056.47,3.15,235
2026-08-04 07:08:12,16.7,73.5,3223.11,0.72,235
2026-08-04 07:08:17,14.3,73.1,3273.33,0.25,235
2026-08-04 07:08:22,12.2,73.1,3271.92,0.28,235
2026-08-04 07:08:27,10.3,73.1,3278.28,0.32,235
2026-08-04 07:08:32,20.3,74.9,3058.28,0.25,235
2026-08-04 07:08:37,35.5,73.0,3290.97,3.75,235
2026-08-04 07:08:42,14.1,73.2,3265.61,0.35,235
2026-08-04 07:08:47,13.6,73.9,3175.07,0.26,237
2026-08-04 07:08:52,14.2,73.6,3207.48,0.25,237
2026-08-04 07:08:57,37.9,75.4,2991.53,1.65,237
2026-08-04 07:09:02,86.3,76.0,2925.3,5.06,240
2026-08-04 07:09:07,43.8,74.1,3148.56,2.3,241
2026-08-04 07:09:12,15.5,73.9,3174.46,1.19,240
2026-08-04 07:09:17,31.4,74.4,3114.19,2.59,243
2026-08-04 07:09:22,38.9,78.5,2615.33,3.45,243
2026-08-04 07:09:27,50.3,83.8,1975.63,118.28,242
2026-08-04 07:09:32,36.2,73.4,3232.34,18.84,236
2026-08-04 07:09:37,22.0,75.7,2951.48,0.64,242
2026-08-04 07:09:42,26.2,76.3,2878.62,0.22,242
2026-08-04 07:09:47,19.7,77.0,2799.33,0.27,242
2026-08-04 07:09:52,33.8,78.8,2577.16,0.39,242
2026-08-04 07:09:57,58.0,78.4,2632.65,3.64,243
2026-08-04 07:12:41,20.2,72.3,3365.7,0.89,236
2026-08-04 07:12:46,33.1,72.9,3300.15,0.39,238
2026-08-04 07:12:51,26.9,72.9,3294.04,0.63,238
2026-08-04 07:12:56,48.4,73.4,3230.76,4.4,236
2026-08-04 07:13:01,37.1,73.8,3190.73,3.97,236
2026-08-04 07:13:06,19.7,73.8,3183.61,0.47,239
2026-08-04 07:13:11,12.2,73.9,3181.04,0.44,239
2026-08-04 07:13:16,12.2,73.3,3251.77,0.36,237
2026-08-04 07:13:21,15.3,73.3,3248.68,1.21,237
2026-08-04 07:13:26,25.2,73.4,3234.62,5.42,237
2026-08-04 07:13:31,27.7,73.8,3192.55,1.36,237
2026-08-04 07:13:36,21.5,73.7,3203.79,0.33,237
2026-08-04 07:13:41,29.5,74.1,3152.45,0.3,237
2026-08-04 07:13:46,28.9,74.1,3150.69,0.25,237
2026-08-04 07:13:51,34.1,75.6,2968.61,0.36,239
2026-08-04 07:13:56,27.8,75.5,2984.63,0.29,239
2026-08-04 07:14:01,32.5,77.7,2717.75,0.35,240
2026-08-04 07:14:06,28.6,78.9,2570.14,0.46,239
2026-08-04 07:14:11,25.3,78.7,2591.31,0.53,238
2026-08-04 07:15:42,15.5,74.1,3156.07,0.08,235
2026-08-04 07:15:47,15.9,74.3,3123.16,0.25,235
2026-08-04 07:15:52,17.3,74.4,3114.24,0.36,237
2026-08-04 07:15:57,13.6,74.3,3125.05,0.29,237
2026-08-04 07:16:02,14.7,74.3,3132.68,0.3,237
2026-08-04 07:16:07,20.2,74.4,3115.38,0.3,237
2026-08-04 07:16:12,20.0,74.2,3138.68,0.34,236
2026-08-04 07:16:17,12.7,73.7,3194.02,0.29,236
2026-08-04 07:16:22,14.2,73.7,3205.01,0.25,236
2026-08-04 07:16:27,12.1,73.7,3204.91,0.25,236
2026-08-04 07:16:32,28.1,74.3,3123.39,0.3,236
2026-08-04 07:16:37,30.7,74.4,3109.53,0.28,235
2026-08-04 07:16:42,16.2,74.3,3127.25,0.33,235
2026-08-04 07:16:47,18.6,74.2,3133.69,0.27,236
2026-08-04 07:16:52,34.3,74.6,3091.74,0.26,236
2026-08-04 07:16:57,47.2,74.3,3126.4,0.29,236
2026-08-04 07:17:02,63.9,73.2,3259.51,0.73,236
2026-08-04 07:18:42,9.2,73.2,3263.46,0.22,234
2026-08-04 07:18:47,25.8,72.8,3311.87,0.35,234
2026-08-04 07:18:52,21.6,72.5,3340.8,0.24,234
2026-08-04 07:18:57,31.9,72.7,3318.16,0.27,234
2026-08-04 07:19:02,28.3,72.6,3328.8,0.31,235
2026-08-04 07:19:07,26.4,72.4,3353.45,0.45,235
2026-08-04 07:19:12,24.2,72.4,3356.61,0.25,235
2026-08-04 07:19:17,27.5,72.4,3355.06,0.37,235
2026-08-04 07:19:22,51.7,73.4,3240.85,0.33,235
2026-08-04 07:19:27,46.6,74.4,3119.47,0.34,235
2026-08-04 07:19:32,51.7,74.8,3070.74,0.67,235
2026-08-04 07:19:37,62.1,74.4,3111.45,0.3,234
2026-08-04 07:19:42,64.0,74.4,3116.19,0.41,236
2026-08-04 07:19:47,63.5,73.8,3185.97,3.52,236
2026-08-04 07:19:52,79.1,73.9,3179.0,6.16,236
2026-08-04 07:19:57,59.5,73.0,3290.59,7.86,236
2026-08-04 07:20:02,90.0,73.1,3268.8,8.15,236
2026-08-04 07:20:07,77.9,73.2,3265.46,7.86,236
2026-08-04 07:20:12,76.2,73.1,3278.93,6.84,236
2026-08-04 07:20:20,91.1,73.8,3192.91,6.85,236
2026-08-04 07:20:27,87.7,73.7,3198.5,7.11,236
2026-08-04 07:20:33,87.9,73.1,3268.6,8.08,236
2026-08-04 07:20:38,77.8,73.3,3247.95,8.7,236
2026-08-04 07:20:45,92.0,73.6,3208.88,8.26,237
2026-08-04 07:20:58,100.0,73.8,3188.23,6.42,238
2026-08-04 07:21:06,100.0,74.6,3087.75,2.67,237
2026-08-04 07:21:17,98.4,74.8,3069.68,4.44,237
2026-08-04 07:21:35,99.5,76.4,2875.68,5.13,237
2026-08-04 07:21:42,99.9,76.6,2849.49,4.34,237
2026-08-04 07:21:49,96.7,76.1,2902.64,5.04,236
2026-08-04 07:21:55,96.1,75.7,2951.37,4.65,236
2026-08-04 07:22:02,98.8,75.6,2964.58,8.8,236
2026-08-04 07:22:07,99.9,75.8,2944.65,8.79,236
2026-08-04 07:22:12,100.0,76.2,2901.23,9.01,236
2026-08-04 07:22:18,100.0,75.3,3006.58,9.0,235
2026-08-04 07:22:24,99.9,75.9,2932.95,9.33,235
2026-08-04 07:22:30,100.0,75.4,2988.55,6.3,235
2026-08-04 07:22:36,99.9,76.0,2920.97,5.51,236
2026-08-04 07:22:42,91.2,75.2,3013.09,3.57,236
2026-08-04 07:22:48,95.9,75.7,2951.41,6.08,236
2026-08-04 07:22:53,73.7,75.5,2985.12,9.3,236
2026-08-04 07:22:58,68.1,75.4,2992.17,8.83,236
2026-08-04 07:23:03,65.3,76.3,2888.71,8.73,236
2026-08-04 07:23:08,94.9,75.5,2981.69,8.66,237
2026-08-04 07:23:13,98.1,75.7,2951.89,9.28,236
2026-08-04 07:23:18,85.6,75.9,2927.92,6.38,236
2026-08-04 07:23:23,73.7,76.1,2906.21,8.16,236
2026-08-04 07:23:28,78.3,76.4,2876.68,10.54,236
2026-08-04 07:23:33,66.8,77.1,2785.0,8.94,236
2026-08-04 07:23:38,51.2,76.6,2850.65,9.53,238
2026-08-04 07:23:43,86.8,76.9,2814.8,7.4,238
2026-08-04 07:23:49,96.1,76.6,2842.1,5.67,237
2026-08-04 07:23:54,70.0,76.9,2814.95,8.04,237
2026-08-04 07:23:59,55.1,76.8,2827.97,8.97,237
2026-08-04 07:24:04,69.7,76.8,2823.41,9.04,237
2026-08-04 07:24:09,64.3,77.0,2797.98,8.53,238
2026-08-04 07:24:14,68.6,77.0,2803.04,7.63,238
2026-08-04 07:24:19,65.9,77.9,2694.79,7.99,238
2026-08-04 07:24:24,82.9,77.2,2768.78,6.52,238
2026-08-04 07:24:29,76.2,77.3,2765.22,7.29,238
2026-08-04 07:24:34,86.4,78.1,2667.52,6.64,239
2026-08-04 07:24:39,67.8,77.9,2692.13,9.88,239
2026-08-04 07:24:44,84.6,78.2,2650.07,8.33,239
2026-08-04 07:24:49,58.6,78.2,2648.57,9.3,239
2026-08-04 07:24:54,71.8,78.2,2655.43,8.09,239
2026-08-04 07:24:59,66.2,78.3,2639.32,9.54,239
2026-08-04 07:25:04,91.6,79.4,2511.93,8.72,239
2026-08-04 07:25:09,62.9,78.9,2568.71,6.93,239
2026-08-04 07:25:14,73.7,79.0,2557.86,8.27,239
2026-08-04 07:25:19,69.1,79.2,2526.53,7.04,239
2026-08-04 07:25:24,80.0,79.2,2527.52,6.68,242
2026-08-04 07:25:29,83.8,79.5,2494.02,6.57,241
2026-08-04 07:25:34,96.6,79.0,2552.0,5.74,241
2026-08-04 07:25:40,99.8,79.2,2526.71,5.55,241
2026-08-04 07:25:45,91.7,79.8,2453.16,5.37,241
2026-08-04 07:25:50,66.2,79.7,2468.56,7.13,241
2026-08-04 07:25:55,68.2,80.4,2389.54,8.29,241
2026-08-04 07:26:00,86.6,80.2,2413.59,6.73,240
2026-08-04 07:26:05,77.1,80.1,2423.2,4.91,245
2026-08-04 07:26:10,48.8,82.7,2109.88,4.62,241
2026-08-04 07:26:15,60.9,84.9,1831.48,3.33,240
2026-08-04 07:26:20,54.8,86.2,1676.22,2.67,236
2026-08-04 07:26:25,51.3,86.3,1661.93,2.55,236
2026-08-04 07:26:30,47.8,86.7,1616.28,2.76,236
2026-08-04 07:26:35,53.7,87.0,1586.37,4.22,237
2026-08-04 07:26:40,51.5,87.0,1587.02,8.92,237
2026-08-04 07:26:45,69.0,87.1,1565.36,7.33,237
2026-08-04 07:26:50,49.8,87.1,1569.19,11.21,237
2026-08-04 07:26:55,66.7,77.8,2696.03,35.15,237
2026-08-04 07:27:00,69.9,77.5,2739.07,7.7,237
2026-08-04 07:27:05,57.9,77.5,2739.05,8.37,236
2026-08-04 07:27:10,75.8,77.9,2684.87,7.67,237
2026-08-04 07:27:15,56.7,78.6,2599.14,6.24,237
2026-08-04 07:27:20,47.5,78.2,2648.88,9.6,237
2026-08-04 07:27:25,41.2,77.1,2785.07,10.21,235
2026-08-04 07:27:30,48.5,76.5,2860.65,0.29,235
2026-08-04 07:27:35,52.8,76.4,2873.02,0.41,235
2026-08-04 07:27:40,45.0,76.3,2886.11,0.26,235
2026-08-04 07:27:45,68.4,76.2,2895.74,0.54,234
2026-08-04 07:27:50,49.1,76.1,2910.03,0.51,234
2026-08-04 07:27:55,46.2,76.3,2888.07,0.26,234
2026-08-04 07:28:00,50.8,76.4,2875.0,0.29,234
2026-08-04 07:28:05,49.1,76.5,2857.79,0.3,234
2026-08-04 07:28:10,56.5,76.7,2838.59,0.33,234
2026-08-04 07:28:15,54.0,76.7,2830.95,0.27,236
2026-08-04 07:28:20,50.3,76.2,2894.84,0.39,234
2026-08-04 07:28:25,43.2,76.3,2888.73,0.34,234
2026-08-04 07:28:30,39.2,76.3,2884.35,0.3,234
2026-08-04 07:28:35,48.3,76.3,2885.94,0.3,234
2026-08-04 07:28:40,44.0,76.5,2854.72,0.27,234
2026-08-04 07:28:45,52.2,76.3,2881.18,0.31,233
2026-08-04 07:28:50,48.7,76.3,2884.99,0.31,233
2026-08-04 07:28:55,49.6,76.7,2837.9,0.3,234
2026-08-04 07:29:00,42.7,76.7,2836.66,0.29,234
2026-08-04 07:29:05,56.0,77.2,2773.73,0.3,236
2026-08-04 07:29:10,56.2,77.3,2761.29,0.4,235
2026-08-04 07:29:15,56.3,77.2,2771.81,0.29,235
2026-08-04 07:29:20,64.5,77.3,2764.79,1.51,237
2026-08-04 07:29:25,73.4,77.4,2749.24,8.61,236
2026-08-04 07:29:31,87.6,78.0,2671.82,8.02,235
2026-08-04 07:29:38,98.6,78.0,2679.23,2.7,234
2026-08-04 07:29:43,96.7,77.9,2691.85,6.77,234
2026-08-04 07:29:49,96.6,77.1,2780.73,6.47,234
2026-08-04 07:29:54,97.7,77.3,2756.31,7.19,234
2026-08-04 07:30:00,94.5,78.0,2676.3,5.62,234
2026-08-04 07:30:05,98.4,78.2,2657.34,6.93,234
2026-08-04 07:30:11,99.9,77.6,2719.62,7.56,234
2026-08-04 07:30:16,97.5,78.2,2652.45,6.26,235
2026-08-04 07:30:21,100.0,78.1,2666.43,5.45,238
2026-08-04 07:30:26,97.6,78.2,2647.02,0.47,238
2026-08-04 07:30:31,79.4,78.2,2655.77,0.42,238
2026-08-04 07:30:36,69.9,78.5,2616.2,0.43,238
2026-08-04 07:30:41,52.2,77.8,2700.06,0.25,238
2026-08-04 07:30:46,62.5,77.9,2684.34,0.33,238
2026-08-04 07:30:51,40.3,78.4,2624.11,0.28,237
2026-08-04 07:30:56,56.6,77.7,2713.73,0.68,236
2026-08-04 07:31:01,62.4,77.7,2718.0,0.31,236
2026-08-04 07:31:06,82.8,77.8,2697.02,0.34,236
2026-08-04 07:31:11,82.5,78.0,2672.79,0.3,236
2026-08-04 07:31:16,76.9,79.3,2514.15,0.27,236
2026-08-04 07:31:22,97.3,78.6,2608.89,1.5,236
2026-08-04 07:31:27,99.8,80.0,2433.05,0.31,237
2026-08-04 07:31:35,99.9,79.5,2494.04,0.19,237
2026-08-04 07:31:46,100.0,79.2,2534.71,0.15,237
2026-08-04 07:31:57,99.9,78.3,2642.7,0.2,237
2026-08-04 07:32:02,95.1,78.5,2616.07,0.34,237
2026-08-04 07:32:07,63.3,78.6,2600.84,2.33,237
2026-08-04 07:32:12,60.0,79.1,2541.14,3.37,238
2026-08-04 07:32:17,66.4,78.9,2561.33,2.5,238
2026-08-04 07:32:22,59.9,78.8,2579.75,2.76,238
2026-08-04 07:32:27,52.4,78.9,2564.45,1.93,238
2026-08-04 07:32:32,51.3,78.7,2591.38,3.17,237
2026-08-04 07:32:37,55.7,78.7,2590.45,3.62,237
2026-08-04 07:32:42,64.1,78.5,2617.57,0.3,237
2026-08-04 07:32:47,76.5,78.7,2597.04,1.37,237
2026-08-04 07:32:52,58.5,79.6,2486.55,1.86,237
2026-08-04 07:32:57,48.9,79.8,2452.88,1.46,237
2026-08-04 07:33:02,64.8,79.8,2453.86,2.81,238
2026-08-04 07:33:07,56.8,79.9,2447.07,2.67,238
2026-08-04 07:33:12,46.6,80.3,2401.0,2.55,238
2026-08-04 07:33:17,66.8,79.9,2449.61,3.3,238
2026-08-04 07:33:22,54.8,79.7,2465.45,3.33,237
2026-08-04 07:33:27,57.3,79.6,2486.8,2.56,237
2026-08-04 07:33:32,61.0,79.4,2507.72,3.61,236
2026-08-04 07:33:37,60.9,79.1,2539.87,3.33,235
2026-08-04 07:33:42,75.5,79.4,2504.8,2.8,235
2026-08-04 07:33:47,73.5,79.4,2501.48,3.33,235
2026-08-04 07:33:52,54.1,79.6,2481.27,3.35,235
2026-08-04 07:33:57,50.2,79.9,2448.24,2.52,235
2026-08-04 07:34:02,52.0,80.0,2427.68,3.31,235
2026-08-04 07:34:07,50.2,80.3,2400.31,3.51,235
2026-08-04 07:34:12,53.3,80.4,2389.84,2.48,235
2026-08-04 07:34:17,48.5,80.6,2358.29,3.51,235
2026-08-04 07:34:22,45.6,81.1,2298.61,3.92,235
2026-08-04 07:34:27,62.1,81.1,2301.2,2.8,235
2026-08-04 07:34:32,60.9,81.1,2304.36,3.67,235
2026-08-04 07:34:37,68.4,80.6,2354.63,22.39,236
2026-08-04 07:34:42,65.2,80.9,2322.69,2.87,236
2026-08-04 07:34:47,70.8,81.0,2305.81,3.71,236
2026-08-04 07:34:52,56.0,81.4,2262.28,4.13,242
2026-08-04 07:34:57,48.6,79.2,2534.68,2.96,240
2026-08-04 07:35:02,56.9,79.4,2505.05,4.03,240
2026-08-04 07:35:07,52.4,79.0,2549.27,3.55,235
2026-08-04 07:35:12,49.4,79.3,2523.14,2.42,235
2026-08-04 07:35:17,48.9,79.5,2498.59,2.46,235
2026-08-04 07:35:22,58.1,79.8,2453.35,5.9,235
2026-08-04 07:35:27,63.4,75.9,2927.8,23.49,235
2026-08-04 07:35:32,60.9,75.7,2954.69,0.33,235
2026-08-04 07:35:37,58.5,75.9,2937.7,0.34,235
2026-08-04 07:35:42,65.4,76.1,2911.2,0.27,235
2026-08-04 07:35:47,87.7,76.1,2911.14,5.02,234
2026-08-04 07:35:52,74.1,76.1,2908.65,8.27,234
2026-08-04 07:35:57,80.4,75.8,2946.9,5.46,234
2026-08-04 07:36:03,96.1,76.4,2866.12,5.18,234
2026-08-04 07:36:11,98.7,76.6,2852.54,2.17,235
2026-08-04 07:36:18,100.0,77.4,2747.14,3.5,235
2026-08-04 07:36:26,99.9,77.0,2802.27,2.93,235
2026-08-04 07:36:33,100.0,77.5,2731.8,4.14,235
2026-08-04 07:36:39,99.9,76.8,2817.28,3.26,235
2026-08-04 07:36:45,100.0,76.9,2806.73,4.43,235
2026-08-04 07:36:50,99.9,77.2,2768.69,5.71,235
2026-08-04 07:36:55,100.0,77.3,2767.09,5.59,235
2026-08-04 07:37:01,100.0,76.6,2847.2,4.72,235
2026-08-04 07:37:06,99.9,77.2,2774.89,4.33,236
2026-08-04 07:37:11,98.7,77.3,2761.98,5.89,236
2026-08-04 07:37:16,92.2,77.0,2803.59,5.4,235
2026-08-04 07:37:21,98.0,76.5,2863.38,15.09,235
2026-08-04 07:37:26,97.0,75.6,2972.65,10.88,235
2026-08-04 07:37:31,82.3,75.1,3033.78,6.41,235
2026-08-04 07:37:36,76.3,75.6,2974.88,8.16,235
2026-08-04 07:37:41,86.6,74.5,3097.91,6.66,235
2026-08-04 07:37:47,97.3,74.7,3079.93,4.74,233
2026-08-04 07:37:52,92.4,76.1,2909.25,2.73,230
2026-08-04 07:37:57,98.1,75.1,3033.05,0.39,230
2026-08-04 07:38:02,99.9,76.7,2836.68,0.64,231
2026-08-04 07:38:07,86.8,77.2,2774.4,0.39,231
2026-08-04 07:38:12,84.5,77.7,2710.89,0.51,232
2026-08-04 07:38:17,74.6,78.4,2629.08,0.35,232
2026-08-04 07:38:22,84.2,78.7,2585.86,0.36,232
2026-08-04 07:38:27,86.0,79.5,2496.16,2.02,234
2026-08-04 07:38:32,59.1,80.3,2397.72,0.47,234
2026-08-04 07:38:37,55.9,80.0,2431.74,0.31,234
2026-08-04 07:38:42,66.0,80.1,2416.89,0.5,234
2026-08-04 07:38:47,57.7,74.2,3134.23,0.28,232
2026-08-04 07:38:52,17.3,74.6,3088.83,0.27,232
2026-08-04 07:38:57,19.0,74.3,3132.24,0.54,232
2026-08-04 07:39:02,19.7,74.0,3168.27,0.27,232
2026-08-04 07:39:07,33.9,74.4,3112.75,4.25,233
2026-08-04 07:39:12,21.3,74.4,3109.43,0.34,233
2026-08-04 07:39:17,22.1,74.4,3119.6,0.26,233
2026-08-04 07:39:22,26.6,74.4,3114.01,0.25,233
2026-08-04 07:39:27,22.8,74.3,3122.65,0.33,233
2026-08-04 07:39:32,20.5,74.3,3123.51,0.31,233
2026-08-04 07:39:37,18.6,74.0,3163.61,0.29,232
2026-08-04 07:39:42,23.9,73.9,3175.79,0.32,232
2026-08-04 07:39:47,20.3,74.0,3164.09,0.33,232
2026-08-04 07:39:52,19.2,74.0,3162.49,0.23,232
2026-08-04 07:39:57,38.8,75.0,3039.07,0.35,232
2026-08-04 07:40:02,81.3,75.2,3017.94,0.42,232
2026-08-04 07:40:07,42.7,75.1,3028.92,0.44,232
2026-08-04 07:40:12,68.6,75.2,3016.19,0.38,232
2026-08-04 07:40:17,41.9,75.3,3006.53,0.46,232
